{
	"VoidUI_endless_assault" : "Assaut Infini",
	"VoidUI_assault_1" : "Plus de collaborations",
	"VoidUI_assault_2" : "Haha, votre payday est maudit, haha",
	"VoidUI_assault_3" : "Terminez l'assaut pour tuer le capitaine",
	"VoidUI_assault_4" : ":awkward:",
	"VoidUI_assault_5" : "À quel point ce truc est long de toutes façons?!",
	"VoidUI_assault_6" : "C'est l'alarme les gars, c'est foutu maintenant",
	"VoidUI_assault_7" : "Payday 2 n'aura pas microtransactions (Honte à vous si vous pensiez autrement!)",
	"VoidUI_assault_8" : "Que quelqu'un dise à la direction qu'on est pas prêts pour ce bordel",
	"VoidUI_assault_9" : "Les gars, la perceuse thermique, allez la chercher",
	"VoidUI_assault_10" : "Putain, on avait besoin de ces cuisiniers",
	"VoidUI_assault_11" : "J'éspère que vous utilisez les compétences de silencieux",
	"VoidUI_assault_12" : "Bain est un civil",
	"VoidUI_assault_13" : "Le Dark Souls des jeux de braquage.",
	"VoidUI_assault_14" : "N'essayez pas ceci dans la réalité",
	"VoidUI_assault_15" : "Si vous voyez ceci, postez-le sur Reddit",
	"VoidUI_assault_16" : "You cheated by using invalid weapon or weapon mod",
	"VoidUI_assault_17" : "Local streamer becomes funny easter egg line",
	"VoidUI_assault_18" : "IL FAUT SAUVER HOXTON",
	"VoidUI_assault_19" : "La perceuse est coincée",
	"VoidUI_assault_20" : ">Insert english PD2 meme that french translation would ruin here<",
	"VoidUI_assault_21" : "Vous avez été expulsez de la partie.",
	"VoidUI_assault_22" : "Le message secret d'assaut est juste cosmétique",
	"VoidUI_assault_23" : "Ils ont des imprimantes colorées en Russie?",
	"VoidUI_assault_24" : "Perceuse Thermale: Le jeu de cartes PAYDAY 2",
	"VoidUI_assault_25" : "Apprenez à viser",
	"VoidUI_assault_26" : "Agenouillez-vous devant la bannière d'assaut!",
	
	"VoidUI_options_title" : "Void UI",
	"VoidUI_options_desc" : "Permet de modifier le comportement de Void UI",  
	"VoidUI_hud_scale_title" : "Taille du HUD",
	"VoidUI_hud_scale_desc" : "Modifie la taille de l'ensemble des éléments de Void UI. Ces éléments peuvent être modifiés séparément",
	"VoidUI_enable_blackscreen_title" : "Activer l'introduction customisée",
	"VoidUI_enable_blackscreen_desc" : "Active l'introduction de Void UI au début d'un braquage (écran noir avec la difficulté)",
	"VoidUI_outlines_title" : "Contours colorisés pour les convertis",
	"VoidUI_outlines_desc" : "Permet de coloriser les contours des policiers convertis en fonction de leur propriétaire",
	"VoidUI_assault_lines_title" : "Alertes d'assauts",
	"VoidUI_assault_lines_desc" : "Réintroduit les avertissements de Bain pour le prochain assaut. \nLéger: Avertissement toutes les 30s. Standard: Avertissements toutes les 30,20 et 10s, come dans PDTH.",
	"VoidUI_reset_title" : "Réinitialliser les options",
	"VoidUI_reset_desc" : "Restaure toutes les options par défaut",
	"VoidUI_reset_confirm" : "Êtes-vous sûr de vouloir réinitialliser les options et restaurer celles par défaut? Cette action est irréversible.",
	"VoidUI_warning_title" : "Options changées",
	"VoidUI_warning_desc" : "Certains changement ne prendront pas effet avant le prochain braquage",
	"VoidUI_warning_confirm" : "Ne pas rappeller",
	
	"VoidUI_hudteammate_title" : "Panneaux du joueur et des coéquipiers",
	"VoidUI_hudteammate_desc" : "Comprend les options en rapport avec les panneaux du joueur et ses coéquipiers (barre de vie, munitions, etc.)",
	"VoidUI_teammate_panels_title" : "Activer les panneaux du joueur et ses coéquipiers",
	"VoidUI_teammate_panels_decs" : "Activer les panneaux Void UI du joueur et ses coéquipiers",
	
	"VoidUI_main_panel" : "Panneau du joueur",	
	"VoidUI_main_scale_title" : "Taille du HUD",
	"VoidUI_main_scale_desc" : "Modifie la taille du HUD (panneau) du joueur",	
	"VoidUI_main_health_title" : "Mesure de la vie",
	"VoidUI_main_health_desc" : "Modifie la manière dont la vie est présentée. \nPourcentage: Montre votre quantité de vie en pourcentages, Valeur réelle: Montre la quantité de vie réelle",
	"VoidUI_main_anim_time_title" : "Temps d'animation de la barre de vie",
	"VoidUI_main_anim_time_desc" : "Modifie la vitesse à laquelle l'animation de gain/perte de vie se fait (en secondes)",
	"VoidUI_armor_title" : "Mesure de l'armure",
	"VoidUI_armor_desc" : "Modifie la manière dont l'armure est présentée. \nPourcentage: Montre votre quantité d'armure en pourcentages, Valeur réelle: Montre la quantité d'armure réelle",
	"VoidUI_total_title" : "Munitions restantes réelles",  	    
	"VoidUI_total_decs" : "Montre le nombre de balles restantes que vous avez (excluant le nombre de balles dans le chargeur. Attention : cette valeur se lit après le slash) et non pas le total de vos munitions",	
	"VoidUI_main_loud_title" : "Nombre de downs",  	    
	"VoidUI_main_loud_desc" : "Montre le nombre de fois que vous pouvez être abattu avant d'aller en prison (bruyant uniquement)",
	"VoidUI_main_stealth_title" : "Montrer les sacs mortuaires",  	    
	"VoidUI_main_stealth_desc" : "Montre le nombre de sacs mortuaires restants (infiltration uniquement)",	
	"VoidUI_ammo_pickup_title" : "Montrer les munitions ramassées",  	    
	"VoidUI_ammo_pickup_desc" : "Montre les munitions ramassées (+x munitions) dans le panneau",		

	"VoidUI_mate_panel" : "Panneau des coéquipiers",	
	"VoidUI_mate_scale_title" : "Taille du HUD des coéquipiers",
	"VoidUI_mate_scale_desc" : "Modifie la taille du HUD (panneau) des coéquipiers",   
	"VoidUI_mate_health_desc" : "Modifie la manière dont la vie des coéquipiers est présentée. \nPourcentage: Montre votre quantité de vie en pourcentages, Valeur réelle: Montre la quantité de vie réelle",
	"VoidUI_mate_anim_time_desc" : "Modifie la vitesse à laquelle l'animation de gain/perte de vie des coéquipiers se fait (en secondes)",
	"VoidUI_mate_armor_desc" : "Modifie la manière dont l'armure des coéquipiers est présentée. \nPourcentage: Montre votre quantité d'armure en pourcentages, Valeur réelle: Montre la quantité d'armure réelle",
	"VoidUI_mate_loud_title" : "Nombre de downs des coéquipiers",  	    
	"VoidUI_mate_loud_desc" : "Montre le nombre de fois que vos coéquipiers peuvent être abattus avant d'aller en prison (bruyant uniquement)",
	"VoidUI_mate_stealth_title" : "Montrer le risque de détection",  	    
	"VoidUI_mate_stealth_desc" : "Montrer le risque de détection de vos coéquipiers dans leurs barres de vie respectives (infiltration uniquement)",	
	"VoidUI_mate_name_title" : "Montrer le rang et le niveau de vos coéquipiers",  	    
	"VoidUI_mate_name_desc" : "Montre le rang et le niveau de vos coéquipiers avant leur noms (au dessus de leur panneau)",
	"VoidUI_mate_interact_title" : "Temps d'interaction",  	    
	"VoidUI_mate_interact_desc" : "Montre le temps restant d'interact",
	"VoidUI_fire_auto" : "Auto",
	"VoidUI_fire_semi" : "Semi",
	"VoidUI_fire_burst" : "Burst",
	
	"VoidUI_objectives_title" : "Temps et Objectifs",
	"VoidUI_objectives_desc" : "Options relatives au panneau de temps et au panneau d'objectif",
	"VoidUI_objectives_scale_title" : "Taille des panneaux",
	"VoidUI_objectives_scale_desc" : "Modifie la taille du panneau de temps et d'objectifs",
	"VoidUI_objectives_show_timer_title" : "Montrer le panneau de temps",
	"VoidUI_objectives_show_timer_desc" : "Montre le panneau de temps \nCacher: Ne jamais montrer, Sur l'écran statistique: Montrer uniquement si l'écran statistique est ouvert, Montrer: Toujours montrer",
	"VoidUI_timer_panel" : "Panneau de temps",
	"VoidUI_enable_timer_title" : "Activer le panneau de temps",
	"VoidUI_enable_timer_desc" : "Active le panneau de temps customisé de Void UI",
	"VoidUI_levelname_title" : "Braquage du jour actuel",
	"VoidUI_levelname_desc" : "Montre le nom du braquage que vous êtes en train de commettre",
	"VoidUI_ghost_title" : "Montrer l'îcone de fantôme",
	"VoidUI_ghost_desc" : "Montre un îcone si le braquage peut encore être fait de manière discrète. L'îcone devient rouge si le braquage ne peut plus être fait discrètement",
	"VoidUI_loot_title" : "Montrer le butin sécurisé",
	"VoidUI_loot_desc" : "Montre le nombre de sacs de butin sécurisés lors du braquage",
	"VoidUI_objectives_panel" : "Panneau d'objectif",
	"VoidUI_enable_objectives_title" : "Activer le panneau d'objectif",
	"VoidUI_enable_objectives_desc" : "Active le panneau d'objectifs de mission customisé de Void UI",
	"VoidUI_objective_history_title" : "Historique d'objectifs",
	"VoidUI_objective_history_desc" : "Détermine le nombre d'objectifs déjà accomplis affichés sur le HUD. 0 = aucun (seul l'objectif actuel sera affiché)",
	"VoidUI_objectives_show_title" : "Montrer le panneau d'objectif",
	"VoidUI_objectives_show_desc" : "Montrer le panneaux d'objectif \nCacher: Ne jamais montrer, Sur l'écran statistique: Montrer uniquement si l'écran statistique est ouvert, Montrer: Toujours montrer",
	
	"VoidUI_assault_title" : "Panneau d'Assaut",
	"VoidUI_assault_desc" : "Options relatives au panneau d'assaut et à la barre d'assaut",	
	"VoidUI_enable_assault_title" : "Activer le panneau d'assaut",
	"VoidUI_enable_assault_decs" : "Active le panneau d'assaut customisé de Void UI",
	"VoidUI_assault_scale_title" : "Taille du panneau",
	"VoidUI_assault_scale_desc" : "Permet de modifier la taille du panneau d'assaut",
	"VoidUI_badge_title" : "Badge de la police",
	"VoidUI_badge_desc" : "Affiche un badge de la police durant un assaut",
	"VoidUI_badge_anim_title" : "Animation de pulsion du badge",
	"VoidUI_badge_anim_desc" : "Anime le badge de la police avec un effet de pulsation",
	"VoidUI_hostages_title" : "Séparer les otages",
	"VoidUI_hostages_desc" : "Affiche les otages civils et policiers dans deux panneaux différents (bruyant uniquement)",
	"VoidUI_pagers_title" : "Montrer les bipeurs (pagers)",
	"VoidUI_pagers_desc" : "Montre le nombre de bipeurs restants (infiltration uniquement)",
	"VoidUI_jammer_title" : "Montrer les brouilleurs",
	"VoidUI_jammer_desc" : "Montre le temps de batterie restant des brouilleurs ECM (infiltration uniquement)",
	
	"VoidUI_chat_clipboard" : "Méssage copié dans le presse-papiers",
	"VoidUI_chat_title" : "Chat",
	"VoidUI_chat_desc" : "Options relatives au chat entre joueurs",
	"VoidUI_enable_chat_title" : "Activer le chat",
	"VoidUI_enable_chat_decs" : "Utilise le chat customisé de Void UI",
	"VoidUI_chat_scale_title" : "Taille du chat",
	"VoidUI_chat_scale_desc" : "Permet de définir la taille du panneau de chat entre joueurs",
	"VoidUI_chat_mouse_title" : "Activer le curseur",
	"VoidUI_chat_mouse_desc" : "Débloque le curseur de la souris dans le chat. Avec cette option activée, vous pouvez naviguer plus facilement dans les messages et copier ces derniers",
	"VoidUI_charactername_title" : "Montrer le braqueur",
	"VoidUI_charactername_desc" : "Montre quel braqueur un joueur utilise entre parenthèses dans le chat",
	"VoidUI_chattime_title" : "Montrer l'heure",
	"VoidUI_chattime_desc" : "Montre l'heure à laquelle les messages ont été envoyés. \nTemps de jeu: correspond au temps écoulé depuis le début du braquage, Temps du système: correspond au temps réel sur lequel votre PC est réglé",
	"VoidUI_chat_copy_title" : "Copier les messages",
	"VoidUI_chat_copy_desc" : "Permet de copier les messages du chat dans le presse-papiers à l'aide d'un clique droit, et de définir quoi copier",
	
	"VoidUI_label_title" : "Labels et marqueurs",
	"VoidUI_label_desc" : "Options relatives aux labels flottants (noms au dessus des joueurs, etc.) et aux marqueurs d'objectif",	
	"VoidUI_label" : "Labels",
	"VoidUI_enable_labels_title" : "Activer les labels des noms",
	"VoidUI_enable_labels_desc" : "Active les labels customisés de Void UI",
	"VoidUI_jokernames_title" : "Labels des convertis",
	"VoidUI_jokernames_desc" : "Ajoute un label aux policiers/unités de SWAT convertis, dont la couleur dépendra du joueur les ayant convertis",
	"VoidUI_jokerhealth_title" : "Vie des convertis",
	"VoidUI_jokerhealth_desc" : "Montre la vie restante des convertis au niveau de leur label",
	"VoidUI_label_scale_title" : "Taille du label",
	"VoidUI_label_scale_desc" : "Permet de définir la taille du label flottant",
	"VoidUI_label_upper_title" : "Noms en majuscules",
	"VoidUI_label_upper_desc" : "Montre tous les noms en majuscules",
	"VoidUI_label_minscale_title" : "Taille du mini-mode des labels",
	"VoidUI_label_minscale_desc" : "Permet de déterminer la taille du mini-mode des labels flottants",
	"VoidUI_minlabel_title" : "Label minimaux (mini-mode)",
	"VoidUI_minlabel_desc" : "Les labels deviendront plus petit si ils sont éloignés ou que l'on ne regarde pas en leur direction",
	"VoidUI_minrank_title" : "Montrer le rang et le niveau en mini-mode",
	"VoidUI_minrank_desc" : "Montre les rangs d'infamie et le niveau de vos coéquipiers en mode minimal",
	"VoidUI_mindist_title" : "Distance du mini-mode",
	"VoidUI_mindist_desc" : "Permet de définir la distance (en mètres) pour laquelle les labels passent en mode minimal",
	"VoidUI_mindot_title" : "Désactiver le mode minimal soudain",
	"VoidUI_mindot_desc" : "Permet de définir à quel point l'on doit viser sur un label de joueur pour qu'il quitte le mode minimal",
	"VoidUI_waypoints" : "Marqueurs",
	"VoidUI_waypoint_scale_title" : "Taille des marqueurs",
	"VoidUI_waypoint_scale_desc" : "Permet de définir la taille des marqueurs d'objectif et de suspicion (infiltration) des PNJs",
	"VoidUI_waypoint_radius_title" : "Décalage des marqueurs en dehors de l'écran",
	"VoidUI_waypoint_radius_desc" : "Permet de définir à quel point le décalage des marqueurs et loin du centre de l'écran lorsque ceux-ci sont en dehors du champ de vision",
	"VoidUI_waypoint_offscreen_title" : "Montrer les marqueurs en dehors du champ de vision",
	"VoidUI_waypoint_offscreen_desc" : "Montrer les marqueurs lorsque leur source se trouve en dehors du champ de vision",
	
	"VoidUI_interact_title" : "Interaction et Détection",
	"VoidUI_interact_desc" : "Options relatives aux panneaux d'interaction et de détection",
	"VoidUI_interact" : "Panneau d'interaction",
	"VoidUI_enable_interact_title" : "Activer le panneau d'interaction",
	"VoidUI_enable_interact_desc" : "Active le panneau d'interaction customisé de Void UI",
	"VoidUI_interact_scale_title" : "Taille de l'interaction",
	"VoidUI_interact_scale_desc" : "Permet de définir la taille du panneau d'interaction",
	"VoidUI_interact_y_title" : "Position Y du panneau d'interaction",
	"VoidUI_interact_y_desc" : "Permet de définir la position verticale du panneau d'interaction depuis le milieu de l'écran",
	"VoidUI_interacttime_title" : "Temps d'interaction",
	"VoidUI_interacttime_desc" : "Affiche le temps d'interaction restant sur le panneau",
	"VoidUI_suspicion" : "Panneau de détection",
	"VoidUI_enable_suspicion_title" : "Activer le panneau de détection",
	"VoidUI_enable_suspicion_desc" : "Active le panneau de détection customisé de Void UI",
	"VoidUI_suspicion_y_title" : "Position Y du panneau de détection",
	"VoidUI_suspicion_y_desc" : "Permet de définir la position verticale du panneau de détection depuis le milieu de l'écran",
	"VoidUI_suspicion_scale_title" : "Taille du panneau de détection",
	"VoidUI_suspicion_scale_desc" : "Permet de définir la taille du panneau de détection",
		
	"VoidUI_stats_title" : "Panneau statistique",
	"VoidUI_stats_desc" : "Options relatives au panneau statistique",
	"VoidUI_enable_stats_title" : "Activer le panneau statistique",
	"VoidUI_enable_stats_desc" : "Active le panneau statistique customisé de Void UI",
	"VoidUI_scoreboard_scale_title" : "Taille du panneau statistique",
	"VoidUI_scoreboard_scale_desc" : "Permet de définir la taille du panneau statistique",
	"VoidUI_blur_title" : "Rendre l'arrière plan flou",
	"VoidUI_blur_desc" : "Rend l'arrière plan flou lorsque le panneau statistique est ouvert",
	"VoidUI_scoreboard_maxlevel_title" : "Afficher l'XP au niv. max.",
	"VoidUI_scoreboard_maxlevel_desc" : "Affiche la barre d'expérience au niveau maximal",
	"VoidUI_scoreboard" : "Scoreboard",
	"VoidUI_scoreboard_title" : "Activer le scoreboard",
	"VoidUI_scoreboard_desc" : "Ajoute un scoreboard dans lequel vous pouvez voir des statistiques sur vous et vos coéquipiers",
	"VoidUI_scoreboard_accuracy_title" : "Montrer la précision",
	"VoidUI_scoreboard_accuracy_desc" : "Montre votre précision de tir",
	"VoidUI_scoreboard_character_title" : "Montrer le braqueur",
	"VoidUI_scoreboard_character_desc" : "Montrer le masque du braqueur avec lequel un joueur joue",
	"VoidUI_scoreboard_skills_title" : "Montrer les compétences",
	"VoidUI_scoreboard_skills_desc" : "Montre le nombre de compétences que chaque joueur à dépensé dans chaque arbre de compétences",
	"VoidUI_scoreboard_kills_title" : "Montrer les kills",
	"VoidUI_scoreboard_kills_desc" : "Montre le nombre d'unités qu'un joueur à tué au cours de la partie",
	"VoidUI_scoreboard_specials_title" : "Montrer les kills spéciaux",
	"VoidUI_scoreboard_specials_desc" : "Montre le nombre d'unités spéciales qu'un joueur à tué au cours de la partie",
	"VoidUI_scoreboard_civs_title" : "Montrer le nombre civils tués",
	"VoidUI_scoreboard_civs_desc" : "Montre le nombre de civils qu'un joueur à tué au cours de la partie",
	"VoidUI_scoreboard_downs_title" : "Montrer le nombre de downs",
	"VoidUI_scoreboard_downs_desc" : "Montrer le nombre de fois qu'un joueur a été abattu au cours de la partie",
	"VoidUI_scoreboard_weapons_title" : "Montrer les armes/masque de l'IA",
	"VoidUI_scoreboard_weapons_desc" : "Montre l'arme primaire, secondaire (masque pour l'IA) et l'arme de mêlée qu'un joueur a équippé",
	"VoidUI_scoreboard_armor_title" : "Montrer l'armure",
	"VoidUI_scoreboard_armor_desc" : "Montre l'armure équippée par un joueur",
	"VoidUI_scoreboard_skins_title" : "Montrer les skins",
	"VoidUI_scoreboard_skins_desc" : "Montre les skins d'une arme qu'un joueur a équippé",
	"VoidUI_scoreboard_perk_title" : "Montre les pioches/capacités de groupe",
	"VoidUI_scoreboard_perk_desc" : "Montre la pioche de compétences (capacités de groupe pour l'IA) qu'un joueur à équippé",
	"VoidUI_scoreboard_playtime_title" : "Montrer le temps de jeu/les boosts",
	"VoidUI_scoreboard_playtime_desc" : "Montre le temps de jeu total d'un joueur (les boosts de groupe pour l'IA)",
	"VoidUI_scoreboard_ping_title" : "Montrer le ping",
	"VoidUI_scoreboard_ping_desc" : "Montre la latence de connection d'un joueur par rapport à vous",
	"VoidUI_scoreboard_toggle_title" : "Changer le bouton",
	"VoidUI_scoreboard_toggle_desc" : "Établi le bouton qui vous permettra de changer entre les achievements pistés et le scoreboard",
	"VoidUI_ping_frequency_title" : "Fréquence de mise à jour du ping",
	"VoidUI_ping_frequency_desc" : "Permet de définir à quel rythme d'intervalle la latence est mise à jour",
	"VoidUI_error" : "Erreur Steam",
	"VoidUI_private" : "Profil Privé",
	"VoidUI_player" : "Joueur",
	"VoidUI_kills" : "Kills",
	"VoidUI_specials" : "Specials",
	"VoidUI_civs" : "Civs",
	"VoidUI_downs" : "Downs",
	"VoidUI_perk" : "Pioche",
	"VoidUI_playtime" : "Temps de jeu",
	"VoidUI_ping" : "Ping",
	"VoidUI_nosong" : "RIEN",
	
	"VoidUI_presenter_title" : "Notifications et astuces",
	"VoidUI_presenter_desc" : "Options relatives aux notifications et astuces du HUD",
	"VoidUI_enable_presenter_title" : "Activer les notifications",
	"VoidUI_enable_presenter_desc" : "Active les notifications customisés de Void UI",
	"VoidUI_presenter_scale_title" : "Taille du panneau de notification",
	"VoidUI_presenter_scale_desc" : "Permet de définir la taille du panneau de notification",
	"VoidUI_presenter_buffer_title" : "Notifications maximales",
	"VoidUI_presenter_buffer_desc" : "Permet de définir le nombre de notifications maximales visibles en même temps",
	"VoidUI_presenter_sound_title" : "Ne pas jouer les sons de notifications",
	"VoidUI_presenter_sound_desc" : "Désactive les effets sonores lorsqu'il y a une notification",
	"VoidUI_presenter_panel" : "Panneau de notification",
	"VoidUI_hint_panel" : "Panneau d'astuces",
	"VoidUI_enable_hint_title" : "Activer le panneau d'astuces",
	"VoidUI_enable_hint_desc" : "Active le panneau d'astuce customisé de Void UI",
	"VoidUI_hint_scale_title" : "Taille du texte",
	"VoidUI_hint_scale_desc" : "Permet de définir la taille du texte des astuces",
	"VoidUI_hint_anim_title" : "Animation des astuces",
	"VoidUI_hint_anim_desc" : "Met en valeur les astuces avec une animation légère de saut",
	"VoidUI_hint_color_title" : "Astuces colorées",
	"VoidUI_hint_color_desc" : "Colore les noms des coéquipiers en astuces",
	"VoidUI_vape_hints_title" : "Notifications Tag Team",
	"VoidUI_vape_hints_desc" : "Ouvre une notification lorsque quelqu'un s'est fait marquer par la pioche Tag Team. Ajoute aussi un conteur durant quelques secondes.",
	"VoidUI_challanges_panel" : "Notifications (challenges)",
	"VoidUI_enable_challanges_title" : "Activer les notifications",
	"VoidUI_enable_challanges_desc" : "Active les notifications lorsqu'un challenge est complété",
	"VoidUI_hint_challanges_desc" : "Permet de définir la taille du panneau de notification de challenge",
	
	"VoidUI_tag_team_owner" : "Vous avez marqué $NAME",
	"VoidUI_tag_team_owner_joker" : "Vous avez marqué le converti de $NAME",
	"VoidUI_tag_team_tagged" : "$NAME vous a marqué",
	
	"VoidUI_subtitles_title" : "Sous-titres",
	"VoidUI_subtitles_desc" : "Options relatives aux sous-titres",
	"VoidUI_enable_subtitles_title" : "Activer les sous-titres",
	"VoidUI_enable_subtitles_desc" : "Active les sous-titres customisés de Void UI (modification visuelle uniquement, les lignes de sous-titres ne sont en aucun cas changées)",
	"VoidUI_subtitle_scale_title" : "Taille des sous-titres",
	"VoidUI_subtitle_scale_desc" : "Permet de définir la taille des sous-titres",
	"VoidUI_subtitles_bg_title" : "Style de l'arrière-plan",
	"VoidUI_subtitles_bg_desc" : "Permet de définir quelle sorte d'arrière-plan les sous-titres ont",

	"VoidUI_blackscreen_title" : "Into du braquage et temps de chargement",
	"VoidUI_blackscreen_desc" : "Options en relation avec l'intro du braquage (blackscreen) et l'écran de chargement",
	"VoidUI_blackscreen" : "Intro du braquage",
	"VoidUI_enable_blackscreen_title" : "Active l'intro du braquage",
	"VoidUI_enable_blackscreen_desc" : "Active l'intro du braquage Void UI (blackscreen)",
	"VoidUI_blackscreen_map_title" : "Montrer le jour actuel",
	"VoidUI_blackscreen_map_desc" : "Affiche le jour du heist (et non celui de votre PC)",
	"VoidUI_blackscreen_risk_title" : "Montrer la difficulté",
	"VoidUI_blackscreen_risk_desc" : "Affiche le nom de la difficulté avec laquelle vous jouez",
	"VoidUI_blackscreen_skull_title" : "Montrer les crânes",
	"VoidUI_blackscreen_skull_desc" : "Affiche les crânes en relation à la difficulté avec laquelle vous jouez",
	"VoidUI_blackscreen_linger_title" : "Effacement de l'intro de braquage",
	"VoidUI_blackscreen_linger_desc" : "Transition douce de l'intro de braquage vers le jeu",
	"VoidUI_blackscreen_time_title" : "Passer le temps d'intro",
	"VoidUI_blackscreen_time_desc" : "Determine le temps pour lequel vous devez appuyer afin de passer l'intro",
	"VoidUI_skip_blackscreen"	:	"Appuyez sur $BTN_ACCEPT pour passer",
	"VoidUI_loading_others"		:	"Et $PLAYERS autres",
	"VoidUI_loading" : "Écran de chargement",
	"VoidUI_enable_loadingscreen_title" : "Activer les écrans de chargement",
	"VoidUI_enable_loadingscreen_desc" : "Active les écrans de chargement de Void UI",
	"VoidUI_loading_heistinfo_title" : "Information du braquage",
	"VoidUI_loading_heistinfo_desc" : "Montre des infos. sur le braquage en cours tel son nom, son contracteur ou encore sa difficulté",
	"VoidUI_loading_players_title" : "Joueurs connectés",
	"VoidUI_loading_players_desc" : "Montre le nom des joueurs avec lesquels vous êtes connecté",
	"VoidUI_loading_briefing_title" : "Briefing du braquage",
	"VoidUI_loading_briefing_desc" : "Montre le briefing du contracteur avant le braquage",
	
	"VoidUI_disabled" : "Cacher",
	"VoidUI_ecm_first" : "Premier placé",
	"VoidUI_ecm_last" : "Dernier placé",
	"VoidUI_health_percentage" : "Pourcentage",
	"VoidUI_health_real" : "Valeur réelle",
	"VoidUI_gametime" : "Temps de jeu",
	"VoidUI_realtime" : "Temps du système",
	"VoidUI_disable" : "Caché",
	"VoidUI_chat_message" : "Méssage du joueur uniquement",
	"VoidUI_chat_name" : "Joueur: méssage",
	"VoidUI_chat_character" : "Braqueur: méssage",
	"VoidUI_chat_name_character" : "Joueur (Braqueur): méssage",
	"VoidUI_assault_lines_30sec" : "Standard",
	"VoidUI_assault_lines_every10sec" : "Verbrose",
	"VoidUI_nonspecial" : "Exclus les spéciaux",
	"VoidUI_withspecial" : "Inclus les spéciaux",
	"VoidUI_rarity" : "Avec la rarité",
	"VoidUI_norarity" : "Sans la rarité",
	"VoidUI_on_scoreboard"	:"Sur l'écran statistique",
	"VoidUI_show" : "Montrer",
	"VoidUI_subtitles_shadow" : "Ombre",
	"VoidUI_subtitles_fill" : "Couleur Solide",
	"VoidUI_jump" : "Touche de saut",
	"VoidUI_crouch" : "Touche pour s'accroupir",
	"VoidUI_rmb" : "Clique droit"
	
}
