{
	"VoidUI_endless_assault" : "Бесконечный полицейский штурм",
	"VoidUI_assault_1" : "Yeah, Fo fucking Sho",
	"VoidUI_assault_2" : "Ха-ха, твоя зарплата в опасности",
	"VoidUI_assault_3" : "Съешьте капитана, чтобы закончить жопу",
	"VoidUI_assault_4" : ":Неловко:",
	"VoidUI_assault_5" : "Какая длинна у этой бегущей строки?",
	"VoidUI_assault_6" : "Тук-тук ! Кто там ? Еще один полицейский штурм",
	"VoidUI_assault_7" : "В Payday 2 не будет микротранзакций (Позор вам, если вы думали иначе!)",
	"VoidUI_assault_8" : "Кто-то говорит, что мы не готовы к такому взаимодействию",
	"VoidUI_assault_9" : "Парни, термобур. Идите и возьмите его",
	"VoidUI_assault_10" : "Трахни меня, нам нужны эти проклятые повара",
	"VoidUI_assault_11" : "Надеюсь, вы используете глушители",
	"VoidUI_assault_12" : "Бэйн - гражданский",
	"VoidUI_assault_13" : "Темные души игр о кражах",
	"VoidUI_assault_14" : "Не делайте это в реальной жизни",
	"VoidUI_assault_15" : "If you see this, post it on Reddit",
	"VoidUI_assault_16" : "Вы обманываете используя оружие или скин котрого у вас нет",
	"VoidUI_assault_17" : "Местный стример становится смешным пасхальным яйцом",
	"VoidUI_assault_18" : "МЫ ПОЛУЧИЛИ ХОКСТОНА НАЗАД",
	"VoidUI_assault_19" : "Дрель Заклинило",
	"VoidUI_assault_20" : "Открыть огонь!",
	"VoidUI_assault_21" : "Вы были выгнаны из игры",
	"VoidUI_assault_22" : "Секретное сообщение о штурме является косметическим",
	"VoidUI_assault_23" : "У них в России нет цветных принтеров?",
	"VoidUI_assault_24" : "Термобур: Карточная игра PAYDAY 2",
	"VoidUI_assault_25" : "Стрелять и прогвигаться !",
	"VoidUI_assault_26" : "Kneel before the Assault Banner!",
	
	"VoidUI_options_title" : "Void UI",
	"VoidUI_options_desc" : "Параметры Void UI",  
	"VoidUI_hud_scale_title" : "Общий размер панелей",
	"VoidUI_hud_scale_desc" : "Установите общий размер всех панелей интерфейса Void UI. Панели также могут быть изменены отдельно",
	"VoidUI_enable_blackscreen_title" : "Интро ограблений",
	"VoidUI_enable_blackscreen_desc" : "Показывать Void UI интро для ограблений (черный экран)",
	"VoidUI_outlines_title" : "Цветные контуры конвертов",
	"VoidUI_outlines_desc" : "Сделать контуры переведенных на вашу сторону копов, того же цвета что у их владельца",
	"VoidUI_assault_lines_title" : "Предупреждения",
	"VoidUI_assault_lines_desc" : "Add back bain responses warning of the next imminent assault. \nLight: 30 second warning. Standard: 30, 20, and 10 second warning, like PDTH.",
	"VoidUI_reset_title" : "Сбросить настройки",
	"VoidUI_reset_desc" : "Сбрость все параметры до значений по умолчанию",
	"VoidUI_reset_confirm" : "Вы действительно хотите сбросить настройки Void UI ? Это не может быть отменено.",
	"VoidUI_warning_title" : "Настройки изменены",
	"VoidUI_warning_desc" : "Некоторые настройки могут не вступить в силу до следующего перезапуска миссии",
	"VoidUI_warning_confirm" : "Dont warn again",
	
	"VoidUI_hudteammate_title" : "Панели игрока и команды",
	"VoidUI_hudteammate_desc" : "Параметры, связанные с панелями игрока и команды",
	"VoidUI_teammate_panels_title" : "Включить панели игрока и команды",
	"VoidUI_teammate_panels_decs" : "Показывать панели игрока и команды",
	
	"VoidUI_main_panel" : "Панель игрока",	
	"VoidUI_main_scale_title" : "Размер панели",
	"VoidUI_main_scale_desc" : "Установите размер панели игрока",	
	"VoidUI_main_health_title" : "Здоровье",
	"VoidUI_main_health_desc" : "Выберите, как будет отображаться значение вашего здоровья. Процент: Процент вашего текущего/общего здоровья, Реальное значение: Фактическое количество здоровья, которое у вас есть",
	"VoidUI_main_anim_time_title" : "Время анимации здоровья",
	"VoidUI_main_anim_time_desc" : "Укажите в секундах, как быстро ваше здоровье преобразуется при исцелении/получении урона",
	"VoidUI_armor_title" : "Броня",
	"VoidUI_armor_desc" : "Выберите, как будет отображаться значение вашей брони. Процент: Процент вашей текущей/общей брони, Реальное значение: Фактическое количество брони, которое у вас есть",
	"VoidUI_total_title" : "Резервные боеприпасы",  	    
	"VoidUI_total_decs" : "Показывать количество боеприпасов, которое у вас есть в резерве вместо ваших общих боеприпасов",	
	"VoidUI_main_loud_title" : "Падения",  	    
	"VoidUI_main_loud_desc" : "Показывать количество падений, оставшихся до того, как вы отправитесь под стражу (только штурм)",
	"VoidUI_main_stealth_title" : "Мешки для трупов",  	    
	"VoidUI_main_stealth_desc" : "Показывать количество оставшихся мешков для трупов (только стелс)",	
	"VoidUI_ammo_pickup_title" : "Подобранные боеприпасы",  	    
	"VoidUI_ammo_pickup_desc" : "Показывать количество подобранных боеприпасов",		

	"VoidUI_mate_panel" : "Панель команды",	
	"VoidUI_mate_scale_title" : "Размер панели",
	"VoidUI_mate_scale_desc" : "Установите размер панели команды",   
	"VoidUI_mate_health_desc" : "Выберите, как будут отображаться значения здоровья ваших товарищей по команде. Процент: Процент их текущего/общего здоровья, Реальное значение: Фактическое количество здоровья, которое у них есть.",
	"VoidUI_mate_anim_time_desc" : "Укажите в секундах, как быстро здоровье товарищей по команде преобразуется при исцелении/получении урона",
	"VoidUI_mate_armor_desc" : "Выберите, как будут отображаться значения брони ваших товарищей по команде. Процент: Процент их текущей/общей брони, Реальное значение: Фактическое количество брони, которое у них есть.",
	"VoidUI_mate_loud_title" : "Падения",  	    
	"VoidUI_mate_loud_desc" : "Показывать количество падений, оставшихся у ваших товарищей по команде, до того, как они отправятся под стражу (только штурм)",
	"VoidUI_mate_stealth_title" : "Риск обнаружения",  	    
	"VoidUI_mate_stealth_desc" : "Показывать риск обнаружения ваших товарищей по команде в шкале здоровья (только стелс)",	
	"VoidUI_mate_name_title" : "Ранги игроков",  	    
	"VoidUI_mate_name_desc" : "Показывать ранги игроков на панели",
	"VoidUI_mate_interact_title" : "Время взаимодействия",  	    
	"VoidUI_mate_interact_desc" : "Показывать время взаимодействия ваших товарищей по команде",
	"VoidUI_fire_auto" : "Auto",
	"VoidUI_fire_semi" : "Semi",
	"VoidUI_fire_burst" : "Burst",
	
	"VoidUI_objectives_title" : "Таймер и задания",
	"VoidUI_objectives_desc" : "Параметры, связанные с панелями таймера и заданий",
	"VoidUI_objectives_scale_title" : "Размер панелей",
	"VoidUI_objectives_scale_desc" : "Установите размер панели таймера и панели задач",
	"VoidUI_objectives_show_timer_title" : "Отображение",
	"VoidUI_objectives_show_timer_desc" : "Выберите вариант отображения панели таймера. Скрыть: Никогда не показывать. На экране статистики: Показывать только на экране ститистики. Показывать: Всегда показывать",
	"VoidUI_timer_panel" : "Панель таймера",
	"VoidUI_enable_timer_title" : "Включить панель таймера",
	"VoidUI_enable_timer_desc" : "Показывать панель таймера",
	"VoidUI_levelname_title" : "Текущий день ограбления",
	"VoidUI_levelname_desc" : "Показывать текущий день ограбления",
	"VoidUI_ghost_title" : "Значек призрака",
	"VoidUI_ghost_desc" : "Показывать значок призрака на миссиях с возможностью скрытного прохождения. Значек становится красным, если скрытное прохождение не удалось",
	"VoidUI_loot_title" : "Захваченная добыча",
	"VoidUI_loot_desc" : "Показывать количество захваченной добычи",
	"VoidUI_objectives_panel" : "Панель заданий",
	"VoidUI_enable_objectives_title" : "Включить панель заданий",
	"VoidUI_enable_objectives_desc" : "Показывать панель заданий",
	"VoidUI_objective_history_title" : "История заданий",
	"VoidUI_objective_history_desc" : "Установите максимальное количество выполненных заданий, которые будут появляться в панели заданий",
	"VoidUI_objectives_show_title" : "Отображение",
	"VoidUI_objectives_show_desc" : "Выберите вариант отображения панели заданий. Скрыть: Не показывать. На экране статистики: Показывать только на экране ститистики. Показывать: Всегда показывать",
	
	"VoidUI_assault_title" : "Панель Штурма",
	"VoidUI_assault_desc" : "Параметры, связанные с панелью штурма",
	"VoidUI_enable_assault_title" : "Включить панель штурма",
	"VoidUI_enable_assault_decs" : "Показывать панель штурма",	
	"VoidUI_assault_scale_title" : "Размер панели",
	"VoidUI_assault_scale_desc" : "Установите размер панели штурма",
	"VoidUI_badge_title" : "Значок полиции",
	"VoidUI_badge_desc" : "Покавать полицейский значок во время штурма",
	"VoidUI_badge_anim_title" : "Анимация значка полиции",
	"VoidUI_badge_anim_desc" : "Анимировать значок полиции эффектом пульса",
	"VoidUI_hostages_title" : "Разделить заложников",
	"VoidUI_hostages_desc" : "Показывать гражданских и полицейских заложников в отдельных панелях (только штурм)",
	"VoidUI_pagers_title" : "Пейджеры",
	"VoidUI_pagers_desc" : "Показывать оставшееся количество пейджеров, (только стелс)",
	"VoidUI_jammer_title" : "Генераторы помех",
	"VoidUI_jammer_desc" : "Показывать время работы активированных генераторов помех (только стелс)",
	
	"VoidUI_chat_clipboard" : "Сообщение скопировано в буфер обмена",
	"VoidUI_chat_title" : "Игровой чат",
	"VoidUI_chat_desc" : "Параметры, связанные с игровым чатом",
	"VoidUI_enable_chat_title" : "Включить чат",
	"VoidUI_enable_chat_decs" : "Показывать игровой чат",
	"VoidUI_chat_scale_title" : "Размер панели",
	"VoidUI_chat_scale_desc" : "Установите размер панели чата",
	"VoidUI_chat_mouse_title" : "Включить мышь",
	"VoidUI_chat_mouse_desc" : "После включения мыши вы сможете прокручивать и копировать сообщения чата",
	"VoidUI_charactername_title" : "Имя персонажа",
	"VoidUI_charactername_desc" : "Показывать имя персонажа пишущего вам игрока",
	"VoidUI_chattime_title" : "Время",
	"VoidUI_chattime_desc" : "Показывать время сообщения. Время игры - Время, прошедшее с начала текущего дня ограбления. Время системы - Время, на вашем ПК.",
	"VoidUI_chat_copy_title" : "Копирование",
	"VoidUI_chat_copy_desc" : "Выберите как будет выглядеть скопированное (щелчком правой кнопки мыши) сообщение",
	
	"VoidUI_label_title" : "Ярлыки и метки",
	"VoidUI_label_desc" : "Параметры, связанные с ярлыками имен и метками заданий",	
	"VoidUI_label" : "Ярлыки имен",
	"VoidUI_enable_labels_title" : "Включить ярлыки имен",
	"VoidUI_enable_labels_desc" : "Показывать ярлыки имен",
	"VoidUI_jokernames_title" : "Ярлык конверта",
	"VoidUI_jokernames_desc" : "Показывать ярлык с именем переведенного на вашу строну копа",
	"VoidUI_jokerhealth_title" : "Здоровье конверта",
	"VoidUI_jokerhealth_desc" : "Показывать полосу здоровья переведенного на вашу сторону копа",
	"VoidUI_label_scale_title" : "Размер ярлыков",
	"VoidUI_label_scale_desc" : "Установите размер ярлыков имен команды, ботов и переведенных на вашу сторону копов",
	"VoidUI_label_upper_title" : "Режим заглавных букв",
	"VoidUI_label_upper_desc" : "Показывать ярлыки имен отображаемые заглавными буквами",
	"VoidUI_label_minscale_title" : "Размер ярлыков в мин-режиме",
	"VoidUI_label_minscale_desc" : "Установите размер ярлыков имен в минимальном режиме",
	"VoidUI_minlabel_title" : "Минимальный режим",
	"VoidUI_minlabel_desc" : "Ярлыки имен станут меньше, если их владелецы находятся далеко от вас или вы не смотрите на них",
	"VoidUI_minrank_title" : "Ранг в минимальном режиме",
	"VoidUI_minrank_desc" : "Показывать ранг вашего товарища по команде, когда ярлык его имени находится в минимальном режиме",
	"VoidUI_mindist_title" : "Расстояние минимального режима",
	"VoidUI_mindist_desc" : "Установите расстояние от вас в метрах, после которого ярлыки имен должны войти в минимальный режим",
	"VoidUI_mindot_title" : "Временное отключение мин-режима",
	"VoidUI_mindot_desc" : "Установите, как точно вам нужно целиться в других игроков, чтобы временно отключить минимальный режим на их ярлыках",
	"VoidUI_waypoints" : "Метки",
	"VoidUI_waypoint_scale_title" : "Размер меток",
	"VoidUI_waypoint_scale_desc" : "Установите размер меток заданий и знаковых маркеров",
	"VoidUI_waypoint_radius_title" : "Расстояние меток задания",
	"VoidUI_waypoint_radius_desc" : "Установите, как далеко от центра экрана отображаются метки задания, когда само задание не в поле зрения",
	"VoidUI_waypoint_offscreen_title" : "Метки заданий",
	"VoidUI_waypoint_offscreen_desc" : "Показывать метки задания когда само задание не в поле зрения",
	
	"VoidUI_interact_title" : "Взаимодействие и обнаружение",
	"VoidUI_interact_desc" : "Параметры, связанные с панелями взаимодействия и обнаружения",
	"VoidUI_interact" : "Панель взаимодействия",
	"VoidUI_enable_interact_title" : "Включить панель взаимодействия",
	"VoidUI_enable_interact_desc" : "Показывать панель взаимодействия",
	"VoidUI_interact_scale_title" : "Размер панели",
	"VoidUI_interact_scale_desc" : "Установите размер панели взаимодействия",
	"VoidUI_interact_y_title" : "Позиция по Y",
	"VoidUI_interact_y_desc" : "Установите вертикальное положение панели взаимодействия",
	"VoidUI_interacttime_title" : "Время взаимодействия",
	"VoidUI_interacttime_desc" : "Показывать время вашего взаимодействия",
	"VoidUI_suspicion" : "Панель обнаружения",
	"VoidUI_enable_suspicion_title" : "Включить панель обнаружения",
	"VoidUI_enable_suspicion_desc" : "Показывать панель обнаружения",
	"VoidUI_suspicion_y_title" : "Позиция по Y",
	"VoidUI_suspicion_y_desc" : "Установите вертикальное положение панели обнаружения",
	"VoidUI_suspicion_scale_title" : "Размер панели",
	"VoidUI_suspicion_scale_desc" : "Установите размер панели обнаружения",
		
	"VoidUI_stats_title" : "Экран статистики",
	"VoidUI_stats_desc" : "Параметры, связанные с экраном статистики",
	"VoidUI_enable_stats_title" : "Включить экран статистики",
	"VoidUI_enable_stats_desc" : "Показывать экран статистики (TAB)",
	"VoidUI_scoreboard_scale_title" : "Размер панели",
	"VoidUI_scoreboard_scale_desc" : "Установите размер панели статистики",
	"VoidUI_blur_title" : "Размытие заднего фона",
	"VoidUI_blur_desc" : "Включить размытие заднего фона при открытии экрана статистики",
	"VoidUI_scoreboard_maxlevel_title" : "Show xp when max level",
	"VoidUI_scoreboard_maxlevel_desc" : "Show the experience bar when you are at the maximum level",
	"VoidUI_scoreboard" : "Табло",
	"VoidUI_scoreboard_title" : "Включить табло",
	"VoidUI_scoreboard_desc" : "Показывать табло на экране статистики, где вы сможете увидеть информацию о вашей команде",
	"VoidUI_scoreboard_accuracy_title" : "Точность",
	"VoidUI_scoreboard_accuracy_desc" : "Показывать точность ваших выстрелов из оружия",
	"VoidUI_scoreboard_character_title" : "Маски персонажей",
	"VoidUI_scoreboard_character_desc" : "Показывать маски выбранных игроками персонажей",
	"VoidUI_scoreboard_skills_title" : "Навыки",
	"VoidUI_scoreboard_skills_desc" : "Показывать количество очков умений, которые игроки потратили в каждом древе навыков",
	"VoidUI_scoreboard_kills_title" : "Убийства",
	"VoidUI_scoreboard_kills_desc" : "Показывать количество обычных юнитов, убитых игроками",
	"VoidUI_scoreboard_specials_title" : "Убийства спец-юнитов",
	"VoidUI_scoreboard_specials_desc" : "Показывать количество спец-юнитов , убитых игроками",
	"VoidUI_scoreboard_civs_title" : "Убийства гражданских",
	"VoidUI_scoreboard_civs_desc" : "Показывать количество гражданских лиц, убитых игроками",
	"VoidUI_scoreboard_downs_title" : "Падения",
	"VoidUI_scoreboard_downs_desc" : "Показывать количество падений игроков",
	"VoidUI_scoreboard_weapons_title" : "Оружие/Маски ботов",
	"VoidUI_scoreboard_weapons_desc" : "Показывать первичную/вторичную экипировку игроков, оружие ближнего боя (маски для ботов)",
	"VoidUI_scoreboard_armor_title" : "Броня",
	"VoidUI_scoreboard_armor_desc" : "Показывать выбранную игроками броню",
	"VoidUI_scoreboard_skins_title" : "Скины оружия",
	"VoidUI_scoreboard_skins_desc" : "Показывать скины, применяемые к оружию игроков",
	"VoidUI_scoreboard_perk_title" : "Перки/Способности команды",
	"VoidUI_scoreboard_perk_desc" : "Показывать выбранные игроками перки (способность команды для ботов)",
	"VoidUI_scoreboard_playtime_title" : "Игровое время",
	"VoidUI_scoreboard_playtime_desc" : "Показывать количество наигранных часов (командный бонус для ботов)",
	"VoidUI_scoreboard_ping_title" : "Пинг",
	"VoidUI_scoreboard_ping_desc" : "Показывать пинг игроков",
	"VoidUI_scoreboard_toggle_title" : "Переключатель",
	"VoidUI_scoreboard_toggle_desc" : "Установите кнопку, которая будет переключать между табло и отслеживаемыми достижениями",
	"VoidUI_ping_frequency_title" : "Частота обновления",
	"VoidUI_ping_frequency_desc" : "Укажите, как часто значения пинг будут обновляться в секундах",
	"VoidUI_error" : "Steam Error",
	"VoidUI_private" : "Private Profile",
	"VoidUI_player" : "Игрок",
	"VoidUI_kills" : "Убито",
	"VoidUI_specials" : "Спецы",
	"VoidUI_civs" : "Гражд",
	"VoidUI_downs" : "Упали",
	"VoidUI_perk" : "Перк",
	"VoidUI_playtime" : "Игр.время",
	"VoidUI_ping" : "Пинг",
	"VoidUI_nosong" : "NOTHING",
	
	"VoidUI_presenter_title" : "Уведомления и подсказки",
	"VoidUI_presenter_desc" : "Параметры, связанные с уведомлениями и подсказками",
	"VoidUI_enable_presenter_title" : "Включить уведомления",
	"VoidUI_enable_presenter_desc" : "Показывать Void UI уведомления о заданиях, полученных предметах и захваченной добыче  ",
	"VoidUI_presenter_scale_title" : "Размер панели",
	"VoidUI_presenter_scale_desc" : "Установите размер панели уведомлений",
	"VoidUI_presenter_buffer_title" : "Количество уведомлений",
	"VoidUI_presenter_buffer_desc" : "Установите количество уведомлений, отображаемых одновременно",
	"VoidUI_presenter_sound_title" : "Звуки уведомлений",
	"VoidUI_presenter_sound_desc" : "Выключить воспроизведение звуковых эффектов при появлении уведомлений",
	"VoidUI_presenter_panel" : "Панель уведомлений",
	"VoidUI_hint_panel" : "Панель подсказок",
	"VoidUI_enable_hint_title" : "Включить подсказки",
	"VoidUI_enable_hint_desc" : "Показывать Void UI подсказки о поднятой тревоге, падениях, подъемах, арестах и найденных посылках",
	"VoidUI_hint_scale_title" : "Размер текста",
	"VoidUI_hint_scale_desc" : "Установите размер текста подсказок",
	"VoidUI_hint_anim_title" : "Анимация подсказок",
	"VoidUI_hint_anim_desc" : "Анимировать подсказки эффектом выпрыгивания",
	"VoidUI_hint_color_title" : "Цветные имена в подсказках",
	"VoidUI_hint_color_desc" : "Показывать цветные имена ваших товарищей по команде в подсказках",
	"VoidUI_vape_hints_title" : "Tag Team notifications",
	"VoidUI_vape_hints_desc" : "Display a hint notification when tagging somebody/being tagged by the Tag Team perk-deck. Also adds a few seconds long outline",
	"VoidUI_challanges_panel" : "Панель испытаний",
	"VoidUI_enable_challanges_title" : "Включить уведомления о испытаниях",
	"VoidUI_enable_challanges_desc" : "Показывать Void UI уведомления о выполненных испытаниях",
	"VoidUI_hint_challanges_desc" : "Установите размер панели испытаний",

	"VoidUI_tag_team_owner" : "You tagged $NAME",
	"VoidUI_tag_team_owner_joker" : "You tagged $NAME's Convert",
	"VoidUI_tag_team_tagged" : "$NAME tagged you",
	
	"VoidUI_subtitles_title" : "Субтитры",
	"VoidUI_subtitles_desc" : "Параметрысвязанные с субтитрами",
	"VoidUI_enable_subtitles_title" : "Включить субтитры",
	"VoidUI_enable_subtitles_desc" : "Показывать субтитры",
	"VoidUI_subtitle_scale_title" : "Размер субтитров",
	"VoidUI_subtitle_scale_desc" : "Установите размер субтитров",
	"VoidUI_subtitles_bg_title" : "Стиль заднего фона",
	"VoidUI_subtitles_bg_desc" : "Выберите стиль заднего фона субтитров",
	
	"VoidUI_blackscreen_title" : "Heist Intro and Loading Screen",
	"VoidUI_blackscreen_desc" : "Options related to the heist intro (blackscreen) and loading screens",
	"VoidUI_blackscreen" : "Heist Intro",
	"VoidUI_enable_blackscreen_title" : "Enable Heist intro",
	"VoidUI_enable_blackscreen_desc" : "Enable the Void UI heist intro (blackscreen)",
	"VoidUI_blackscreen_map_title" : "Show current day",
	"VoidUI_blackscreen_map_desc" : "Show the current day of the heist",
	"VoidUI_blackscreen_risk_title" : "Show difficulty name",
	"VoidUI_blackscreen_risk_desc" : "Show the name of the difficulty you're playing on",
	"VoidUI_blackscreen_skull_title" : "Show difficulty skulls",
	"VoidUI_blackscreen_skull_desc" : "Show skull icons based on the difficulty you're playing on",
	"VoidUI_blackscreen_linger_title" : "Fade from Heist intro",
	"VoidUI_blackscreen_linger_desc" : "Fade from the heist intro to your game",
	"VoidUI_blackscreen_time_title" : "Skip intro time",
	"VoidUI_blackscreen_time_desc" : "Determine how long you have to hold the skip button for",
	"VoidUI_skip_blackscreen"	:	"Press $BTN_ACCEPT to skip",
	"VoidUI_loading_others"		:	"And $PLAYERS others",
	"VoidUI_loading" : "Loading Screens",
	"VoidUI_enable_loadingscreen_title" : "Enable Loading screens",
	"VoidUI_enable_loadingscreen_desc" : "Enable the Void UI loading screens",
	"VoidUI_loading_heistinfo_title" : "Heist information",
	"VoidUI_loading_heistinfo_desc" : "Show information about the heist like its name, contractor, difficulty",
	"VoidUI_loading_players_title" : "Connected players",
	"VoidUI_loading_players_desc" : "Show the name of the players you are connected with",
	"VoidUI_loading_briefing_title" : "Heist briefing",
	"VoidUI_loading_briefing_desc" : "Show the contractor's briefing for the heist",
	
	"VoidUI_disabled" : "Скрыть",
	"VoidUI_ecm_first" : "Первый",
	"VoidUI_ecm_last" : "Последний",
	"VoidUI_health_percentage" : "Процент",
	"VoidUI_health_real" : "Реальное значение",
	"VoidUI_gametime" : "Время игры",
	"VoidUI_realtime" : "Время системы",
	"VoidUI_disable" : "Выключить",
	"VoidUI_chat_message" : "Только сообщение игрока",
	"VoidUI_chat_name" : "Игрок: сообщение",
	"VoidUI_chat_character" : "Персонаж: сообщение",
	"VoidUI_chat_name_character" : "Игрок (персонаж): сообщение",
	"VoidUI_assault_lines_30sec" : "Стандарт",
	"VoidUI_assault_lines_every10sec" : "Подробно",
	"VoidUI_nonspecial" : "Исключить специальные",
	"VoidUI_withspecial" : "Включить специальные",
	"VoidUI_rarity" : "С редкостью",
	"VoidUI_norarity" : "Без редкости",
	"VoidUI_on_scoreboard"	:"На экране статистики",
	"VoidUI_show" : "Показывать",
	"VoidUI_subtitles_shadow" : "Отбрасывать тень",
	"VoidUI_subtitles_fill" : "Сплошной цвет",
	"VoidUI_jump" : "Кнопка прыжка",
	"VoidUI_crouch" : "Кнопка приседания",
	"VoidUI_rmb" : "Правый клик"
}
