{
  "mega": {
    "character": {
      "russian": {
        "id": "dallas_glow"
      },
      "german": {
        "id": "wolf_glow"
      },
      "spanish": {
        "id": "chains_glow"
      },
      "old_hoxton": {
        "id": "hoxton_glow"
      },
      "female_1": {
        "id": "pdc16_clover"
      },
      "sydney": {
        "id": "swm_sydney"
      },
      "wild": {
        "id": "mrm"
      },
      "myh": {
        "id": "mmh"
      }
    },
    "pool": [
      { "id": "megacthulhu" },
      { "id": "hunter" },
      { "id": "cop_skull" },
      { "id": "cop_plague_doctor" },
      { "id": "cop_kawaii" },
      { "id": "fab_mega_grin" },
      { "id": "fab_mega_doctor" },
      { "id": "fab_mega_alien" },
      { "id": "cop_mega_gage_blade" },
      { "id": "fab_mega_mark" },
      { "id": "mdm" },
      { "id": "ami_01" },
      { "id": "ami_02" },
      { "id": "ami_03" },
      { "id": "ami_04" },
      { "id": "ami_05" },
      { "id": "ami_06" },
      { "id": "skm_05" },
      { "id": "skm_06" },
      { "id": "skm_07" },
      { "id": "skm_08" },
      { "id": "smo_07" },
      { "id": "smo_08" },
      { "id": "smo_09" },
      { "id": "smo_10" },
      { "id": "smo_11" },
      { "id": "smo_12" }
    ]
  },
  "shades": {
    "pool": [
      { "id": "aviator" },
      { "id": "stoneface" },
      { "id": "wayfarer" },
      { "id": "sfm_03" },
      { "id": "rvd_01" },
      { "id": "rvd_02" },
      { "id": "rvd_03" },
      { "id": "jw_shades" }
    ]
  },
  "beanies": {
    "pool": [
      { "id": "bny_01" },
      { "id": "bny_02" },
      { "id": "bny_03" },
      { "id": "bny_04" }
    ]
  },
  "hotline": {
    "pool": [
      { "id": "jake" },
      { "id": "tonys_revenge" },
      { "id": "richter" },
      { "id": "alex" },
      { "id": "biker" },
      { "id": "corey" },
      { "id": "richard_returns" },
      { "id": "rooster" },
      { "id": "owl" },
      { "id": "pig" },
      { "id": "white_wolf" },
      { "id": "rabbit" },
      { "id": "horse" },
      { "id": "tiger" },
      { "id": "panther" }
    ]
  },
  "baby": {
    "pool": [
      { "id": "baby_angry" },
      { "id": "baby_cry" },
      { "id": "baby_happy" },
      { "id": "brazil_baby" }
    ]
  }
}
