{
    "heist": {
        "no_briefheist": "No Heist selected",
        "heist_firestarter": "Firestarter",
        "heist_alex": "Rats",
        "heist_welcome_to_the_jungle": "Big Oil",
        "heist_framing_frame": "Framing Frame",
        "heist_watchdogs": "Watchdogs",
        "heist_nightclub": "Nightclub",
        "heist_ukrainian_job": "Ukrainian Job",
        "heist_jewelry_store": "Jewelry Store",
        "heist_four_stores": "Four Stores",
        "heist_mallcrasher": "Mallcrasher",
        "heist_branchbank": "Bank Heist: Random",
        "heist_branchbank_deposit": "Bank Heist: Deposit",
        "heist_branchbank_cash": "Bank Heist: Cash",
        "heist_branchbank_gold": "Bank Heist: Gold",
        "heist_election_day": "Election Day",
        "heist_safehouse": "The safe house",
        "heist_arm_cro": "Transport: Crossroads",
        "heist_arm_und": "Transport: Underpass",
        "heist_arm_hcm": "Transport: Downtown",
        "heist_arm_par": "Transport: Park",
        "heist_arm_fac": "Transport: Harbor",
        "heist_arm_for": "Transport: Train Heist",
        "heist_rat": "Cook Off",
        "heist_family": "Diamond Store",
        "heist_big": "The Big Bank",
        "heist_roberts": "GO Bank",
        "heist_kosugi": "Shadow Raid",
        "heist_mia": "Hotline Miami",
        "heist_gallery": "Art Gallery",
        "heist_hox": "Hoxton Breakout",
        "heist_pines": "White Xmas",
        "heist_mus": "The Diamond",
        "heist_cage": "Car Shop",
        "heist_hox_3": "Hoxton Revenge",
        "heist_crojob1": "The Bomb: Dockyard",
        "heist_crojob2": "The Bomb: Forest",
        "heist_shoutout_raid": "Meltdown",
        "heist_arena": "The Alesso Heist",
        "heist_kenaz_full": "Golden Grin Casino",
        "heist_jolly": "Aftershock",
        "heist_red2": "First World Bank",
        "heist_dinner": "Slaughterhouse",
        "heist_pbr": "Beneath the Mountain",
        "heist_pbr2": "Birth of Sky",
        "heist_pal": "Counterfeit",
        "heist_cane": "Santa's Workshop",
        "heist_nail": "Lab Rats",
        "heist_peta": "Goat Simulator",
        "heist_man": "Undercover",
        "heist_dark": "Murky Station",
        "heist_mad": "Boiling Point",
        "heist_born": "The Biker Heist",
        "heist_short": "The Basics",
        "heist_short1": "Flash Drove - Stealth",
        "heist_short2": "Get The Coke - Loud",
        "heist_chill": "Safe House",
        "heist_chill_combat": "Safe House Raid",
        "heist_friend": "Scarface Mansion",
        "heist_moon": "Stealing Xmas",
        "heist_spa": "Brooklyn 10-10",
        "heist_fish": "The Yacht Heist",
        "heist_flat": "Panic Room",
        "heist_help": "Prison Nightmare",
        "heist_run": "Heat Street",
        "heist_glace": "Green Bridge",
        "heist_haunted": "Safe house Nightmare",
        "heist_dah": "Diamond Heist",
        "heist_rvd": "Reservoir Dogs Heist",
        "heist_brb": "Brooklyn Bank",
        "heist_hvh": "Cursed Kill Room",
        "heist_wwh": "Alaskan Deal"
    },
    "heist_image": {
        "heist_firestarter": "Firestarter",
        "heist_alex": "Rats",
        "heist_welcome_to_the_jungle": "Big Oil",
        "heist_framing_frame": "Framing Frame",
        "heist_watchdogs": "Watchdogs",
        "heist_nightclub": "Nightclub",
        "heist_ukrainian_job": "Ukrainian Job",
        "heist_jewelry_store": "Jewelry Store",
        "heist_four_stores": "Four Stores",
        "heist_mallcrasher": "Mallcrasher",
        "heist_branchbank": "Bank Heist: Random",
        "heist_branchbank_deposit": "Bank Heist: Deposit",
        "heist_branchbank_cash": "Bank Heist: Cash",
        "heist_branchbank_gold": "Bank Heist: Gold",
        "heist_election_day": "Election Day",
        "heist_safehouse": "The safe house",
        "heist_arm_cro": "Transport: Crossroads",
        "heist_arm_und": "Transport: Underpass",
        "heist_arm_hcm": "Transport: Downtown",
        "heist_arm_par": "Transport: Park",
        "heist_arm_fac": "Transport: Harbor",
        "heist_arm_for": "Transport: Train Heist",
        "heist_rat": "Cook Off",
        "heist_family": "Diamond Store",
        "heist_big": "The Big Bank",
        "heist_roberts": "GO Bank",
        "heist_kosugi": "Shadow Raid",
        "heist_mia": "Hotline Miami",
        "heist_gallery": "Art Gallery",
        "heist_hox": "Hoxton Breakout",
        "heist_pines": "White Xmas",
        "heist_mus": "The Diamond",
        "heist_cage": "Car Shop",
        "heist_hox_3": "Hoxton Revenge",
        "heist_crojob1": "The Bomb: Dockyard",
        "heist_crojob2": "The Bomb: Forest",
        "heist_shoutout_raid": "Meltdown",
        "heist_arena": "The Alesso Heist",
        "heist_kenaz_full": "Golden Grin Casino",
        "heist_jolly": "Aftershock",
        "heist_red2": "First World Bank",
        "heist_dinner": "Slaughterhouse",
        "heist_pbr": "Beneath the Mountain",
        "heist_pbr2": "Birth of Sky",
        "heist_pal": "Counterfeit",
        "heist_cane": "Santa's Workshop",
        "heist_nail": "Lab Rats",
        "heist_peta": "Goat Simulator",
        "heist_man": "Undercover",
        "heist_dark": "Murky Station",
        "heist_mad": "Boiling Point",
        "heist_born": "The Biker Heist",
        "heist_short": "The Basics",
        "heist_short1": "Flash Drove - Stealth",
        "heist_short2": "Get The Coke - Loud",
        "heist_chill": "Safe House",
        "heist_chill_combat": "Safe House Raid",
        "heist_friend": "Scarface Mansion",
        "heist_moon": "Stealing Xmas",
        "heist_spa": "Brooklyn 10-10",
        "heist_fish": "The Yacht Heist",
        "heist_flat": "Panic Room",
        "heist_help": "Prison Nightmare",
        "heist_run": "Heat Street",
        "heist_glace": "Green Bridge",
        "heist_haunted": "Safe house Nightmare",
        "heist_dah": "Diamond Heist",
        "heist_rvd": "Reservoir Dogs Heist",
        "heist_brb": "Brooklyn Bank",
        "heist_hvh": "Cursed Kill Room",
        "heist_wwh": "Alaskan Deal"
    },
    "difficulty": {
        "no_selected": "-",
        "normal": "NORMAL",
        "hard": "HARD",
        "overkill": "VERY HARD",
        "overkill_145": "OVERKILL",
        "easy_wish": "MAYHEM",
        "overkill_290": "DEATH WISH",
        "sm_wish": "DEATH SENTENCE"
    },
    "day": {
        "": "",
        "day 1": "day 1",
        "day 2": "day 2",
        "day 3": "day 3"
    },
    "character": {
        "dallas": "Dallas",
        "wolf": "Wolf",
        "chains": "Chains",
        "hoxton": "Houston",
        "jowi": "John Wick",
        "old_hoxton": "Hoxton",
        "female_1": "Clover",
        "dragan": "Dragan",
        "jacket": "Jacket",
        "bonnie": "Bonnie",
        "sokol": "Sokol",
        "dragon": "Jiro",
        "bodhi": "Bodhi",
        "jimmy": "Jimmy",
        "sydney": "Sydney",
        "wild": "Rust",
        "chico": "Scarface",
        "max": "Sangres",
        "myh": "Duke",
        "ecp_male": "Ethan",
        "ecp_female": "Hila"
    },
    "level": {
        "heist_hox_3_hl": "The Revenge",
        "heist_fish_hl": "The Yacht Heist",
        "heist_election_day_2_hl": "Swing Vote",
        "heist_branchbank_hl": "Bank Heist",
        "heist_cage_hl": "Car Shop",
        "heist_kosugi_hl": "Shadow Raid",
        "heist_dark_hl": "Murky Station",
        "heist_firestarter_2_hl": "FBI Server",
        "heist_framing_frame_3_hl": "Framing",
        "heist_arm_for_hl": "Transport: Train Heist",
        "heist_crojob2_hl": "The Bomb: Dockyard",
        "heist_friend_hl": "Scarface Mansion",
        "heist_red2_hl": "First World Bank",
        "heist_mus_hl": "The Diamond",
        "heist_roberts_hl": "GO Bank",
        "heist_big_hl": "The Big Bank",
        "heist_biker_train_hl": "Interception",
        "heist_firestarter_1_hl": "Air Port",
        "heist_arm_cro_hl": "Transport: Crossroads",
        "heist_arm_und_hl": "Transport: Underpass",
        "heist_arm_hcm_hl": "Transport: Downtown",
        "heist_arm_par_hl": "Transport: Park",
        "heist_arm_fac_hl": "Transport: Harbor",
        "heist_nail_hl": "Lab Rats",
        "heist_help_hl": "Prison Nightmare",
        "heist_watchdogs_1_hl": "Truck Load",
        "heist_pines_hl": "White Xmas",
        "heist_moon_hl": "Stealing Xmas",
        "heist_spa_hl": "Brooklyn 10-10",
        "heist_cane_hl": "Santa's Workshop",
        "heist_mia_2_hl": "Four Floors",
        "heist_pbr2_hl": "Birth of Sky",
        "heist_pal_hl": "Counterfeit",
        "heist_born_hl": "Lion's Den",
        "heist_hox_1_hl": "The Breakout",
        "heist_mia_1_hl": "Hotline Miami",
        "heist_pbr_hl": "Beneath the Mountain",
        "heist_man_hl": "Undercover",
        "heist_flat_hl": "Panic Room",
        "heist_run_hl": "Heat Street",
        "heist_dinner_hl": "Slaughterhouse",
        "heist_jolly_hl": "Aftershock",
        "heist_glace_hl": "Green Bridge",
        "heist_rat_hl": "Cook Off",
        "heist_welcome_to_the_jungle_2_hl": "Engine Problem",
        "heist_hox_2_hl": "The Search"
    }
}