{
	"igwsc_menu_title": "Цвет состояния ожидание в игре",
	"igwsc_menu_desc": "Настройте цвета текста статуса и статусные тексты на экране загрузки",
	
	"igwsc_options_help_title": "Помощь",
	"igwsc_option_help_desc": "Нужно знать определенный цветовой код? Нажмите эту кнопку 'Справка'",
	"igwsc_options_info_popup_message_help": "Этот мод использует индекс HTML Hex Color для изменения цвета текста.\n Вот список цветов и их HTML-шестнадцатеричных кодов, которые вы можете попробовать.\n Списки цветов Всех \n       Black      000000    White       FFFFFF\n        Red        FF0000    Lime       00FF00\n         Blue      0000FF    Yellow     FFFF00\n        Cyan      00FFFF    Magenta  FF00FF\n        Silver     C0C0C0    Gray       808080\n        Maroon   800000    Olive      808000\n        Green     008000    Purple    800080\n        Teal        008080    Navy       000080\n-Вы можете найти больше цветов Hex на многих веб-сайтах \ n- Если вы хотите изменить цвет, вы можете изменить его в поле 'Цвет'.Введите цветной код HTML Hex и нажмите 'Ввод', когда закончите.\n-Если вы не видите меню правильно, вы можете изменить цвет непосредственно из файла IGWSC.txt (It is located in \PAYDAY 2\\mods\\saves)\n",
	"igwsc_options_info_popup_close": "Закрыть",
	
	"igwsc_options_reset_title": "Сброс",
	"igwsc_options_reset_desc": "Сбросить стандартные цвета и тексты по умолчанию (Blue-JOINING, Yellow-LOADING, Green-READY и Red-NOT READY)",
	
	"dropin_text_title": "Установить Загрузка текста",
	"dropin_text_desc": "Напечатайте любые тексты, чтобы установить текст для состояния LOADING",
	
	"dropin_color_title": "Установить цвет загрузки",
	"dropin_color_desc": "Введите код цвета шестнадцатеричного цвета, чтобы установить цвет для состояния LOADING",
	
	"join_text_title": "Установить соединение текста",
	"join_text_desc": "Введите любые тексты, чтобы установить текст для статуса JOINING",
	
	"join_color_title": "Установить цвет соединения",
	"join_color_desc": "Введите код цвета шестнадцатеричного цвета, чтобы установить цвет для статуса СОХРАНИТЬ",
	
	"ready_text_title": "Установить готовый текст",
	"ready_text_desc": "Напечатайте любые тексты, чтобы установить текст для состояния READY",
	
	"ready_color_title": "Установить цвет готовности",
	"ready_color_desc": "Введите код цвета шестнадцатеричного цвета, чтобы установить цвет для состояния готовности",
	
	"unready_color_title": "Установить цвет не готов",
	"unready_color_desc": "Введите код цвета шестнадцатеричного цвета, чтобы установить цвет для состояния NOT READY",
	
	"unready_text_title": "Установить текст не готов",
	"unready_text_desc": "Напечатайте любые тексты, чтобы установить текст для статуса NOT READY"
}
