{
	"igwsc_menu_title": "เปลี่ยนสีสถานะภายในเกม",
	"igwsc_menu_desc": "ปรับเปลี่ยนสีและข้อความของสถานะในช่วงวางแผน",
	
	"igwsc_options_help_title": "ขอความช่วยเหลือ",
	"igwsc_option_help_desc": "ต้องการทราบค่าสีเฉพาะ คลิกที่ปุ่ม 'ขอความช่วยเหลือ' ได้เลย",
	"igwsc_options_info_popup_message_help": "Mod ตัวนี้ได้ใช้ค่ารหัสสีประเภท HTML Hex Color สำหรับการเปลี่ยนสีตัวอักษร \n หากคุณต้องการรู้รหัสสี นี่เป็นรายชื่อสีและค่ารหัสสีที่น่าสนใจ\n รายชื่อรหัสสีประเภท Hex Color\n        ดำ                   000000    ขาว             FFFFFF\n        แดง                 FF0000    เขียวมะนาว  00FF00\n        น้ำเงิน             0000FF    เหลือง         FFFF00\n        ฟ้า                  00FFFF    แดงอมม่วง FF00FF\n        เงิน                 C0C0C0    เทา             808080\n        แดงเลือดหมู    800000    เขียวขี้ม้า     808000\n        เขียว               008000    ม่วง            800080\n        เขียวอมน้ำเงิน 008080   กรมท่า       000080\n- คุณสามารถค้นหารหัสสีประเภท Hex Color ได้จากเว็บไซต์ต่าง ๆ\n- ถ้าคุณต้องการเปลี่ยนสี คุณสามารถเปลี่ยนได้จากการพิมพ์ค่ารหัสสีเข้าไปในช่อง 'ตั้งค่าสี' และกดแป้นพิมพ์ Enter เมื่อตั้งค่าสีเสร็จแล้ว\n- ในกรณีที่คุณไม่สามารถตั้งค่าจากเมนูได้ คุณสามารถเปลี่ยนสีได้โดยตรงจากไฟล์ IGWSC.txt \n(ไฟล์นี้จะอยู่ในห้อง \PAYDAY 2\\mods\\saves)\n",
	"igwsc_options_info_popup_close": "ปิดหน้าต่างนี้",
	
	"igwsc_options_reset_title": "ใช้ค่าเริ่มต้น",
	"igwsc_options_reset_desc": "เปลี่ยนข้อความและสีทั้งหมดเป็นค่าเริ่มต้น  (สีน้ำเงิน-กำลังเข้าร่วมเกม, สีเหลือ-กำลังโหลด, สีเขียว-พร้อม และสีแดง-ไม่พร้อม)",
	
	"dropin_text_title": "ตั้งค่าข้อความ กำลังโหลด",
	"dropin_text_desc": "พิมพ์ข้อความอะไรก็ได้เพื่อตั้งค่าข้อความสำหรับสถานะ กำลังโหลด",
	
	"dropin_color_title": "ตั้งค่าสีสถานะ กำลังโหลด",
	"dropin_color_desc": "พิมพ์ค่ารหัสสีแบบ Hex Color เพื่อตั้งค่าสีสำหรับสถานะ กำลังโหลด",
	
	"join_text_title": "ตั้งค่าข้อความ กำลังเข้าร่วมเกม",
	"join_text_desc": "พิมพ์ข้อความอะไรก็ได้เพื่อตั้งค่าข้อความสำหรับสถานะ กำลังเข้าร่วมเกม",
	
	"join_color_title": "ตั้งค่าสี กำลังเข้าร่วมเกม",
	"join_color_desc": "พิมพ์ค่ารหัสสีแบบ Hex Color เพื่อตั้งค่าสีสำหรับสถานะ กำลังเข้าร่วมเกม",
	
	"ready_text_title": "ตั้งค่าข้อความ พร้อม",
	"ready_text_desc": "พิมพ์ข้อความอะไรก็ได้เพื่อตั้งค่าข้อความสำหรับสถานะ พร้อม",
	
	"ready_color_title": "ตั้งค่าสี พร้อม",
	"ready_color_desc": "พิมพ์ค่ารหัสสีแบบ Hex Color เพื่อตั้งค่าสีสำหรับสถานะ พร้อม",
	
	"unready_color_title": "ตั้งค่าสี ไม่พร้อม",
	"unready_color_desc": "พิมพ์ค่ารหัสสีแบบ Hex Color เพื่อตั้งค่าสีสำหรับสถานะ ไม่พร้อม",
	
	"unready_text_title": "ตั้งค่าข้อความ ไม่พร้อม",
	"unready_text_desc": "พิมพ์ข้อความอะไรก็ได้เพื่อตั้งค่าข้อความสำหรับสถานะ ไม่พร้อม"
}
