{
	"menu_id" : "NepgearsyHUD_Main",
	"parent_menu_id" : "NepgearsyHUD",
	"title"	: "NepgearsyHUD_HudOptions_Title",
	"description" : "NepgearsyHUD_HudOptions_Desc",
	"items" : [
		{
		    "type" : "slider",
		    "id" : "NepgearsyHUD_AssaultBarThickness",
		    "title" : "NepgearsyHUD_AssaultBarThickness_Title",
		    "description" : "NepgearsyHUD_AssaultBarThickness_Desc",
		    "callback" : "NepgearsyHUD_AssaultBarThickness_Callback",
		    "value" : "NepgearsyHUD_AssaultBarThickness_Value",
		    "default_value" : 45,
		    "max" : 45,
		    "min" : 25,
		    "step" : 0.1
		},
		{
			"type" : "divider",
			"size" : 20
		},
		{
		    "type" : "toggle",
		    "id" : "NepgearsyHUD_EnableTeammatePanel",
		    "title" : "NepgearsyHUD_EnableTeammatePanel_Title",
		    "description" : "NepgearsyHUD_EnableTeammatePanel_Desc",
		    "callback" : "NepgearsyHUD_EnableTeammatePanel_Callback",
		    "value" : "NepgearsyHUD_EnableTeammatePanel_Value",
		    "default_value" : false
		},
		{
			"type" : "divider",
			"size" : 20
		},
		{
		    "type" : "toggle",
		    "id" : "NepgearsyHUD_DisableMinimap",
		    "title" : "NepgearsyHUD_DisableMinimap_Title",
		    "description" : "NepgearsyHUD_DisableMinimap_Desc",
		    "callback" : "NepgearsyHUD_DisableMinimap_Callback",
		    "value" : "NepgearsyHUD_DisableMinimap_Value",
		    "default_value" : false
		},
		{
			"type" : "multiple_choice",
			"id" : "NepgearsyHUD_SizeMinimap",
			"title" : "NepgearsyHUD_SizeMinimap_Title",
			"description" : "NepgearsyHUD_SizeMinimap_Desc",
			"callback" : "NepgearsyHUD_SizeMinimap_Callback",
			"items" : [
				"NepgearsyHUD_SizeMinimap_Normal",
				"NepgearsyHUD_SizeMinimap_Small",
				"NepgearsyHUD_SizeMinimap_Big"
			],
			"value" : "NepgearsyHUD_SizeMinimap_Value",
			"default_value" : 1
		},
		{
		    "type" : "toggle",
		    "id" : "NepgearsyHUD_ForceMinimap",
		    "title" : "NepgearsyHUD_ForceMinimap_Title",
		    "description" : "NepgearsyHUD_ForceMinimap_Desc",
		    "callback" : "NepgearsyHUD_ForceMinimap_Callback",
		    "value" : "NepgearsyHUD_ForceMinimap_Value",
		    "default_value" : false
		},
		{
		    "type" : "slider",
		    "id" : "NepgearsyHUD_ZoomMinimap",
		    "title" : "NepgearsyHUD_ZoomMinimap_Title",
		    "description" : "NepgearsyHUD_ZoomMinimap_Desc",
		    "callback" : "NepgearsyHUD_ZoomMinimap_Callback",
		    "value" : "NepgearsyHUD_ZoomMinimap_Value",
		    "default_value" : 1,
		    "max" : 2.5,
		    "min" : 0.35,
		    "step" : 0.1
		},
		{
			"type" : "divider",
			"size" : 20
		},
		{
		    "type" : "toggle",
		    "id" : "NepgearsyHUD_EnableXPInHud",
		    "title" : "NepgearsyHUD_EnableXPInHud_Title",
		    "description" : "NepgearsyHUD_EnableXPInHud_Desc",
		    "callback" : "NepgearsyHUD_EnableXPInHud_Callback",
		    "value" : "NepgearsyHUD_EnableXPInHud_Value",
		    "default_value" : false
		},
		{
			"type" : "divider",
			"size" : 20
		},
		{
			"type" : "multiple_choice",
			"id" : "NepgearsyHUD_CompactAssaultStateMode",
			"title" : "NepgearsyHUD_CompactAssaultStateMode_Title",
			"description" : "NepgearsyHUD_CompactAssaultStateMode_Desc",
			"callback" : "NepgearsyHUD_CompactAssaultStateMode_Callback",
			"items" : [
				"NepgearsyHUD_CompactAssaultStateMode_Normal",
				"NepgearsyHUD_CompactAssaultStateMode_MysteryDash"
			],
			"value" : "NepgearsyHUD_CompactAssaultStateMode_Value",
			"default_value" : 1
		},
		{
		    "type" : "toggle",
		    "id" : "NepgearsyHUD_EnableChatMessages",
		    "title" : "NepgearsyHUD_EnableChatMessages_Title",
		    "description" : "NepgearsyHUD_EnableChatMessages_Desc",
		    "callback" : "NepgearsyHUD_EnableChatMessages_Callback",
		    "value" : "NepgearsyHUD_EnableChatMessages_Value",
		    "default_value" : false
		}
	]
}