{
	"menu_id" : "NepgearsyHUD_Menu",
	"parent_menu_id" : "NepgearsyHUD",
	"title"	: "NepgearsyHUD_Menu_Title",
	"description" : "NepgearsyHUD_Menu_Desc",
	"items" : [
		{
		    "type" : "toggle",
		    "id" : "NepgearsyHUD_EnableHorizontalCrewSetup",
		    "title" : "NepgearsyHUD_EnableHorizontalCrewSetup_Title",
		    "description" : "NepgearsyHUD_EnableHorizontalCrewSetup_Desc",
		    "callback" : "NepgearsyHUD_EnableHorizontalCrewSetup_Callback",
		    "value" : "NepgearsyHUD_EnableHorizontalCrewSetup_Value",
		    "default_value" : true
		},
		{
			"type" : "divider",
			"size" : 20
		},
		{
		    "type" : "input",
		    "id" : "NepgearsyHUD_Starring_Text",
		    "title" : "NepgearsyHUD_Starring_Text_Title",
		    "description" : "NepgearsyHUD_Starring_Text_Desc",
		    "callback" : "NepgearsyHUD_Starring_Text_Callback",
		    "value" : "NepgearsyHUD_Starring_Text_Value",
		    "default_value" : ""
		},
		{
			"type" : "multiple_choice",
			"id" : "NepgearsyHUD_Starring_Color",
			"title" : "NepgearsyHUD_Starring_Color_Title",
			"description" : "NepgearsyHUD_Starring_Color_Desc",
			"callback" : "NepgearsyHUD_Starring_Color_Callback",
			"items" : [
				"NepHUD_Color_white",
				"NepHUD_Color_red",
				"NepHUD_Color_blue",
				"NepHUD_Color_green",
				"NepHUD_Color_yellow",
				"NepHUD_Color_orange",
				"NepHUD_Color_cyan",
				"NepHUD_Color_fushia",
				"NepHUD_Color_pink",
				"NepHUD_Color_blue_ocean",
				"NepHUD_Color_purple_leo",
				"NepHUD_Color_red_fushia"
			],
			"value" : "NepgearsyHUD_Starring_Color_Value",
			"default_value" : 1
		}
	]
}