{
	"base_options_menu_lua_mods" : "已安裝的模組",
	"base_options_menu_lua_mods_desc" : "檢查、開關你已安裝的模組",
	"base_options_menu_keybinds" : "模組按鍵",
	"base_options_menu_keybinds_desc" : "修改模組的按鍵",
	"base_options_menu_lua_mod_options" : "模組設定",
	"base_options_menu_lua_mod_options_desc" : "個人化你已安裝的模組",

	"base_mod_info_version" : "版本",
	"base_mod_info_author" : "作者",
	"base_mod_info_contact" : "聯絡方法",
	"base_mod_info_path" : "路徑",
	"base_mod_info_keybinds" : "按鍵",
	"base_mod_info_prehooks" : "Pre-Hooks",
	"base_mod_info_hooks" : "Hooks",
	"base_mod_info_persist" : "Persistent Scripts",
	"base_mod_info_disabled" : "已關閉",
	"base_mod_info_to_be_disabled" : "當重開遊戲時將會關閉",
	"base_mod_info_to_be_enabled" : "當重開遊戲時將會打開",
	"base_mod_info_disabled_impossible" : "不能關閉",

	"base_mod_info_no_name" : "沒有名稱",
	"base_mod_info_no_desc" : "作者很懶 沒有打介紹",
	"base_mod_info_no_author" : "沒有特定作者",
	"base_mod_info_no_contact" : "作者不想被你找到",
	"base_mod_info_no_keybinds" : "沒有新增按鍵",
	"base_mod_info_no_hooks" : "沒有 Hooks",
	"base_mod_info_no_prehooks" : "沒有 Pre-Hooks",
	"base_mod_info_no_persist_scripts" : "沒有 Persistent Scripts",

	"base_mod_notifications_none" : "沒有通知",
	"base_mod_notifications_prev" : "<",
	"base_mod_notifications_next" : ">",
	"base_mod_notifications_count" : "$current/$max",

	"base_mod_updates_all_up_to_date" : "所有模組都是最新！",
	"base_mod_updates_updates_required" : "$count 個模組需要更新",
    "base_mod_updates_mod_required" : " $count 個模組需要",
	"base_mod_updates_updates_required_row" : "        $mod",
	"base_mod_updates_click_manager" : "[點擊以查看更新管理員]",

	"base_mod_updates_update_all" : "更新所有模組",
	"base_mod_automically_check_for_updates" : "$mod_name 自動更新",
	"base_mod_automically_check_for_updates_desc" : "每次打開遊戲時，將會自動檢查模組有否更新",
	"base_mod_check_for_updates_now" : "現在檢查更新 $mod_name",
	"base_mod_check_for_updates_now_desc" : "現在檢查 $mod_name 有否更新",
    
    "base_mod_notify_required" : "$mod_name 通知",
	"base_mod_notify_required_desc" : "$mod_name 需要安裝某些模組時自動通知",
	"base_mod_download_required_now" : "現在下載 $mod_name",
	"base_mod_download_required_now_desc" : "現在下載及安裝 $mod_name",
    
	"base_mod_updates_show_update_available" : "$mod_name 有可用更新",
	"base_mod_updates_show_update_available_message" : "在左下方打開模組更新管理員！\n$mod_name 有更新！",

	"base_mod_updates_update_mod_now" : "現在更新 $mod_name",
	"base_mod_update_update_available" : "$mod_name 已經推出更新！\n你想現在就更新 $mod_name ？",
	"base_mod_updates_open_update_manager" : "打開模組更新管理員",
	"base_mod_updates_open_update_notes" : "查看更新記錄(需要打開Steam內嵌介面)",
	"base_mod_updates_update_now" : "現在更新",
	"base_mod_updates_update_later" : "未來更新",

    "base_mod_updates_show_required_available" : "現在下載 $mod_name",
	"base_mod_updates_show_required_available_message" : "$req_mod_name 需要先安裝 $mod_name ！\n你想現在下載 $mod_name ？",
	"base_mod_updates_show_required_available_optional_message" : "$req_mod_name 需要安裝 $mod_name 才能使用完整功能！\n你想現在下載 $mod_name ？",
	"base_mod_required_update_mod_now" : "現在下載",
	"base_mod_required_update_later" : "未來下載",
    "base_mod_updates_show_multiple_require_available" : "需要多個模組",
	"base_mod_updates_show_multiple_require_available_message" : "需要安裝以下的模組以使用完整功能：\n$mods\n你可在左下方打開模組更新管理員更新它們！",
    
	"base_mod_updates_show_multiple_update_available" : "多個可用更新",
	"base_mod_updates_show_multiple_update_available_message" : "你可在左下方打開模組更新管理員，以下模組有可用更新：\n$mods ！",
	"base_mod_updates_update_all_now" : "現在更新所有模組",

	"base_mod_update_no_update_available_title" : "$mod_name 已是最新版！",
	"base_mod_update_no_update_available" : "你已有最新版的 $mod_name 。\n你想自動重新下載及安裝 $mod_name ？",
	"base_mod_update_no_update_available_no_data" : "你已有最新版的 $mod_name 。",
	"base_mod_update_no_update_available_force" : "強制重新下載",

	"base_mod_download_downloading_mod" : "$mod_name 下載中",
	"base_mod_download_download_progress" : "已下載 $downloaded kb / $total kb",
	"base_mod_download_download_progress_extract" : "正在解壓縮檔案...",
	"base_mod_download_download_progress_complete" : "下載完成，請重新打開遊戲！",
	"base_mod_download_download_progress_failed" : "下載失敗，請重試！ :(",

	"base_language_select" : "語言",
	"base_language_select_desc" : "選擇 BLT 顯示的語言",
	"base_language_en" : "英語 English",
	"base_language_de" : "德語",
	"base_language_fr" : "法語",
	"base_language_ru" : "俄語",
	"base_language_tr" : "土耳共語",
	"base_language_id" : "印語"
}