{
	"menu_jowi" : "Wick",
	"hud_int_hold_grab_the_bag" : "Hold $BTN_INTERACT to grab the $BAG",
	
	"wolfhud_dialog_install_title" : "Install: $NAME",
	"wolfhud_dialog_install_desc" : "Do you want to install '$NAME'?",
	"wolfhud_dialog_remind_later" : "Ask me later",
	"wolfhud_dialog_install_fed_inv_desc" : "Federal Inventory is an override mod, that gives you colorized icons for your weapons masks and deployables.\nIt looks great in when used with CustomHUD and will use BLTs Updater.",
	"woldhud_notification_disabled_override_title" : "WolfHUD: $NAME is currently disabled.",
	"woldhud_notification_disabled_override_desc" : "If you changed your mind, click here to get asked again.",
	"woldhud_notification_restart_override_title" : "WolfHUD: $NAME is ready to install.",
	"woldhud_notification_restart_override_desc" : "Please restart your game to start the download.",
	
	"wolfhud_int_locked" : "PRESS $BTN_CANCEL TO INTERRUPT",
	"wolfhud_buy_all_assets" : "Buy All",
	"wolfhud_buy_all_assets_desc" : "Buy all the assets that you are permitted to acquire.",
	
	"wolfhud_advassault_phase_title" : "Assault Phase: ",
	"wolfhud_advassault_spawns_title" : "Spawns Left: ",
	"wolfhud_advassault_time_title" : "Time Left: ",
	"wolfhud_advassault_phase_build" : "Build",
	"wolfhud_advassault_phase_sustain" : "Sustain",
	"wolfhud_advassault_phase_fade" : "Fade",
	"wolfhud_advassault_time_overdue" : "OVERDUE",
	"wolfhud_locked_assault" : "Endless Police Assault!!!  Get out as soon as possible!!!",
	
	"wolfhud_customhud_interaction_done" : "DONE",
	"wolfhud_customhud_interaction_aborted" : "ABORTED",
	
	"wolfhud_hudlist_device_timer" : "Timer",
	"wolfhud_hudlist_device_drill" : "Drill",
	"wolfhud_hudlist_device_hack" : "Hack",
	"wolfhud_hudlist_device_saw" : "Saw",
	"wolfhud_hudlist_loot_armor" : "Armor",
	"wolfhud_hudlist_loot_bomb" : "Bomb",
	"wolfhud_hudlist_loot_weapon" : "Weapon",
	"wolfhud_hudlist_loot_diamond" : "Diamond",
	"wolfhud_hudlist_loot_evidence" : "Evidence",
	"wolfhud_hudlist_loot_toast" : "Toast",
	"wolfhud_hudlist_loot_crate" : "Crate",
	"wolfhud_hudlist_loot_toothbrush" : "Brush",
	
	"wolfhud_hudlist_buff_basic" : "Basic",
	"wolfhud_hudlist_buff_aced" : "Aced",
	"wolfhud_hudlist_buff_boost" : "Boost",
	"wolfhud_hudlist_buff_revive" : "Revive",
	"wolfhud_hudlist_buff_dmg_inc" : "+Dmg",
	"wolfhud_hudlist_buff_dmg_dec" : "-Dmg",
	"wolfhud_hudlist_buff_mdmg_inc" : "+M.Dmg",
	
	"wolfhud_tabstats_total_damage" : "Total Damage:",
	"wolfhud_tabstats_tanks_killed" : "Bulldozers killed:",
	"wolfhud_tabstats_cloakers_killed" : "Cloakers killed:",
	"wolfhud_tabstats_shields_killed" : "Shields killed:",
	"wolfhud_tabstats_snipers_killed" : "Snipers killed:",
	"wolfhud_tabstats_tasers_killed" : "Tasers killed:",
	"wolfhud_tabstats_gensec_killed" : "GENSEC killed:",
	"wolfhud_tabstats_medic_killed" : "Medics killed:",
	"wolfhud_tabstats_melee_kills" : "Melee Kills:",
	"wolfhud_tabstats_explosion_kills" : "Explosion Kills:",
	"wolfhud_tabstats_nonspecial_kills" : "Non Special Kills:",
	"wolfhud_tabstats_total_revives" : "Total Revives (P/AI):",
	"wolfhud_tabstats_alltime_stat" : "All Time:",
	
	"wolfhud_enemy_civilian" : "Civilian",
	"wolfhud_enemy_gangster" : "Gangster",
	"wolfhud_enemy_biker" : "Biker",
	"wolfhud_enemy_mobster" : "Russian Mobster",
	"wolfhud_enemy_security" : "Security Guard",
	"wolfhud_enemy_gensec" : "GENSEC Unit",
	"wolfhud_enemy_cop" : "Police Officer",
	"wolfhud_enemy_fbi" : "FBI Unit",
	"wolfhud_enemy_swat" : "SWAT Unit",
	"wolfhud_enemy_heavy_swat" : "Heavy SWAT",
	"wolfhud_enemy_city_swat" : "Elite Unit",
	"wolfhud_enemy_shield" : "Shield",
	"wolfhud_enemy_spook" : "Cloaker",
	"wolfhud_enemy_taser" : "Taser",
	"wolfhud_enemy_sniper" : "Sniper",
	"wolfhud_enemy_medic" : "Medic",
	"wolfhud_enemy_tank" : "Bulldozer",
	"wolfhud_enemy_tank_hw" : "Headless Dozer",
	"wolfhud_enemy_phalanx_minion" : "Winters Shield",
	"wolfhud_enemy_phalanx_vip" : "Captain Winters",
	"wolfhud_enemy_swat_van" : "SWAT TURRET",
	"wolfhud_enemy_ceiling_turret" : "TURRET",
	"wolfhud_enemy_sentry_gun" : "SENTRY GUN",
	"wolfhud_enemy_mobster_boss" : "The Comissar",
	"wolfhud_enemy_chavez_boss" : "Chavez",
	"wolfhud_enemy_biker_boss" : "Biker Boss",
	"wolfhud_enemy_bank_manager" : "Bank Manager",
	"wolfhud_enemy_inside_man" : "Inside Man",
	"wolfhud_enemy_escort_undercover" : "Taxman",
	"wolfhud_enemy_drunk_pilot" : "Drunk Pilot",
	"wolfhud_enemy_escort" : "Escort",
	"wolfhud_enemy_boris" : "Boris",
	"wolfhud_enemy_old_hoxton_mission" : "Hoxton / Locke",
	"wolfhud_enemy_hector_boss" : "Armoured Hector",
	"wolfhud_enemy_hector_boss_no_armor" : "Hector",
	"wolfhud_enemy_crew" : "Crew Member",
	
	
	"wolfhud_multiselect_all" : "All",
	"wolfhud_multiselect_none" : "None",
	"wolfhud_multiselect_disabled" : "Disabled",
	"wolfhud_multiselect_left" : "Left",
	"wolfhud_multiselect_center" : "Center",
	"wolfhud_multiselect_right" : "Right",
	
	"wolfhud_colors_white"  : "White",
	"wolfhud_colors_light_yellow"  : "Light Yellow",
	"wolfhud_colors_light_orange"  : "Light Orange",
	"wolfhud_colors_light_red"  : "Light Red",
	"wolfhud_colors_light_purple"  : "Light Purple",
	"wolfhud_colors_light_green"  : "Light Green",
	"wolfhud_colors_light_blue"  : "Light Blue",
	"wolfhud_colors_light_gray" : "Light Gray",
	"wolfhud_colors_yellow"  : "Yellow",
	"wolfhud_colors_orange"  : "Orange",
	"wolfhud_colors_red" : "Red",
	"wolfhud_colors_purple" : "Purple",
	"wolfhud_colors_green" : "Green",
	"wolfhud_colors_blue" : "Blue",
	"wolfhud_colors_gray" : "Gray",
	"wolfhud_colors_black" : "Black",
	"wolfhud_colors_rainbow" : "Rainbow",
	
	
	"wolfhud_options_name" : "WolfHUD Settings",
	"wolfhud_options_help" : "Customize WolfHUD with your personal preferences.",
	
	"wolfhud_skip_blackscreen_title" : "Skip Blackscreen",
	"wolfhud_skip_blackscreen_desc" : "Automatically skips the Blackscreen on Mission start.\n(Host only)",
	"wolfhud_stat_screen_delay_title" : "Stat Screen delay",
	"wolfhud_stat_screen_delay_desc" : "Proceeds X seconds, after your EXP got counted.\n(Host only, 0 = disabled) ",
	"wolfhud_loot_screen_pick_card_title" : "Auto pick card",
	"wolfhud_loot_screen_pick_card_desc" : "Automatically pick a card, when the loot screen is displayed.",
	"wolfhud_loot_screen_delay_title" : "Card Screen delay",
	"wolfhud_loot_screen_delay_desc" : "Proceeds X seconds after you got your loot drop.\n(Host only, 0 = disabled)",
	"wolfhud_replace_weapon_names_title" : "Real Weapon Names",
	"wolfhud_replace_weapon_names_desc" : "Replace the Weapon Names with their Real-World counterparts.\n(A Map change is needed to apply...)",
	"wolfhud_inventory_tab_names_title" : "Use Inventory Tab Names",
	"wolfhud_inventory_tab_names_desc" : "Customize your Inventory Tab Names.\n(Change names by editing '/mods/saves/WolfHUD_InventoryNames.txt')",
	"wolfhud_inventory_names_title" : "Show Inventory Box Names",
	"wolfhud_inventory_names_desc" : "Show the names of your weapons, armor, deployables, etc. inside its box in the inventory.",
	"wolfhud_skill_names_title" : "Show Skill Names",
	"wolfhud_skill_names_desc" : "Always show the names of skills in the skilltree view.",
	"wolfhud_show_mini_icons_title" : "Always show Mini-Icons",
	"wolfhud_show_mini_icons_desc" : "Always show the mod icons of all weapons, not just the selected one.",
	"wolfhud_no_slowmotion_title" : "No Slow Motion",
	"wolfhud_no_slowmotion_desc" : "Disable Slow Motion during mask up or when getting downed.",
	"wolfhud_reset_options_title" : "Reset Settings",
	"wolfhud_reset_options_desc" : "Reset all Settings to their default value.",
	"wolfhud_reset_options_confirm" : "Are you sure, you want to reset all Settings to their default value?",
	
	
	"wolfhud_panels_options_name" : "General HUD Panel Options",
	"wolfhud_panels_options_help" : "Options for all the general HUD panels, as CustomHUD, Suspicion, Damage Indicator, DrivingHUD and many more.",
	
	"wolfhud_use_customhud_title" : "Use CustomHUD",
	"wolfhud_use_customhud_desc" : "Replace the default HUD with the advanced CustomHUD, made by Se7en.\n(A Map change is needed to apply...)",
	"wolfhud_adv_assault_title" : "Advanced Assault Banner",
	"wolfhud_adv_assault_desc" : "Show assault phase, time and spawns left during assault.\n(Host Only)",
	"wolfhud_assault_position_title": "Assault Position",
	"wolfhud_assault_position_desc" : "Horizontal position of the Assault banner.",
	"wolfhud_pacified_civs_title" : "Show Pacified Civilians",
	"wolfhud_pacified_civs_desc" : "Change the waypoint of untied civilians, while they are pacified.",
	"wolfhud_use_realammo_title" : "Use Real Ammo",
	"wolfhud_use_realammo_desc" : "Shows ammo left, not taking the rounds in your current magazine into account.",
	"wolfhud_enable_burstmode_title" : "Enable Burst mode",
	"wolfhud_enable_burstmode_desc" : "Enable a burst fire mode for your weapons.",
	
	
	"wolfhud_playerpanel_options_name" : "Player Panel",
	"wolfhud_playerpanel_options_help" : "Setting for your own HUD Panel.",
	
	"wolfhud_teampanels_options_name" : "Teammate Panels",
	"wolfhud_teampanels_options_help" : "Settings for your Teammates HUD Panels.",
	
	"wolfhud_panels_position_title" : "Position",
	"wolfhud_panels_position_desc" : "Horizontal position of the HUD panel.",
	"wolfhud_panels_scale_title" : "Scale",
	"wolfhud_panels_scale_desc" : "Scaling factor of the HUD Panel.",
	"wolfhud_panels_oppacity_title" : "Oppacity",
	"wolfhud_panels_oppacity_desc" : "Select the Oppacity of the HUD panel.",
	"wolfhud_panels_show_name_title" : "Show Name",
	"wolfhud_panels_show_name_desc" : "Display the players name.",
	"wolfhud_panels_show_rank_title" : "Show Rank",
	"wolfhud_panels_rank_name_desc" : "Show the players rank.",
	"wolfhud_panels_show_char_title" : "Show Character",
	"wolfhud_panels_show_char_desc" : "Show the players choosen character.",
	"wolfhud_panels_show_ping_title" : "Show Ping",
	"wolfhud_panels_show_ping_desc" : "Show the players ping to you.",
	"wolfhud_panels_show_status_title" : "Show Status",
	"wolfhud_panels_show_status_desc" : "Show the players status (health, armor, etc.)",
	"wolfhud_panels_show_equip_title" : "Show Equipment",
	"wolfhud_panels_show_equip_desc" : "Show the players equipment.",
	"wolfhud_panels_show_special_equip_title" : "Show Special Equipment",
	"wolfhud_panels_show_special_equip_desc" : "Show the players picked up special equipment.",
	"wolfhud_panels_special_equip_rows_title" : "Special Equipment Rows",
	"wolfhud_panels_special_equip_rows_desc" : "Number of Special Equipment Items that get placed in one column.",
	"wolfhud_panels_show_callsign_title" : "Show Callsign",
	"wolfhud_panels_show_callsign_desc" : "Show a callsign for that player.",
	"wolfhud_panels_show_stamina_title" : "Show Stamina",
	"wolfhud_panels_show_stamina_desc" : "Shows a Stamina circle inside your Healthbar.",
	"wolfhud_panels_show_downcounter_title" : "Show Downcounter",
	"wolfhud_panels_show_downcounter_desc" : "Shows a downcounter for each non AI. \nThe counter shows your downs left and your teammates downs count.",
	"wolfhud_panels_show_carry_title" : "Show Carry",
	"wolfhud_panels_show_carry_desc" : "Show carry information.",
	"wolfhud_panels_build_show_title" : "Show Build",
	"wolfhud_panels_build_show_desc" : "Show a joining players build.",
	"wolfhud_panels_build_time_title" : "Display Build time",
	"wolfhud_panels_build_time_desc" : "Show a joining players build for X seconds.\n(0 = Always)",
	"wolfhud_panels_weapon_icon_title" : "Weapon Icons",
	"wolfhud_panels_weapon_icon_desc" : "Which weapon icons do you want to see?",
	"wolfhud_panels_weapon_name_title" : "Weapon Names",
	"wolfhud_panels_weapon_name_desc" : "Display weapon names?",
	"wolfhud_panels_weapon_ammo_title" : "Weapon Ammo",
	"wolfhud_panels_weapon_ammo_desc" : "Weapon ammo display mode.",
	"wolfhud_panels_weapon_firemode_title" : "Weapon Firemode",
	"wolfhud_panels_weapon_firemode_desc" : "Show weapon fire mode, or hide it.",
	"wolfhud_panels_hide" : "Hide",
	"wolfhud_panels_selected" : "Selected Only",
	"wolfhud_panels_unselected" : "Unselected Only",
	"wolfhud_panels_both" : "Both",
	"wolfhud_panels_ammo_total" : "Only total Ammo",
	"wolfhud_panels_show_interaction_title" : "Show Interaction",
	"wolfhud_panels_show_interaction_desc" : "Show your teammates interaction.",
	"wolfhud_panels_interaction_time_title" : "Min Interaction Duration",
	"wolfhud_panels_interaction_time_desc" : "Only show teammates interactiom, if its longer than X seconds.",
	
	
	"wolfhud_chat_options_name" : "Chat options",
	"wolfhud_chat_options_help" : "Options to customize chat behavior.",
	
	"wolfhud_chat_waittime_title" : "Chat Fade Time",
	"wolfhud_chat_waittime_desc" : "The time after which the chat fades out\n(0 = Never)",
	"wolfhud_chat_fontsize_title" : "Chat Font Size",
	"wolfhud_chat_fontsize_desc" : "Font Size for the ingame Chat-Box.",
	"wolfhud_chat_outputlines_title" : "Max Chat Output Lines",
	"wolfhud_chat_outputlines_desc" : "Max Lines to display before scrolling is enabled.",
	"wolfhud_spam_filter_title" : "Chat Spam Filter",
	"wolfhud_spam_filter_desc" : "Removes PocoHUD and [NGBTO] spam messages from your chat.",
	
	
	"wolfhud_suspicion_options_name" : "Suspicion options",
	"wolfhud_suspicion_options_help" : "Options for the size of the suspicion panel, as well as its visible components.",
	
	"wolfhud_suspicion_scale_title" : "Suspicion Scale",
	"wolfhud_suspicion_scale_desc" : "Scaling factor for the suspicon panel elements.",
	"wolfhud_susp_eye_title" : "Display Suspicion Eye",
	"wolfhud_susp_eye_desc" : "Display the default suspicion elements.",
	"wolfhud_susp_numberic_title" : "Show numberic Suspicion",
	"wolfhud_susp_numberic_desc" : "Show numberic suspicion value.",
	
	
	"wolfhud_killcounter_options_name" : "Killcounter Options",
	"wolfhud_killcounter_options_help" : "Options for the appearance of the kill counter",
	
	"wolfhud_killcounter_player_show_killcount_title" : "Display Player Killcounter",
	"wolfhud_killcounter_player_show_killcount_desc" : "Display a killcounter on your HUD.",
	"wolfhud_killcounter_player_color_title" : "Player Killcounter Color",
	"wolfhud_killcounter_player_color_desc" : "Select the color for your killcounter.",
	"wolfhud_killcounter_player_show_special_title" : "Count Player Special enemy kills",
	"wolfhud_killcounter_player_show_special_desc" : "Display kills of special enemies seperately.",
	"wolfhud_killcounter_player_show_head_title" : "Count Player Headshots",
	"wolfhud_killcounter_player_show_head_desc" : "Display headshots seperately.",
	"wolfhud_killcounter_player_show_accuracy_title" : "Show Player Accuracy",
	"wolfhud_killcounter_player_show_accuracy_desc" : "Display your current accuracy on your HUD.",
	"wolfhud_killcounter_team_show_killcount_title" : "Display Teammate Killcounter",
	"wolfhud_killcounter_team_show_killcount_desc" : "Display a killcounter on your teammates HUDs.",
	"wolfhud_killcounter_team_color_title" : "Teammate Killcounter Color",
	"wolfhud_killcounter_team_color_desc" : "Select the color of the killcounters for your teammates.",
	"wolfhud_killcounter_team_show_special_title" : "Count Teammate Special enemy kills",
	"wolfhud_killcounter_team_show_special_desc" : "Display kills of special enemies seperately.",
	"wolfhud_killcounter_team_show_head_title" : "Count Teammate Headshots",
	"wolfhud_killcounter_team_show_head_desc" : "Display headshots seperately.",
	"wolfhud_killcounter_team_show_ai_title" : "Killcounter for AI",
	"wolfhud_killcounter_team_show_ai_desc" : "Do Bots get a Killcounter too?",
	"wolfhud_corpse_limit_title" : "Corpse Limit",
	"wolfhud_corpse_limit_desc" : "How much corpses should we allow to lay around at the same time?\n(A Map change is needed to apply...)",
	
	
	"wolfhud_drivinghud_options_name" : "DrivingHUD Options",
	"wolfhud_drivinghud_options_help" : "Some options for DrivingHUD.",
	
	"wolfhud_show_drivinghud_title" : "Show Driving HUD",
	"wolfhud_show_drivinghud_desc" : "Show a little HUD in the bottom right while driving.\n(A Map change is needed to apply...)",
	"wolfhud_drivinghud_scale_title" : "Scale",
	"wolfhud_drivinghud_scale_desc" : "Scaling factor for DrivingHUD.",
	"wolfhud_drivinghud_show_vehicle_title" : "Show Vehicle Image",
	"wolfhud_drivinghud_show_vehicle_desc" : "Display a little image of the vehicle and masks of player driving with you.",
	"wolfhud_drivinghud_show_health_title" : "Show health",
	"wolfhud_drivinghud_show_health_desc" : "Display the vehilces health bar.",
	"wolfhud_drivinghud_show_loot_title" : "Show Loot",
	"wolfhud_drivinghud_show_loot_desc" : "Dispaly the vehicles currently loaded and maximum loot numbers.",
	"wolfhud_drivinghud_show_passengers_title" : "Show Passengers",
	"wolfhud_drivinghud_show_passengers_desc" : "Show the amount of passengers in the vehicle and the total amount of seats.",
	"wolfhud_drivinghud_show_gear_title" : "Show Gear",
	"wolfhud_drivinghud_show_gear_desc" : "Display which gear you are drivimg in.",
	"wolfhud_drivinghud_show_speed_title" : "Show Speed",
	"wolfhud_drivinghud_show_speed_desc" : "Display the vehicles current speed.",
	"wolfhud_drivinghud_speed_in_mph_title" : "Speed in mph",
	"wolfhud_drivinghud_speed_in_mph_desc" : "Display the speed in mph.\n(Uses km/h otherwise.)",
	"wolfhud_drivinghud_show_rpm_title" : "Show RPM",
	"wolfhud_drivinghud_show_rpm_desc" : "Display the vehicles revolutions per minute.",
	
	
	"wolfhud_infopanels_options_name" : "HUD Info Options",
	"wolfhud_infopanels_options_help" : "Options for the info boxes of HUD List.",
	
	"wolfhud_use_hudlist_title" : "Use HUDList",
	"wolfhud_use_hudlist_desc" : "HUDList can display many useful things, incl. Drill timers, enemy or loot count, assets on the map, etc. (A Map change is needed to apply...)",
	"wolfhud_hudlist_scale_right_title" : "Right List Scale",
	"wolfhud_hudlist_scale_right_desc" : "Scaling factor of the right list items.",
	"wolfhud_hudlist_scale_left_title" : "Left List Scale",
	"wolfhud_hudlist_scale_left_desc" : "Scaling factor of the left list items.",
	"wolfhud_hudlist_scale_buff_title" : "Buff List Scale",
	"wolfhud_hudlist_scale_buff_desc" : "Scaling factor of the buff list items.",
	"wolfhud_hudlist_box_color_title" : "Box Font Color",
	"wolfhud_hudlist_box_color_desc" : "Front color for Left- and Right List Boxes.\n(Currently a Map change is needed to apply...)",
	"wolfhud_hudlist_box_bg_color_title" : "Box Background Color",
	"wolfhud_hudlist_box_bg_color_desc" : "Background color for Left- and Right List Boxes.\n(Currently a Map change is needed to apply...)",
	"wolfhud_hudlist_civcolor_title" : "Civilian Color",
	"wolfhud_hudlist_civcolor_desc" : "Color for Civilians and Hostages in EnemyCounter.",
	"wolfhud_hudlist_thugcolor_title" : "Thug Color",
	"wolfhud_hudlist_thugcolor_desc" : "Color for Thugs and Mobsters in EnemyCounter.",
	"wolfhud_hudlist_copcolor_title" : "Enemy Color",
	"wolfhud_hudlist_copcolor_desc" : "Color for Cops, SWATs and Heavy SWATs in EnemyCounter.",
	"wolfhud_hudlist_specialcolor_title" : "Special Color",
	"wolfhud_hudlist_specialcolor_desc" : "Color for Specials and Turrets in EnemyCounter.",
	
	
	"wolfhud_infopanels_left_options_name" : "Left List Options",
	"wolfhud_infopanels_left_options_help" : "Options for the left info list.",
	
	"wolfhud_hudlist_show_timers_title" : "Show Timers",
	"wolfhud_hudlist_show_timers_desc" : "Display Timers for Drills, Hacks, etc.",
	"wolfhud_hudlist_show_equipment_desc" : "Determine if we should display that equipment on the right side of your screen.",
	"wolfhud_hudlist_show_ammo_bags_title" : "Show Ammo Bags",
	"wolfhud_hudlist_show_doc_bags_title" : "Show Medic Bags",
	"wolfhud_hudlist_show_body_bags_title" : "Show Body Bags",
	"wolfhud_hudlist_show_grenade_crates_title" : "Show Grenades",
	"wolfhud_hudlist_sentries_title" : "Show Sentries",
	"wolfhud_hudlist_sentries_desc" : "Show Sentry health and ammo.",
	"wolfhud_hudlist_hide_empty_sentries_title" : "Hide empty Sentries",
	"wolfhud_hudlist_hide_empty_sentries_desc" : "Hide empty senty Boxes.",
	"wolfhud_hudlist_show_ecms_title" : "Show ECMs",
	"wolfhud_hudlist_show_ecms_desc" : "Show Timer for ECM's ",
	"wolfhud_hudlist_show_ecm_retrigger_title" : "Show ECM retrigger",
	"wolfhud_hudlist_show_ecm_retrigger_desc" : "Show, when an ECM is ready to be retriggered.",
	"wolfhud_hudlist_show_minions_title" : "Show Jokers",
	"wolfhud_hudlist_show_minions_desc" : "Show health of all jokered Cops.",
	"wolfhud_hudlist_show_pagers_title" : "Show Pager",
	"wolfhud_hudlist_show_pagers_desc" : "Show Timer for remaining pager time, before the alarm triggers.",
	"wolfhud_hudlist_show_tape_loop_title" : "Show Camera Loop",
	"wolfhud_hudlist_show_tape_loop_desc" : "Show camera loop countdown timer.",
	"wolfhud_hudlist_remove_answered_pagers_title" : "Remove Pager Contour",
	"wolfhud_hudlist_remove_answered_pagers_desc" : "Remove the pager countour, if it is already getting answered.",
	
	
	"wolfhud_infopanels_right_options_name" : "Right List Options",
	"wolfhud_infopanels_right_options_help" : "Options for the right info list.",
	
	
	"wolfhud_hudlist_show_enemies_title" : "Show Enemies",
	"wolfhud_hudlist_show_enemies_desc" : "Show the amount of Enemies on the map.",
	"wolfhud_hudlist_aggregate_enemies_title" : "Aggregate Enemies",
	"wolfhud_hudlist_aggregate_enemies_desc" : "Show one HUD Box for all Enemies.",
	"wolfhud_hudlist_show_turrets_title" : "Show Turrets",
	"wolfhud_hudlist_show_turrets_desc" : "Show amount of turret vans on the map.",
	"wolfhud_hudlist_show_civilians_title" : "Show Civillians",
	"wolfhud_hudlist_show_civilians_desc" : "Show amount of untied civillians on the map.",
	"wolfhud_hudlist_show_hostages_title" : "Show Hostages",
	"wolfhud_hudlist_show_hostages_desc" : "show amount of civillian hostages.",
	"wolfhud_hudlist_aggregate_hostages_title" : "Aggregate Hostages",
	"wolfhud_hudlist_aggregate_hostages_desc" : "Show all types of hostages in a singe info box.",
	"wolfhud_hudlist_show_minion_count_title" : "Show Minion Count",
	"wolfhud_hudlist_show_minion_count_desc" : "Show amount of cop hostages.",
	"wolfhud_hudlist_show_pager_count_title" : "Show Pager Count",
	"wolfhud_hudlist_show_pager_count_desc" : "Display the amount of triggered pagers while in stealth.",
	"wolfhud_hudlist_show_cam_count_title" : "Show Camera Count",
	"wolfhud_hudlist_show_cam_count_desc" : "Show the amount of active cameras while in stealth.",
	"wolfhud_hudlist_show_bodybags_count_title" : "Show Body Bag Count",
	"wolfhud_hudlist_show_bodybags_count_desc" : "Show the amount of bodybags in your extended inventory directly on your screen while in stealth.",
	"wolfhud_hudlist_show_corpse_count_title" : "Show Corpse Count",
	"wolfhud_hudlist_show_corpse_count_desc" : "Show the amount of Corpses and bagged bodies on the map while in stealth.",
	"wolfhud_hudlist_show_loot_title" : "Show Loot",
	"wolfhud_hudlist_show_loot_desc" : "Count the baggable Loot on the current map.",
	"wolfhud_hudlist_aggregate_loot_title" : "Aggregate Loot",
	"wolfhud_hudlist_aggregate_loot_desc" : "Show all loot types in one count value.",
	"wolfhud_hudlist_separate_bagged_loot_title" : "Separate bagged Loot",
	"wolfhud_hudlist_separate_bagged_loot_desc" : "Separate unbagged and bagged loot counter.",
	"wolfhud_hudlist_show_potential_loot_title" : "Show potential loot",
	"wolfhud_hudlist_show_potential_loot_desc" : "Show the amount of crates on the map in the loot counter. \n(Remember, crates might be empty...)",
	"wolfhud_hudlist_show_special_pickups_title" : "Show Special Pickups",
	"wolfhud_hudlist_show_special_pickups_desc" : "Show amount of chemicals, keycards and other stuff on the map.",
	
	
	"wolfhud_infopanels_buff_options_name" : "Buff List Options",
	"wolfhud_infopanels_buff_options_help" : "Options for the buff info list."
	
	
	"wolfhud_infopanels_buff_mastermind_options_name" : "Mastermind Skills",
	"wolfhud_infopanels_buff_mastermind_options_help" : "Enable or Disable visual indicators for Mastermind Skills.\n(A map restart is needed to apply...)",
	"wolfhud_infopanels_buff_enforcer_options_name" : "Enforcer Skills",
	"wolfhud_infopanels_buff_enforcer_options_help" : "Enable or Disable visual indicators for Enforcer Skills.\n(A map restart is needed to apply...)",
	"wolfhud_infopanels_buff_technician_options_name" : "Technician Skills",
	"wolfhud_infopanels_buff_technician_options_help" : "Enable or Disable visual indicators for Technician Skills.\n(A map restart is needed to apply...)",
	"wolfhud_infopanels_buff_ghost_options_name" : "Ghost Skills",
	"wolfhud_infopanels_buff_ghost_options_help" : "Enable or Disable visual indicators for Ghost Skills.\n(A map restart is needed to apply...)",
	"wolfhud_infopanels_buff_fugitive_options_name" : "Fugitive Skills",
	"wolfhud_infopanels_buff_fugitive_options_help" : "Enable or Disable visual indicators for Fugitive Skills.\n(A map restart is needed to apply...)",
	"wolfhud_infopanels_buff_perkdecks_options_name" : "Perk Decks",
	"wolfhud_infopanels_buff_perkdecks_options_help" : "Enable or Disable visual indicators for Perk Decks.\n(A map restart is needed to apply...)",
	
	"wolfhud_hudlist_show_buffs_title" : "Show Buffs",
	"wolfhud_hudlist_show_buffs_desc" : "Display active Buffs in the bottom center of your screen.",
	"wolfhud_hudlist_damage_increase_compbuff_title" : "Damage Increase Buff",
	"wolfhud_hudlist_damage_increase_compbuff_desc" : "Composite Buff item, displays added value of all damage increasing skills.",
	"wolfhud_hudlist_damage_reduction_compbuff_title" : "Damage Reduction Buff",
	"wolfhud_hudlist_damage_reduction_compbuff_desc" : "Composite Buff item, displays added value of all damage reducing skills.",
	"wolfhud_hudlist_melee_damage_increase_compbuff_title" : "Melee Damage Increase Buff",
	"wolfhud_hudlist_melee_damage_increase_compbuff_desc" : "Composite Buff item, displays added value of all meleedamage increasing skills.",
	"wolfhud_hudlist_aggressive_reload_aced_buff_title" : "Aggressive Reload",
	"wolfhud_hudlist_aggressive_reload_aced_buff_desc" : "",
	"wolfhud_hudlist_ammo_efficiency_buff_title" : "Ammo Efficency",
	"wolfhud_hudlist_ammo_efficiency_buff_desc" : "",
	"wolfhud_hudlist_armor_break_invulnerable_buff_title" : "Blitzkrieg Bop (Anarchist)",
	"wolfhud_hudlist_armor_break_invulnerable_buff_desc" : "",
	"wolfhud_hudlist_berserker_buff_title" : "Berserker",
	"wolfhud_hudlist_berserker_buff_desc" : "Part of Composite Buffs.",
	"wolfhud_hudlist_biker_buff_title" : "Regen Debuff (Biker)",
	"wolfhud_hudlist_biker_buff_desc" : "",
	"wolfhud_hudlist_bloodthirst_basic_buff_title" : "Bloodthirst (Basic)",
	"wolfhud_hudlist_bloodthirst_basic_buff_desc" : "Part of Composite Buffs.",
	"wolfhud_hudlist_bloodthirst_aced_buff_title" : "Bloodthirst (Aced)",
	"wolfhud_hudlist_bloodthirst_aced_buff_desc" : "",
	"wolfhud_hudlist_bullet_storm_buff_title" : "Bullet Storm",
	"wolfhud_hudlist_bullet_storm_buff_desc" : "",
	"wolfhud_hudlist_close_contact_buff_title" : "Close Contact (Infiltrator)",
	"wolfhud_hudlist_close_contact_buff_desc" : "Part of Composite Buffs.",
	"wolfhud_hudlist_combat_medic_buff_title" : "Combat Medic (Active)",
	"wolfhud_hudlist_combat_medic_buff_desc" : "Part of Composite Buffs.",
	"wolfhud_hudlist_combat_medic_passive_buff_title" : "Combat Medic (Passive)",
	"wolfhud_hudlist_combat_medic_passive_buff_desc" : "Part of Composite Buffs.",
	"wolfhud_hudlist_desperado_buff_title" : "Desperados",
	"wolfhud_hudlist_desperado_buff_desc" : "",
	"wolfhud_hudlist_die_hard_buff_title" : "Die Hard",
	"wolfhud_hudlist_die_hard_buff_desc" : "Part of Composite Buffs.",
	"wolfhud_hudlist_dire_need_buff_title" : "Dire Need",
	"wolfhud_hudlist_dire_need_buff_desc" : "",
	"wolfhud_hudlist_grinder_buff_title" : "Health Regen (Grinder)",
	"wolfhud_hudlist_grinder_buff_desc" : "",
	"wolfhud_hudlist_hostage_situation_buff_title" : "Hostage Situation (Crew Chief)",
	"wolfhud_hudlist_hostage_situation_buff_desc" : "Part of Composite Buffs.",
	"wolfhud_hudlist_hostage_taker_buff_title" : "Hostage Taker",
	"wolfhud_hudlist_hostage_taker_buff_desc" : "",
	"wolfhud_hudlist_inspire_buff_title" : "Inspire (Boost)",
	"wolfhud_hudlist_inspire_buff_desc" : "",
	"wolfhud_hudlist_lock_n_load_buff_title" : "Lock 'n' Load",
	"wolfhud_hudlist_lock_n_load_buff_desc" : "",
	"wolfhud_hudlist_melee_stack_damage_buff_title" : "Melee Stack damage (Infiltrator)",
	"wolfhud_hudlist_melee_stack_damage_buff_desc" : "Part of Composite Buffs.",
	"wolfhud_hudlist_maniac_buff_title" : "Damage Reduction (Maniac)",
	"wolfhud_hudlist_maniac_buff_desc" : "",
	"wolfhud_hudlist_muscle_regen_buff_title" : "Health Regen (Muscle)",
	"wolfhud_hudlist_muscle_regen_buff_desc" : "",
	"wolfhud_hudlist_messiah_buff_title" : "Messiah",
	"wolfhud_hudlist_messiah_buff_desc" : "",
	"wolfhud_hudlist_overdog_buff_title" : "Overdog (Infiltrator)",
	"wolfhud_hudlist_overdog_buff_desc" : "",
	"wolfhud_hudlist_overkill_buff_title" : "Overkill",
	"wolfhud_hudlist_overkill_buff_desc" : "Part of Composite Buffs.",
	"wolfhud_hudlist_painkiller_buff_title" : "Painkiller",
	"wolfhud_hudlist_painkiller_buff_desc" : "Part of Composite Buffs.",
	"wolfhud_hudlist_partner_in_crime_buff_title" : "Partner in Crime",
	"wolfhud_hudlist_partner_in_crime_buff_desc" : "Part of Composite Buffs.",
	"wolfhud_hudlist_running_from_death_buff_title" : "Running from Death",
	"wolfhud_hudlist_running_from_death_buff_desc" : "",
	"wolfhud_hudlist_quick_fix_buff_title" : "Quick Fix",
	"wolfhud_hudlist_quick_fix_buff_desc" : "Part of Composite Buffs.",
	"wolfhud_hudlist_second_wind_buff_title" : "Second Wind",
	"wolfhud_hudlist_second_wind_buff_desc" : "",
	"wolfhud_hudlist_sixth_sense_buff_title" : "Sixth Sense",
	"wolfhud_hudlist_sixth_sense_buff_desc" : "",
	"wolfhud_hudlist_swan_song_buff_title" : "Swan Song",
	"wolfhud_hudlist_swan_song_buff_desc" : "",
	"wolfhud_hudlist_tooth_and_claw_buff_title" : "Tooth and Claw (Hitman)",
	"wolfhud_hudlist_tooth_and_claw_buff_desc" : "",
	"wolfhud_hudlist_trigger_happy_buff_title" : "Trigger Happy",
	"wolfhud_hudlist_trigger_happy_buff_desc" : "Part of Composite Buffs.",
	"wolfhud_hudlist_underdog_buff_title" : "Underdog",
	"wolfhud_hudlist_underdog_buff_desc" : "Part of Composite Buffs.",
	"wolfhud_hudlist_unseen_strike_buff_title" : "Unseen Strike",
	"wolfhud_hudlist_unseen_strike_buff_desc" : "",
	"wolfhud_hudlist_up_you_go_buff_title" : "Up you Go",
	"wolfhud_hudlist_up_you_go_buff_desc" : "Part of Composite Buffs.",
	"wolfhud_hudlist_uppers_buff_title" : "Uppers",
	"wolfhud_hudlist_uppers_buff_desc" : "",
	"wolfhud_hudlist_yakuza_buff_title" : "Armor Regen Speed (Yakuza)",
	"wolfhud_hudlist_yakuza_buff_desc" : "",
	"wolfhud_hudlist_anarchist_armor_recovery_debuff_title" : "Lust for Life (Anarchist)",
	"wolfhud_hudlist_anarchist_armor_recovery_debuff_desc" : "",
	"wolfhud_hudlist_ammo_give_out_debuff_title" : "Ammo give out Debuff (Gambler)",
	"wolfhud_hudlist_ammo_give_out_debuff_desc" : "",
	"wolfhud_hudlist_bullseye_debuff_title" : "Bullseye Debuff",
	"wolfhud_hudlist_bullseye_debuff_desc" : "",
	"wolfhud_hudlist_inspire_debuff_title" : "Inspire Boost Debuff",
	"wolfhud_hudlist_inspire_debuff_desc" : "",
	"wolfhud_hudlist_inspire_revive_debuff_title" : "Inspire Revive Debuff",
	"wolfhud_hudlist_inspire_revive_debuff_desc" : "",
	"wolfhud_hudlist_life_drain_debuff_title" : "Life Drain Debuff (Infiltrator)",
	"wolfhud_hudlist_life_drain_debuff_desc" : "",
	"wolfhud_hudlist_medical_supplies_debuff_title" : "Medical Supplies Debuff (Gambler)",
	"wolfhud_hudlist_medical_supplies_debuff_desc" : "",
	"wolfhud_hudlist_sociopath_debuff_title" : "Regen Debuff (Sociopath)",
	"wolfhud_hudlist_sociopath_debuff_desc" : "",
	"wolfhud_hudlist_armorer_teambuff_title" : "Armor Increase Teambuff (Armorer)",
	"wolfhud_hudlist_armorer_teambuff_desc" : "",
	"wolfhud_hudlist_bulletproof_teambuff_title" : "Bulletproof Teambuff",
	"wolfhud_hudlist_bulletproof_teambuff_desc" : "",
	"wolfhud_hudlist_crew_chief_teambuff_title" : "Increased Stats Teambuff (Crew Chief)",
	"wolfhud_hudlist_crew_chief_teambuff_desc" : "Part of Composite Buffs.",
	"wolfhud_hudlist_forced_friendship_teambuff_title" : "Forced Friendship Teambuff",
	"wolfhud_hudlist_forced_friendship_teambuff_desc" : "",
	
	
	"wolfhud_waypoints_options_name" : "Custom Waypoints Options",
	"wolfhud_waypoints_options_help" : "Options to control Custom Waypoints.",
	
	"wolfhud_waypoints_show_ammo_bag_title" : "Show Ammo Bags",
	"wolfhud_waypoints_show_ammo_bag_desc" : "Show Waypoints for Ammo bags, telling you the Percentage left.",
	"wolfhud_waypoints_show_doc_bag_title" : "Show Doctor Bags",
	"wolfhud_waypoints_show_doc_bag_desc" : "Show Waypoints for Doctor Bags, stating the number of charges left.",
	"wolfhud_waypoints_show_first_aid_kit_title" : "Show First Aid Kits",
	"wolfhud_waypoints_show_first_aid_kit_desc" : "Show Waypoints for First Aid Kits, showing its skill effects.",
	"wolfhud_waypoints_show_body_bag_title" : "Show Bodybag Case",
	"wolfhud_waypoints_show_body_bag_desc" : "Show Waypoints for bodybag cases, telling you the amount of Bodybags left.",
	"wolfhud_waypoints_show_grenade_crate_title" : "Show Grenade Case",
	"wolfhud_waypoints_show_grenade_crate_desc" : "Show Waypoints for Grenade Cases, telling you the amount of Grenades left.",
	"wolfhud_waypoints_show_sentries_title" : "Show Sentries",
	"wolfhud_waypoints_show_sentries_desc" : "Show Waypoints for Sentries, telling you the amount of ammo left.",
	"wolfhud_waypoints_show_timers_title" : "Show Timers",
	"wolfhud_waypoints_show_timers_desc" : "Show Waypoints for timers, telling you the time left and their active Upgrades.",
	"wolfhud_waypoints_show_loot_title" : "Show Loot",
	"wolfhud_waypoints_show_loot_desc" : "Show the name of the loot above it, when looking near it.",
	"wolfhud_waypoints_show_special_equipment_title" : "Show Special Equipment",
	"wolfhud_waypoints_show_special_equipment_desc" : "Show waypoints for various different equipments. Good to learn all the differen locations.",
	"wolfhud_waypoints_show_minions_title" : "Show Minions",
	"wolfhud_waypoints_show_minions_desc" : "Show a Minions Name above its head, in the color of the player who converted him.\nAlso shows his Killcount.",
	"wolfhud_waypoints_show_pager_title" : "Show Pager",
	"wolfhud_waypoints_show_pager_desc" : "Show a waypoint for activated pagers. Changes its color, when someone is answering it.",
	
	
	"wolfhud_tabstats_options_name" : "TabStats Options",
	"wolfhud_tabstats_options_help" : "Configure the look of your Tabscreen.",
	
	"wolfhud_tabstats_clock_mode_title" : "Clock Mode",
	"wolfhud_tabstats_clock_mode_desc" : "Which mode should the clock use?",
	"wolfhud_tabstats_clock_mode_a" : "12-h",
	"wolfhud_tabstats_clock_mode_b" : "24-h",
	"wolfhud_use_tabstats_title" : "Use TabStats",
	"wolfhud_use_tabstats_desc" : "Show your Statistics on Tab Screen instead, of the Mission briefing.\n(A Map change is needed to apply...)",
	"wolfhud_tabstats_font_size_title" : "List Font Size",
	"wolfhud_tabstats_font_size_desc" : "Font Size for the advanced statistics list.",
	"wolfhud_tabstats_color_title" : "List Color",
	"wolfhud_tabstats_color_desc" : "Color for the advanced statistics list.",
	"wolfhud_tabstats_actual_mask_title" : "Use actual mask",
	"wolfhud_tabstats_actual_mask_desc" : "Use your Actual mask instead of your played character picture.",
	"wolfhud_tabstats_numberic_loot_title" : "Numberic Loot Counter",
	"wolfhud_tabstats_numberic_loot_desc" : "Disable the bag counting minigame and display the number right away.",
	
	
	"wolfhud_dmgindicator_options_name" : "Damage Indicator",
	"wolfhud_dmgindicator_options_help" : "Set the fade time, size and colors or your damage indicators.",
	
	"wolfhud_show_dmg_indicator_title" : "Dynamic Damage Indicator",
	"wolfhud_show_dmg_indicator_desc" : "Turns the 4 static damage indicators into several dynamic ones, moving accoring to your position and the position you were damaged from.",
	"wolfhud_dmg_ind_time_title" : "Indicator Duration",
	"wolfhud_dmg_ind_time_desc" : "Determines the time, the indicator will be shown.",
	"wolfhud_dmg_ind_size_title" : "Indicator Size",
	"wolfhud_dmg_ind_size_desc" : "Determines the size of the circle, the Indicators are placed around.",
	"wolfhud_dmg_indicator_max_count_title" : "Max Indicator Count",
	"wolfhud_dmg_indicator_max_count_desc" : "Specify the max amount of damage indicators on your screen.",
	"wolfhud_dmg_shield_color_title" : "Armor Color",
	"wolfhud_dmg_shield_color_desc" : "Color of the indicator, when you only loose armor.",
	"wolfhud_dmg_health_color_title" : "Health Color",
	"wolfhud_dmg_health_color_desc" : "Color of the indicator, when you loose health.",
	"wolfhud_dmg_crit_color_title" : "Low Health Color",
	"wolfhud_dmg_crit_color_desc" : "Color of the indicator, when your health is getting low.",
	"wolfhud_dmg_vehicle_color_title" : "Vehicle Color",
	"wolfhud_dmg_vehicle_color_desc" : "Color of the indicator, when the vehicle you are in gets hit.",
	"wolfhud_dmg_friendlyfire_color_title" : "Friendly Fire Color",
	"wolfhud_dmg_friendlyfire_color_desc" : "Color of the indicator, when you get hit by fire or explosives.",
	
	
	"wolfhud_dmgpopup_options_name" : "Enemy Damage Popup",
	"wolfhud_dmgpopup_options_help" : "Popup near an enemies head, displaying the damage dealt.",
	
	"wolfhud_show_dmg_popup_title" : "Show Damage Popup",
	"wolfhud_show_dmg_popup_desc" : "Enable the damage popup.",
	"wolfhud_dmg_popup_time_title" : "Popup Time",
	"wolfhud_dmg_popup_time_desc" : "Determines how long the popup will stay.",
	"wolfhud_dmg_popup_color_title" : "Bodyshot Popup Color",
	"wolfhud_dmg_popup_color_desc" : "Set the color of the popup for bodyshots",
	"wolfhud_dmg_popup_headshot_color_title" : "Headshot Popup Color",
	"wolfhud_dmg_popup_headshot_color_desc" : "Set the color of the popup for headshots.",
	
	
	"wolfhud_enemyhealthbar_options_name" : "Enemy Healthbar",
	"wolfhud_enemyhealthbar_options_help" : "Determine which units should get an healthbar.",
	
	"wolfhud_show_enemyhealthbar_title" : "Show Enemy Healthbar",
	"wolfhud_show_enemyhealthbar_desc" : "Display Enemy Healthbar at the top enter, when aiming at an enemy.\n(A Map change is needed to apply...)",
	"wolfhud_show_civhealthbar_title" : "Civilian Healthbar",
	"wolfhud_show_civhealthbar_desc" : "Also show Healthbar for Civilians and TeamAI.",
	"wolfhud_show_carhealthbar_title" : "Show Vehicle Healthbar",
	"wolfhud_show_carhealthbar_desc" : "Show Healthbar for driveable Vehicles.",
	"wolfhud_show_healthbar_pointer_title" : "Show Pointer",
	"wolfhud_show_healthbar_pointer_desc" : "Show Arrow under the Healthbar, aiming at the Owner of the Healthbar.",
	
	
	"wolfhud_interaction_options_name" : "Interaction Options",
	"wolfhud_interaction_options_help" : "Choose your personal Interaction preferences.",
	
	"wolfhud_press2hold_lock_mode_title" : "Lock Mode",
	"wolfhud_press2hold_lock_mode_desc" : "Lock, when already interaction for more than X seconds. (Progress)\nLock, when total Interaction Time is more than X seconds. (Total)",
	"wolfhud_press2hold_lock_mode_a" : "Progress",
	"wolfhud_press2hold_lock_mode_b" : "Total",
	"wolfhud_press2hold_min_timer_duration_title" : "Min. Timer Duration",
	"wolfhud_press2hold_min_timer_duration_desc" : "The Min Timer Duration for the Interaction to lock.",
	"wolfhud_press2hold_show_lockindicator_title" : "Show Lock Indicator",
	"wolfhud_press2hold_show_lockindicator_desc" : "Show transparent red/green circle overlay, to indicate wether the interaction is locked or not.",
	"wolfhud_press2hold_equipment_cancel_title" : "Equipment Interrupt",
	"wolfhud_press2hold_equipment_cancel_desc" : "Interrupt a locked Interaction with your equipment key.\n(Otherwise by pressing your Interaction key again.)",
	"wolfhud_press2hold_interrupt_hint_title" : "Show Interrupt Hint",
	"wolfhud_press2hold_interrupt_hint_desc" : "Show a text to remind you, which button will interrupt your Interaction.",
	"wolfhud_press2hold_show_timer_title" : "Show remaining time",
	"wolfhud_press2hold_show_timer_desc" : "Display the remaining time inside the Interaction circle.",
	"wolfhud_press2hold_show_circle_title" : "Show Interaction Circle",
	"wolfhud_press2hold_show_circle_desc" : "Determine if the standard interaction circle should be displayed.",
	"wolfhud_press2hold_circle_scale_title" : "Circle Scale",
	"wolfhud_press2hold_circle_scale_desc" : "Scaling factor of the interaction circle and center timer.",
	"wolfhud_press2hold_text_scale_title" : "Text Scale",
	"wolfhud_press2hold_text_scale_desc" : "Scaling factor of the interaction text below the circle.",
	"wolfhud_press2hold_show_reload_circle_title" : "Show reload timer",
	"wolfhud_press2hold_show_reload_circle_desc" : "Determine, if we should show a reload as an interaction.",
	"wolfhud_press2hold_show_melee_circle_title" : "Show melee charge",
	"wolfhud_press2hold_show_melee_circle_desc" : "Determine, if we should show a melee charge as an interaction.",
	"wolfhud_press2hold_timer_color_title" : "Timer Color",
	"wolfhud_press2hold_timer_color_desc" : "Color for the Timer to reach on completition.",
	"wolfhud_doubletap_nades_stealth_title" : "Stealth Nade Supression",
	"wolfhud_doubletap_nades_stealth_desc" : "When checked, you need to doubletap to throw a nade in stealth. \nOnly to prevent accidents.",
	"wolfhud_hold_to_pick_title" : "Auto Pickup",
	"wolfhud_hold_to_pick_desc" : "Small loot will be automatically picked up, while pressing your interaction key.",
	
	
	"wolfhud_equipment_options_name" : "Equipment Tweak Options",
	"wolfhud_equipment_options_help" : "Options that can change the behaviour of your Equipment ingame.",
	
	"wolfhud_equipment_senty_auto_ap_title" : "Sentry Auto AP-Mode",
	"wolfhud_equipment_senty_auto_ap_desc" : "Sentries will spawn in AP Mode, if you have the required Skill.",
	"wolfhud_equipment_tripmine_auto_sensor_stealth_title" : "Trip-Mine Auto Sensor-Mode",
	"wolfhud_equipment_tripmine_auto_sensor_stealth_desc" : "Trip-Mines will spawn in Sensor Mode, while you are in stealth.",
	"wolfhud_equipment_ecm_feedback_disabled_stealth_title" : "No ECM Feedback",
	"wolfhud_equipment_ecm_feedback_disabled_stealth_desc" : "ECM Feedback will be disabled during stealth.",
	
	
	"wolfhud_gadget_options_name" : "Weapon Gadget Options",
	"wolfhud_gadget_options_help" : "Specify your custom laser colors.",
	
	"wolfhud_laser_autoon_title" : "Automatic Laser On",
	"wolfhud_laser_autoon_desc" : "Automatically turns the laser gadget on at startup, on weapons that have one.",
	"wolfhud_use_weaponlasers_title" : "Enable Laser Colors",
	"wolfhud_use_weaponlasers_desc" : "Lets you customize your own lasers as well as the lasers of your teammates, \nenemy snipers and the turret van. (A Map change is needed to apply...)",
	"wolfhud_laser_light_title" : "Light Multiplier",
	"wolfhud_laser_light_desc" : "",
	"wolfhud_laser_glow_title" : "Glow Divider",
	"wolfhud_laser_glow_desc" : "",
	"wolfhud_flashlight_angle_title" : "Flashlight Angle",
	"wolfhud_flashlight_angle_desc" : "Set the angle, in which your flashlight spreads.",
	"wolfhud_flashlight_range_title" : "Flashlight Range",
	"wolfhud_flashlight_range_desc" : "Select how far your flashlight will shine. (X in meters)",
	"wolfhud_flashlight_mult_title" : "Flashlight Brightness",
	"wolfhud_flashlight_mult_desc" : "Increase or decrease the brightness of your flashlight.",
	"wolfhud_flashlight_color_title" : "Flashlight Color",
	"wolfhud_flashlight_color_desc" : "Install a cool color filter in front of your flashlight.",
	"wolfhud_show_angeled_sight_title" : "Show Angeled Sight",
	"wolfhud_show_angeled_sight_desc" : "Tilt the weapon in your Hand, while the angeled sight is enabled.",
	
	
	"wolfhud_gadget_laser_options_name" : "Laser Color Options",
	"wolfhud_gadget_laser_options_help" : "Set the colors for lasers ingame.",
	
	"wolfhud_laseralpha_title" : "Alpha",
	"wolfhud_laseralpha_desc" : "Set the transparency of the laser beam.\n(The higher, the more visible.)",
	"wolfhud_lasercolor_player_title" : "Player Laser",
	"wolfhud_lasercolor_player_desc" : "Set your own laser color.",
	"wolfhud_lasercolor_player_sentry_title" : "Player Sentry Laser",
	"wolfhud_lasercolor_player_sentry_desc" : "Set your own sentries laser color.",
	"wolfhud_lasercolor_teammates_title" : "Teammate Laser",
	"wolfhud_lasercolor_teammates_desc" : "Set your teammates laser colors.",
	"wolfhud_lasercolor_teammates_sentry_title" : "Teammate Sentry Laser",
	"wolfhud_lasercolor_teammates_sentry_desc" : "Set your teammates sentries laser colors.",
	"wolfhud_lasercolor_sniper_title" : "Sniper Laser",
	"wolfhud_lasercolor_sniper_desc" : "Set the enemie sniper laser color.",
	"wolfhud_lasercolor_turret_active_title" : "Active Turret",
	"wolfhud_lasercolor_turret_active_desc" : "Set the laser color for an active turret.",
	"wolfhud_lasercolor_turret_reloading_title" : "Reloading Turret",
	"wolfhud_lasercolor_player_desc" : "Set the laser color for a reloading turret.",
	"wolfhud_lasercolor_turret_jammed_title" : "Jammed Turret",
	"wolfhud_lasercolor_turret_jammed_desc" : "Set the laser color for a jammed turret.",
}