{
	"menu_id" : "VoidUI_assault",
	"parent_menu_id" : "VoidUI_options",
	"title" : "VoidUI_assault_title",
	"description" : "VoidUI_assault_desc",
	"back_callback" : "VoidUI_save",
	"localized" :  true,
	"priority" : 15,
	"items" : [
		{
			"type" : "toggle",
			"id" : "enable_assault",
			"title" : "VoidUI_enable_assault_title",
			"description" : "VoidUI_enable_assault_decs",
			"callback" : "toggle_option_clbk",
			"value" : "enable_assault"
			"priority" : 7
		},
		{
			"type" : "slider",
			"id" : "hud_assault_scale",
			"title" : "VoidUI_assault_scale_title",
			"description" : "VoidUI_assault_scale_desc",
			"callback" : "basic_option_clbk",
			"value" : "hud_assault_scale",
			"default_value" : 1,
			"max" : 2,
			"min" : 0.65,
			"step" : 0.01,
			"localized" :  true
			"priority" : 6
		},
		{
			"type" : "toggle",
			"id" : "hostages",
			"title" : "VoidUI_hostages_title",
			"description" : "VoidUI_hostages_desc",
			"callback" : "toggle_option_clbk",
			"value" : "hostages"
			"priority" : 5
		},
		{
			"type" : "toggle",
			"id" : "pagers",
			"title" : "VoidUI_pagers_title",
			"description" : "VoidUI_pagers_desc",
			"callback" : "toggle_option_clbk",
			"value" : "pagers"
			"priority" : 4
		},
		{
			"type" : "multiple_choice",
			"id" : "jammers",
			"title" : "VoidUI_jammer_title",
			"description" : "VoidUI_jammer_desc",
			"callback" : "basic_option_clbk",
			"items" : [
				"VoidUI_disabled", 
				"VoidUI_ecm_first", 
				"VoidUI_ecm_last"
			],
			"value" : "jammers",
			"priority" : 3
		},
		{
			"type" : "toggle",
			"id" : "show_badge",
			"title" : "VoidUI_badge_title",
			"description" : "VoidUI_badge_desc",
			"callback" : "toggle_option_clbk",
			"value" : "show_badge"
			"priority" : 2
		},
		{
			"type" : "toggle",
			"id" : "anim_badge",
			"parent" : "show_badge",
			"title" : "VoidUI_badge_anim_title",
			"description" : "VoidUI_badge_anim_desc",
			"callback" : "toggle_option_clbk",
			"value" : "anim_badge",
			"parent" : "show_badge",
			"priority" : 1
		}
		
	]
}
