{
	"menu_id" : "VoidUI_chat",
	"parent_menu_id" : "VoidUI_options",
	"title" : "VoidUI_chat_title",
	"description" : "VoidUI_chat_desc",
	"back_callback" : "VoidUI_save",
	"localized" :  true,
	"priority" : 10,
	"items" : [
		{
			"type" : "toggle",
			"id" : "enable_chat",
			"title" : "VoidUI_enable_chat_title",
			"description" : "VoidUI_enable_chat_decs",
			"callback" : "toggle_option_clbk",
			"value" : "enable_chat"
			"priority" : 15
		},
		{
			"type" : "slider",
			"id" : "hud_chat_scale",
			"title" : "VoidUI_chat_scale_title",
			"description" : "VoidUI_chat_scale_desc",
			"callback" : "basic_option_clbk",
			"value" : "hud_chat_scale",
			"default_value" : 1,
			"max" : 2,
			"min" : 0.65,
			"step" : 0.01,
			"localized" :  true
			"priority" : 14
		},
		{
			"type" : "toggle",
			"id" : "show_charactername",
			"title" : "VoidUI_charactername_title",
			"description" : "VoidUI_charactername_desc",
			"callback" : "toggle_option_clbk",
			"value" : "show_charactername"
			"priority" : 13
		},
		{
			"type" : "multiple_choice",
			"id" : "chattime",
			"title" : "VoidUI_chattime_title",
			"description" : "VoidUI_chattime_desc",
			"callback" : "basic_option_clbk",
			"items" : [
				"VoidUI_disabled", 
				"VoidUI_gametime", 
				"VoidUI_realtime"
			],
			"value" : "chattime",
			"priority" : 12
		},
		{
			"type" : "toggle",
			"id" : "chat_mouse",
			"title" : "VoidUI_chat_mouse_title",
			"description" : "VoidUI_chat_mouse_desc",
			"callback" : "toggle_option_clbk",
			"value" : "chat_mouse"
			"priority" : 11
		},
		{
			"type" : "multiple_choice",
			"id" : "chat_copy",
			"title" : "VoidUI_chat_copy_title",
			"description" : "VoidUI_chat_copy_desc",
			"callback" : "basic_option_clbk",
			"items" : [
				"VoidUI_disable", 
				"VoidUI_chat_message",
				"VoidUI_chat_name", 
				"VoidUI_chat_character",
				"VoidUI_chat_name_character"
			],
			"value" : "chat_copy",
			"priority" : 10
		}
		
	]
}
