{
	"menu_id" : "VoidUI_hudteammate",
	"parent_menu_id" : "VoidUI_options",
	"title" : "VoidUI_hudteammate_title",
	"description" : "VoidUI_hudteammate_desc",
	"back_callback" : "VoidUI_save",
	"localized" :  true,
	"priority" : 20,
	"items" : [
		{
			"type" : "toggle",
			"id" : "teammate_panels",
			"title" : "VoidUI_teammate_panels_title",
			"description" : "VoidUI_teammate_panels_decs",
			"callback" : "toggle_option_clbk",
			"value" : "teammate_panels"
			"priority" : 22
		},
		{
			"type" : "divider",
			"size" : 25,
			"priority" : 21
		},
		{
			"type" : "button",
			"id" : "voidui_player",
			"title" : "VoidUI_main_panel",
			"priority" : 20
		},
		{
			"type" : "slider",
			"id" : "hud_main_scale",
			"title" : "VoidUI_main_scale_title",
			"description" : "VoidUI_main_scale_desc",
			"callback" : "basic_option_clbk",
			"value" : "hud_main_scale",
			"default_value" : 1,
			"max" : 2,
			"min" : 0.65,
			"step" : 0.01,
			"localized" :  true
			"priority" : 19
		},
		{
			"type" : "multiple_choice",
			"id" : "main_health",
			"title" : "VoidUI_main_health_title",
			"description" : "VoidUI_main_health_desc",
			"callback" : "basic_option_clbk",
			"items" : [
				"VoidUI_disabled", 
				"VoidUI_health_percentage", 
				"VoidUI_health_real"
			],
			"value" : "main_health",
			"priority" : 18
		},
		{
			"type" : "slider",
			"id" : "main_anim_time",
			"title" : "VoidUI_main_anim_time_title",
			"description" : "VoidUI_main_anim_time_desc",
			"callback" : "basic_option_clbk",
			"value" : "main_anim_time",
			"default_value" : 0.2,
			"max" : 0.5,
			"min" : 0.0,
			"step" : 0.01,
			"localized" :  true
			"priority" : 17
		},
		{
			"type" : "multiple_choice",
			"id" : "main_armor",
			"title" : "VoidUI_armor_title",
			"description" : "VoidUI_armor_desc",
			"callback" : "basic_option_clbk",
			"items" : [
				"VoidUI_disabled", 
				"VoidUI_health_percentage", 
				"VoidUI_health_real"
			],
			"value" : "main_armor",
			"priority" : 16
		},
		{
			"type" : "toggle",
			"id" : "totalammo",
			"title" : "VoidUI_total_title",
			"description" : "VoidUI_total_decs",
			"callback" : "toggle_option_clbk",
			"value" : "totalammo"
			"priority" : 15
		},
		{
			"type" : "toggle",
			"id" : "main_loud",
			"title" : "VoidUI_main_loud_title",
			"description" : "VoidUI_main_loud_desc",
			"callback" : "toggle_option_clbk",
			"value" : "main_loud"
			"priority" : 14
		},
		{
			"type" : "toggle",
			"id" : "main_stealth",
			"title" : "VoidUI_main_stealth_title",
			"description" : "VoidUI_main_stealth_desc",
			"callback" : "toggle_option_clbk",
			"value" : "main_stealth"
			"priority" : 13
		},
		{
			"type" : "toggle",
			"id" : "ammo_pickup",
			"title" : "VoidUI_ammo_pickup_title",
			"description" : "VoidUI_ammo_pickup_desc",
			"callback" : "toggle_option_clbk",
			"value" : "ammo_pickup"
			"priority" : 12
		},
		
		{
			"type" : "divider",
			"size" : 25,
			"priority" : 11
		},
		{
			"type" : "button",
			"id" : "voidui_teammate",
			"title" : "VoidUI_mate_panel",
			"priority" : 10
		},
		{
			"type" : "slider",
			"id" : "hud_mate_scale",
			"title" : "VoidUI_mate_scale_title",
			"description" : "VoidUI_mate_scale_desc",
			"callback" : "basic_option_clbk",
			"value" : "hud_mate_scale",
			"default_value" : 1,
			"max" : 2,
			"min" : 0.65,
			"step" : 0.01,
			"localized" :  true,
			"priority" : 9
		},
		{
			"type" : "multiple_choice",
			"id" : "mate_health",
			"title" : "VoidUI_main_health_title",
			"description" : "VoidUI_mate_health_desc",
			"callback" : "basic_option_clbk",
			"items" : [
				"VoidUI_disabled", 
				"VoidUI_health_percentage", 
				"VoidUI_health_real"
			],
			"value" : "mate_health",
			"priority" : 8
		},
		{
			"type" : "slider",
			"id" : "mate_anim_time",
			"title" : "VoidUI_main_anim_time_title",
			"description" : "VoidUI_mate_anim_time_desc",
			"callback" : "basic_option_clbk",
			"value" : "mate_anim_time",
			"default_value" : 0.2,
			"max" : 0.5,
			"min" : 0.0,
			"step" : 0.01,
			"localized" :  true
			"priority" : 7
		},
		{
			"type" : "multiple_choice",
			"id" : "mate_armor",
			"title" : "VoidUI_armor_title",
			"description" : "VoidUI_mate_armor_desc",
			"callback" : "basic_option_clbk",
			"items" : [
				"VoidUI_disabled", 
				"VoidUI_health_percentage", 
				"VoidUI_health_real"
			],
			"value" : "mate_armor",
			"priority" : 6
		},
		{
			"type" : "toggle",
			"id" : "mate_loud",
			"title" : "VoidUI_mate_loud_title",
			"description" : "VoidUI_mate_loud_desc",
			"callback" : "toggle_option_clbk",
			"value" : "mate_loud"
			"priority" : 5
		},
		{
			"type" : "toggle",
			"id" : "mate_stealth",
			"title" : "VoidUI_mate_stealth_title",
			"description" : "VoidUI_mate_stealth_desc",
			"callback" : "toggle_option_clbk",
			"value" : "mate_stealth"
			"priority" : 4
		},
		{
			"type" : "toggle",
			"id" : "mate_name",
			"title" : "VoidUI_mate_name_title",
			"description" : "VoidUI_mate_name_desc",
			"callback" : "toggle_option_clbk",
			"value" : "mate_name"
			"priority" : 3
		},
		{
			"type" : "toggle",
			"id" : "mate_upper",
			"title" : "VoidUI_label_upper_title",
			"description" : "VoidUI_label_upper_desc",
			"callback" : "toggle_option_clbk",
			"value" : "mate_upper"
			"priority" : 2
		},
		{
			"type" : "toggle",
			"id" : "mate_interact",
			"title" : "VoidUI_mate_interact_title",
			"description" : "VoidUI_mate_interact_desc",
			"callback" : "toggle_option_clbk",
			"value" : "mate_interact"
			"priority" : 1
		}
	]
}
