{
	"menu_id" : "VoidUI_label",
	"parent_menu_id" : "VoidUI_options",
	"title" : "VoidUI_label_title",
	"description" : "VoidUI_label_desc",
	"back_callback" : "VoidUI_save",
	"localized" :  true,
	"priority" : 18,
	"items" : [
		{
			"type" : "button",
			"id" : "voidui_labels",
			"title" : "VoidUI_label",
			"priority" : 16
		},
		{
			"type" : "toggle",
			"id" : "enable_labels",
			"title" : "VoidUI_enable_labels_title",
			"description" : "VoidUI_enable_labels_desc",
			"callback" : "toggle_option_clbk",
			"value" : "enable_labels"
			"priority" : 15
		},
		{
			"type" : "toggle",
			"id" : "label_jokers",
			"title" : "VoidUI_jokernames_title",
			"description" : "VoidUI_jokernames_desc",
			"callback" : "toggle_option_clbk",
			"value" : "label_jokers"
			"priority" : 14
		},
		{
			"type" : "toggle",
			"id" : "health_jokers",
			"title" : "VoidUI_jokerhealth_title",
			"description" : "VoidUI_jokerhealth_desc",
			"callback" : "toggle_option_clbk",
			"value" : "health_jokers"
			"priority" : 13
		},
		{
			"type" : "slider",
			"id" : "label_scale",
			"title" : "VoidUI_label_scale_title",
			"description" : "VoidUI_label_scale_desc",
			"callback" : "basic_option_clbk",
			"value" : "label_scale",
			"default_value" : 1,
			"max" : 2,
			"min" : 0.65,
			"step" : 0.01,
			"localized" :  true
			"priority" : 12
		},
		{
			"type" : "toggle",
			"id" : "label_upper",
			"title" : "VoidUI_label_upper_title",
			"description" : "VoidUI_label_upper_desc",
			"callback" : "toggle_option_clbk",
			"value" : "label_upper"
			"priority" : 11
		},
		{
			"type" : "toggle",
			"id" : "label_minmode",
			"title" : "VoidUI_minlabel_title",
			"description" : "VoidUI_minlabel_desc",
			"callback" : "toggle_option_clbk",
			"value" : "label_minmode"
			"priority" : 10
		},
		{
			"type" : "slider",
			"id" : "label_minscale",
			"title" : "VoidUI_label_minscale_title",
			"description" : "VoidUI_label_minscale_desc",
			"callback" : "basic_option_clbk",
			"value" : "label_minscale",
			"default_value" : 1,
			"max" : 2,
			"min" : 0.65,
			"step" : 0.01,
			"localized" :  true
			"priority" : 9
		},
		{
			"type" : "toggle",
			"id" : "label_minrank",
			"title" : "VoidUI_minrank_title",
			"description" : "VoidUI_minrank_desc",
			"callback" : "toggle_option_clbk",
			"value" : "label_minrank"
			"priority" : 8
		},
		{
			"type" : "slider",
			"id" : "label_minmode_dist",
			"title" : "VoidUI_mindist_title",
			"description" : "VoidUI_mindist_desc",
			"callback" : "basic_option_clbk",
			"value" : "label_minmode_dist",
			"default_value" : 7,
			"max" : 30,
			"min" : 0,
			"step" : 1,
			"localized" :  true
			"priority" : 7
		},
		{
			"type" : "slider",
			"id" : "label_minmode_dot",
			"title" : "VoidUI_mindot_title",
			"description" : "VoidUI_mindot_desc",
			"callback" : "basic_option_clbk",
			"value" : "label_minmode_dot",
			"default_value" : 1,
			"max" : 2,
			"min" : 0.1,
			"step" : 0.01,
			"localized" :  true
			"priority" : 6
		},
		{
			"type" : "divider",
			"size" : 25,
			"priority" : 5
		},
		{
			"type" : "button",
			"id" : "voidui_waypoints",
			"title" : "VoidUI_waypoints",
			"priority" : 4
		},
		{
			"type" : "slider",
			"id" : "waypoint_scale",
			"title" : "VoidUI_waypoint_scale_title",
			"description" : "VoidUI_waypoint_scale_desc",
			"callback" : "basic_option_clbk",
			"value" : "waypoint_scale",
			"default_value" : 1,
			"max" : 2,
			"min" : 0.65,
			"step" : 0.01,
			"localized" :  true
			"priority" : 3
		},
		{
			"type" : "toggle",
			"id" : "label_waypoint_offscreen",
			"title" : "VoidUI_waypoint_offscreen_title",
			"description" : "VoidUI_waypoint_offscreen_desc",
			"callback" : "toggle_option_clbk",
			"value" : "label_waypoint_offscreen"
			"priority" : 2
		},
		{
			"type" : "slider",
			"id" : "waypoint_radius",
			"title" : "VoidUI_waypoint_radius_title",
			"description" : "VoidUI_waypoint_radius_desc",
			"callback" : "basic_option_clbk",
			"value" : "waypoint_radius",
			"default_value" : 160,
			"max" : 340,
			"min" : 100,
			"step" : 0.1,
			"localized" :  true
			"priority" : 1
		}
		
	]
}
