{
	"menu_id" : "VoidUI_options",
	"parent_menu_id" : "blt_options",
	"title" : "VoidUI_options_title",
	"description" : "VoidUI_options_desc",
	"back_callback" : "VoidUI_warning_save",
	"localized" :  true,
	"items" : [
		{
			"type" : "divider",
			"size" : 20,
			"priority" : 6
		},
		{
			"type" : "slider",
			"id" : "hud_scale",
			"title" : "VoidUI_hud_scale_title",
			"description" : "VoidUI_hud_scale_desc",
			"callback" : "callback_VoidUI_hudscale",
			"value" : "hud_scale",
			"default_value" : 1,
			"max" : 2,
			"min" : 0.65,
			"step" : 0.01,
			"localized" :  true,
			"priority" : 5
		},
		{
			"type" : "toggle",
			"id" : "outlines",
			"title" : "VoidUI_outlines_title",
			"description" : "VoidUI_outlines_desc",
			"callback" : "toggle_option_clbk",
			"value" : "outlines"
			"priority" : 3
		},
		{
			"type" : "multiple_choice",
			"id" : "assault_lines",
			"title" : "VoidUI_assault_lines_title",
			"description" : "VoidUI_assault_lines_desc",
			"callback" : "basic_option_clbk",
			"items" : [
				"VoidUI_disable",
				"VoidUI_assault_lines_30sec",
				"VoidUI_assault_lines_every10sec"
			]
			"value" : "assault_lines"
			"priority" : 2
		},
		{
			"type" : "button",
			"id" : "voidui_reset",
			"title" : "VoidUI_reset_title",
			"description" : "VoidUI_reset_desc",
			"callback" : "callback_VoidUI_reset",
			"priority" : 1
		}

	]
}
