{
	"menu_id" : "VoidUI_subtitles",
	"parent_menu_id" : "VoidUI_options",
	"title" : "VoidUI_subtitles_title",
	"description" : "VoidUI_subtitles_desc",
	"back_callback" : "VoidUI_save",
	"priority" : 10,
	"localized" :  true,
	"items" : [
		{
			"type" : "toggle",
			"id" : "enable_subtitles",
			"title" : "VoidUI_enable_subtitles_title",
			"description" : "VoidUI_enable_subtitles_desc",
			"callback" : "toggle_option_clbk",
			"value" : "enable_subtitles"
			"priority" : 10
		},
		{
			"type" : "slider",
			"id" : "subtitle_scale",
			"title" : "VoidUI_subtitle_scale_title",
			"description" : "VoidUI_subtitle_scale_desc",
			"callback" : "basic_option_clbk",
			"value" : "subtitle_scale",
			"default_value" : 0.9,
			"max" : 2,
			"min" : 0.65,
			"step" : 0.01,
			"localized" :  true,
			"priority" : 9
		},
		{
			"type" : "multiple_choice",
			"id" : "subtitles_bg",
			"title" : "VoidUI_subtitles_bg_title",
			"description" : "VoidUI_subtitles_bg_desc",
			"callback" : "basic_option_clbk",
			"items" : [
				"VoidUI_disable",
				"VoidUI_subtitles_shadow",
				"VoidUI_subtitles_fill"
			]
			"value" : "subtitles_bg"
			"priority" : 8
		}
		
	]
}
