{"skills":["combat_medic_basic","tea_time_aced","medic_2x_aced","inspire_aced","triathlete_basic","cable_guy_aced","joker_aced","control_freak_aced","underdog_basic","oppressor_aced","pack_mule_basic","iron_man_basic","prison_wife_basic","scavenging_aced","steady_grip_basic","sprinter_aced","awareness_aced","thick_skin_aced","jail_diet_basic","scavenger_aced","backstab_basic","nine_lives_aced","perseverance_aced","martial_arts_basic","steroids_basic","wolverine_aced"],"perk":15,"primary":"wpn_fps_gre_m79","primary_blueprint":{"mods":["wpn_fps_gre_m79_stock_short","wpn_fps_gre_m79_barrel_short"]},"secondary":"wpn_fps_pis_rage","secondary_blueprint":{"mods":["wpn_fps_upg_o_reflex","wpn_fps_upg_bonus_recoil_p1","wpn_fps_pis_rage_extra","wpn_fps_pis_rage_body_smooth","wpn_fps_pis_rage_g_ergo"]},"melee":"zeus","throwable":"wpn_prj_jav","armor":"level_1","deployables":["doctor_bag"]}