{
	 "cWIP_Options_T"		: "中文模組設定"
	,"cWIP_Options_D"		: "設定檔介面"
	,"cWIP_DevelopeMode_T"	: "開發者模式"
	,"cWIP_DevelopeMode_D"	: "awcjack is watching you! v(^=.=^)v Tast is behind you v(^=.=^)v"
	,"cWIP_NetDebugMode_T"	: "網路類功能除錯模式"
	,"cWIP_NoUpper_T"		: "英文小寫"
	,"cWIP_NoUpper_D"		: "awcjack is watching you!v(^=.=^)v Tast is behind you v(^=.=^)v (需要重啟遊戲以應用)"
	,"cWIP_NetDebugMode_D"	: "awcjack is watching you!v(^=.=^)v Tast is behind you v(^=.=^)v"
	,"cWIP_StringIDType_T"	: "StringID顯示方式"
	,"cWIP_StringIDType_D"	: "StringID顯示方式：原樣顯示、純StringID、StringID + 文字 (需要重啟遊戲以應用)"
		,"cWIP_StringIDType_1"	: "純中文"
		,"cWIP_StringIDType_2"	: "純StringID"
		,"cWIP_StringIDType_3"	: "StringID + 文字"
	,"cWIP_SayTranslate_T"	: "翻譯成英文"
	,"cWIP_SayTranslate_D"	: "將玩家間的對話翻譯成英文"
	,"cWIP_options_Download_font_T"	:	"字庫下載/更新(需要網絡)"
	,"cWIP_options_Download_font_D" :	"你目前使用的字體已推出新版本，你可以選擇現在更新、下次開啟遊戲更新或跳過此次更新。"
		
	,"cWIP_options_ShowTran_T"		: "內建分類譯文顯示"
	,"cWIP_options_ShowTran_T_mod"	: "模組分類譯文顯示"
	,"cWIP_options_ShowTran_D"		: "以檔案作為分類決定是否顯示譯文"
	,"cWIP_Outputer_T"				: "輸出文檔"
	,"cWIP_Outputer_D"				: "抽取原文合併譯文後輸出成品"
	
	,"cWIP_display_T"			: "：譯文顯示"
	,"cWIP_display_D"			: "：顯示此類內建譯文 (需要重啟遊戲以應用)"
	,"cWIP_language_select_T" 	: "Language 語言選擇"
	,"cWIP_language_select_D"	: "Choose the language of payday 2.選擇遊戲語言"
	,"cWIP_Auto_update_T"		: "自動更新文本"
	,"cWIP_Auto_update_D"		: "開啟文本自動更新功能"
	,"cWIP_Lang_T"					: "下載其他語言包"
	,"cWIP_Lang_D"					: "下載網絡上其他的語言，學習外語無難度！(需要網絡)(強烈建議重設語言為英文，避免下載後受到次序影響改變顯示語言)"
	,"cWIP_auto_check_font_T"		: "開/關自動檢查更新字庫"
	,"cWIP_auto_check_font_D"		: "選擇開關打開遊戲時的自動驗查，關閉後必須在這頁面選擇「下載/更新字庫包」的按鈕更新。"
	,"cWIP_Lang_Quickmenu_T"		: "語言包下載器"
	,"cWIP_Lang_Quickmenu_D"		: "選擇希望下載的語言，如點錯請點「不用」退出。\n注意：下載後建議重設語言為英文，避免受到次序影響改變顯示語言。"
	,"cWIP_Download_font_D"			: "下載以上語言的字庫，確保在打開遊戲時能正確顯示該語言(需要網絡)"
	,"cWIP_Download_font_T"			: "下載/更新字庫包"
	,"cWIP_Language_exist_title"	: "：已存在"
	,"cWIP_Language_exist_message"	: "該語言已在你的電腦上，假如你一直不能轉換成該語言，你可以選擇「重新下載」以蓋過或尋求開發者幫助。你現在想重新下載嗎？\n假如正常可用，你希望檢查更新嗎？"
	,"cWIP_Language_exist_update"	: "檢查更新！"
	,"cWIP_Language_exist_force_DL"	: "重新下載"
	,"cWIP_Language_exist_cancel"	: "不用"
	,"cWIP_Language_updating_T"		: "下載中"
	,"cWIP_Language_updating_D"		: "已發現有可用更新或重新下載中，正在下載請等候。"
	,"cWIP_Language_updated_T"		: "下載完成"
	,"cWIP_Language_updated_D"		: "已經下載完成，請重新打開遊戲以讀取內容。"
	,"cWIP_Language_no_update_T"	: "已經為最新版"
	,"cWIP_Language_no_update_D"	: "在網絡上沒有發現更新的版本，你的版本已經為最新版。\n假如發現有部份仍為原文，請詢問作者或點「重新下載」的按鈕。"
	,"cWIP_font_name" 				: "中文字庫 (Chinese)"
	,"cWIP_font_update_T"			: "已發現有可用更新"
	,"cWIP_font_update_D"			: "字庫發現可用更新，請選擇「更新」以確保字體為最新以確保能顯示出所有字符。\n 選擇「跳過」則跳過此更新，在下次打開遊戲時不會有字庫更新的通知。\n 而「現在不用」則是在下次回到主畫面再提示。"
	,"cWIP_font_update"				: "更新"
	,"cWIP_font_bypass"				: "跳過"
	,"cWIP_font_no"					: "現在不用"
	,"cWIP_Lang_update_D"			: "文本發現可用更新，請選擇「更新」以確保內容為最新。\n而「現在不用」則是在下次回到主畫面再提示。"
	
	,"cWIP_version_string_addition" : " 正體中文化"
	,"cWIP_Contact_author_T"		: "聯絡作者"
	,"cWIP_Contact_author_D"		: "打開作者管理的 Steam 群組網頁(需要打開 Steam 內嵌介面)。"
	,"cWIP_options_Dev_Only_T"		: "開發、除錯專用"
	,"cWIP_options_Dev_Only_D"		: "當遇到奇怪的問題，當你想協助開發，在嘗試先記得看清楚，不要做錯了再上巴哈找我:D"
	,"cWIP_multiprofile_error"		: "錯誤"
	,"cWIP_multiprofile_name"		: "資料頁 "
}