{
	"menu_jowi" : "Wick",
	"hud_int_hold_grab_the_bag" : "按住 $BTN_INTERACT 拿 $BAG",
	
	"wolfhud_dialog_force_start_title" : "強制開始遊戲?",
	"wolfhud_dialog_force_start_desc" : "你確定要強制遊戲開始?\n\n請只使用這個bug的大堂, 或者如果玩家是afk.\n確保每個人都有足夠的時間選擇他的裝載.\n\n感謝 :)",
	"wolfhud_dialog_install_title" : "安裝: $NAME",
	"wolfhud_dialog_install_desc" : "是否要安裝 '$NAME'?",
	"wolfhud_dialog_remind_later" : "等會再問我",
	"wolfhud_dialog_install_fed_inv_desc" : "聯邦庫存是一個覆蓋模組, 它給你的武器面具和部署的彩色圖標.\n它看起來不錯，當使用CustomHUD和將使用BLTs更新.",
	"wolfhud_dialog_rename_inv_tab" : "重命名庫存頁面",
	"wolfhud_dialog_rename_inv_tab_desc" : "請輸入此庫存頁面的新名稱.",
	"wolfhud_dialog_save" : "保存",
	"woldhud_notification_disabled_override_title" : "WolfHUD: $NAME 目前已停用.",
	"woldhud_notification_disabled_override_desc" : "如果您改變主意，請點擊此處重新提問.",
	"woldhud_notification_restart_override_title" : "WolfHUD: $NAME 準備安裝.",
	"woldhud_notification_restart_override_desc" : "請重新啟動遊戲以開始下載.",
	
	"wolfhud_int_locked" : "按 $BTN_CANCEL 中斷",
	
	"wolfhud_buy_all_assets" : "購買全部",
	"wolfhud_buy_all_assets_desc" : "購買您允許獲得的所有有利條件.",
	
	"wolfhud_preplanning_save" : "保存計劃",
	"wolfhud_preplanning_load" : "載入計畫",
	"wolfhud_preplanning_reset" : "重置計劃",
	"wolfhud_preplanning_reset_all" : "重置全部",
	"wolfhud_preplanning_delete" : "刪除計畫",
	"wolfhud_preplanning_save_tooltip_title" : "保存當前計劃:",
	"wolfhud_preplanning_save_tooltip_desc" : "保存當前計劃，並在下次執行此任務時更容易.",
	"wolfhud_preplanning_load_tooltip_title" : "載入上一個計劃:",
	"wolfhud_preplanning_load_tooltip_desc" : "打開一個包含所有已保存計劃的選單.",
	"wolfhud_preplanning_reset_tooltip_title" : "重置當前計劃:",
	"wolfhud_preplanning_reset_tooltip_desc" : "從當前計劃中刪除您的所有有利條件，以及您的投票.",
	"wolfhud_preplanning_reset_all_tooltip_title" : "重置完成計劃:",
	"wolfhud_preplanning_reset_all_tooltip_desc" : "從當前計劃中刪除每個人的有利條件，以及您的投票.",
	"wolfhud_preplanning_delete_tooltip_title" : "刪除已保存的計劃.",
	"wolfhud_preplanning_delete_tooltip_desc" : "清理已保存的計劃並刪除幾個計劃.",
	"wolfhud_preplanning_manager_title" : "預先規劃管理",
	"wolfhud_preplanning_error_no_saved_plans" : "找不到已保存的計劃.",
	"wolfhud_preplanning_error_max_plans_reached" : "已達到最大已保存計劃數.",
	"wolfhud_preplanning_votes_title" : "投票:",
	"wolfhud_preplanning_assets_title" : "有利條件:",
	"wolfhud_preplanning_dialog_save" : "保存計劃?",
	"wolfhud_preplanning_dialog_save_desc" : "$PLAN\n\n\n請輸入此計劃的名稱.\n(使用現有名稱將覆蓋該計劃.)",
	"wolfhud_preplanning_dialog_delete" : "刪除計劃?",
	"wolfhud_preplanning_dialog_delete_desc" : "您確定要刪除計劃 '$NAME'?",
	"wolfhud_preplanning_msg_saved_success" : "當前計劃已成功保存.",
	"wolfhud_preplanning_msg_saved_failed" : "保存計劃時出錯.",
	"wolfhud_preplanning_msg_no_save_slot" : "已達到最大已保存計劃數.",
	"wolfhud_preplanning_msg_no_current_plan" : "你沒有計畫可以保存.",
	"wolfhud_preplanning_msg_loaded_success" : "計劃已成功加載.",
	"wolfhud_preplanning_msg_loaded_failed" : "加載計劃時出錯.",
	"wolfhud_preplanning_msg_loaded_partitially" : "計劃已部分加載: $ERRORMSG",
	"wolfhud_preplanning_msg_loaded_missing_skill" : "缺少技能",
	"wolfhud_preplanning_msg_loaded_missing_favours" : "沒有足夠的好處",
	"wolfhud_preplanning_msg_loaded_missing_money" : "沒有足夠的資金",
	"wolfhud_preplanning_msg_reseted_success" : "當前計劃已重置.",
	"wolfhud_preplanning_msg_reseted_failed" : "重置當前計劃時出錯.",
	"wolfhud_preplanning_msg_deleted_success" : "計劃已成功刪除.",
	"wolfhud_preplanning_msg_deleted_failed" : "刪除保存的計劃時出錯.",
	
	"wolfhud_inv_tab_rename_hint" : "雙擊所選的“庫存標籤”標籤，將其重命名.",
	
	"victory_most_damage" : "最高傷害:",
	"victory_session_damage" : "總傷害:",
	
	"wolfhud_advassault_phase_title" : "突擊階段: ",
	"wolfhud_advassault_spawns_title" : "剩餘的警察: ",
	"wolfhud_advassault_time_title" : "剩餘的時間: ",
	"wolfhud_advassault_phase_build" : "集結",
	"wolfhud_advassault_phase_sustain" : "衝突",
	"wolfhud_advassault_phase_fade" : "撤離",
	"wolfhud_advassault_time_overdue" : "重組",
	"wolfhud_locked_assault" : "無盡的警察襲擊!!!  盡快離開!!!",
	
	"wolfhud_customhud_interaction_done" : "完成",
	"wolfhud_customhud_interaction_aborted" : "停止",
	
	"wolfhud_hudlist_device_timer" : "計時器",
	"wolfhud_hudlist_device_drill" : "鑽頭",
	"wolfhud_hudlist_device_hack" : "駭客",
	"wolfhud_hudlist_device_saw" : "電鋸",
	"wolfhud_hudlist_loot_armor" : "盔甲",
	"wolfhud_hudlist_loot_bomb" : "炸彈",
	"wolfhud_hudlist_loot_weapon" : "武器",
	"wolfhud_hudlist_loot_diamond" : "鑽石",
	"wolfhud_hudlist_loot_evidence" : "證據",
	"wolfhud_hudlist_loot_toast" : "吐司",
	"wolfhud_hudlist_loot_crate" : "木板箱",
	"wolfhud_hudlist_loot_toothbrush" : "牙刷",
	"wolfhud_hudlist_loot_bag" : "包",
	"wolfhud_hudlist_loot_shoes" : "鞋子",
	"wolfhud_hudlist_loot_toy" : "玩具",
	"wolfhud_hudlist_loot_vr" : "VR設備",
	
	"wolfhud_hudlist_buff_basic" : "基本",
	"wolfhud_hudlist_buff_aced" : "精通",
	"wolfhud_hudlist_buff_boost" : "屬性加成",
	"wolfhud_hudlist_buff_revive" : "復活",
	"wolfhud_hudlist_buff_dmg_inc" : "+傷害",
	"wolfhud_hudlist_buff_dmg_dec" : "-傷害",
	"wolfhud_hudlist_buff_mdmg_inc" : "+最大傷害",
	
	"wolfhud_tabstats_total_damage" : "總傷害:",
	"wolfhud_tabstats_tanks_killed" : "Bulldozers 擊殺:",
	"wolfhud_tabstats_cloakers_killed" : "Cloakers 擊殺:",
	"wolfhud_tabstats_shields_killed" : "盾兵 擊殺:",
	"wolfhud_tabstats_snipers_killed" : "狙擊手 擊殺:",
	"wolfhud_tabstats_tasers_killed" : "Tasers 擊殺:",
	"wolfhud_tabstats_gensec_killed" : "GENSEC單位 擊殺:",
	"wolfhud_tabstats_medic_killed" : "醫務兵 擊殺:",
	"wolfhud_tabstats_melee_kills" : "近戰擊殺:",
	"wolfhud_tabstats_explosion_kills" : "爆炸擊殺:",
	"wolfhud_tabstats_nonspecial_kills" : "非特殊擊殺:",
	"wolfhud_tabstats_total_revives" : "總復活 (玩家/AI):",
	"wolfhud_tabstats_alltime_stat" : "總時數:",
	
	"wolfhud_enemy_civilian" : "平民",
	"wolfhud_enemy_gangster" : "黑幫",
	"wolfhud_enemy_biker" : "暴走族",
	"wolfhud_enemy_bolivian_security" : "Sosa 保全",
	"wolfhud_enemy_bolivian_thug" : "Sosa 黑幫",
	"wolfhud_enemy_mobster" : "俄羅斯黑幫",
	"wolfhud_enemy_security" : "警衛",
	"wolfhud_enemy_gensec" : "GENSEC單位",
	"wolfhud_enemy_cop" : "巡警",
	"wolfhud_enemy_fbi" : "FBI 部隊",
	"wolfhud_enemy_swat" : "SWAT 部隊",
	"wolfhud_enemy_heavy_swat" : "重裝 SWAT",
	"wolfhud_enemy_city_swat" : "特種部隊",
	"wolfhud_enemy_shield" : "盾兵",
	"wolfhud_enemy_spook" : "Cloaker",
	"wolfhud_enemy_taser" : "Taser",
	"wolfhud_enemy_sniper" : "狙擊手",
	"wolfhud_enemy_medic" : "醫務兵",
	"wolfhud_enemy_tank" : "Bulldozer",
	"wolfhud_enemy_tank_hw" : "無頭Dozer",
	"wolfhud_enemy_phalanx_minion" : "溫斯特隊員",
	"wolfhud_enemy_phalanx_vip" : "溫斯特隊長",
	"wolfhud_enemy_swat_van" : "SWAT布哨車",
	"wolfhud_enemy_ceiling_turret" : "天花板砲台",
	"wolfhud_enemy_sentry_gun" : "哨兵槍",
	"wolfhud_enemy_mobster_boss" : "政委",
	"wolfhud_enemy_chavez_boss" : "戰慄空間boss",
	"wolfhud_enemy_druglord_boss" : "疤面煞星boss",
	"wolfhud_enemy_druglord_boss_stealth" : "疤面煞星boss(隱身)",
	"wolfhud_enemy_biker_boss" : "摩托車劫案Boss",
	"wolfhud_enemy_bank_manager" : "銀行經理",
	"wolfhud_enemy_inside_man" : "內幕人士",
	"wolfhud_enemy_escort_undercover" : "稅務員",
	"wolfhud_enemy_drunk_pilot" : "醉酒飛行員",
	"wolfhud_enemy_escort" : "護衛",
	"wolfhud_enemy_boris" : "處理山羊的Boris",
	"wolfhud_enemy_spa_vip" : "10-10的Charon",
	"wolfhud_enemy_spa_vip_hurt" : "0-10的Charon (傷害)",
	"wolfhud_enemy_old_hoxton_mission" : "Hoxton / 鎖定",
	"wolfhud_enemy_hector_boss" : "裝甲的叛徒Hector",
	"wolfhud_enemy_hector_boss_no_armor" : "叛徒Hector",
	"wolfhud_enemy_crew" : "船員",
	
	
	"wolfhud_multiselect_all" : "全部",
	"wolfhud_multiselect_none" : "沒有",
	"wolfhud_multiselect_disabled" : "禁用",
	"wolfhud_multiselect_left" : "左",
	"wolfhud_multiselect_center" : "中央",
	"wolfhud_multiselect_right" : "右",
	
	"wolfhud_colors_white"  : "白色",
	"wolfhud_colors_light_yellow"  : "淺黃",
	"wolfhud_colors_light_orange"  : "淺橘",
	"wolfhud_colors_light_red"  : "淺紅",
	"wolfhud_colors_light_purple"  : "淺紫",
	"wolfhud_colors_light_green"  : "淺綠",
	"wolfhud_colors_light_blue"  : "淺藍",
	"wolfhud_colors_light_gray" : "淺灰",
	"wolfhud_colors_yellow"  : "黃",
	"wolfhud_colors_orange"  : "橘",
	"wolfhud_colors_red" : "紅",
	"wolfhud_colors_purple" : "紫",
	"wolfhud_colors_green" : "綠",
	"wolfhud_colors_blue" : "藍",
	"wolfhud_colors_gray" : "灰",
	"wolfhud_colors_black" : "黑",
	"wolfhud_colors_rainbow" : "彩虹",
	
	
	"wolfhud_options_name" : "WolfHUD設定",
	"wolfhud_options_help" : "根據您的個人喜好自定義WolfHUD.",
	
	"wolfhud_skip_blackscreen_title" : "跳過黑畫面",
	"wolfhud_skip_blackscreen_desc" : "在任務開始時自動跳過黑畫面.\n(只有室長時)",
	"wolfhud_instant_restart_title" : "即時重新啟動",
	"wolfhud_instant_restart_desc" : "於線上大廳重新啟動之前自動跳過5秒鐘定時器.\n(只有室長時)",
	"wolfhud_stat_screen_speedup_title" : "統計畫面加快",
	"wolfhud_stat_screen_speedup_desc" : "自動加快經驗計數, 而無需按住空白鍵.",
	"wolfhud_stat_screen_delay_title" : "統計畫面延遲",
	"wolfhud_stat_screen_delay_desc" : "產生X秒, 在你的經驗計數之後.\n(只有室長時, 0 = 禁用) ",
	"wolfhud_loot_screen_pick_card_title" : "自動選擇卡",
	"wolfhud_loot_screen_pick_card_desc" : "當顯示戰利品畫面時，自動選擇一張牌.",
	"wolfhud_loot_screen_delay_title" : "抽卡畫面延遲",
	"wolfhud_loot_screen_delay_desc" : "你得到你的戰利品後，X秒.\n(只有室長時, 0 = 禁用)",
	"wolfhud_replace_weapon_names_title" : "真正的武器名稱",
	"wolfhud_replace_weapon_names_desc" : "將武器名稱替換為它們的現實世界名稱.\n(應用更改需要重啟關卡...)",
	"wolfhud_inventory_tab_names_title" : "使用庫存標籤名稱",
	"wolfhud_inventory_tab_names_desc" : "自定義您的庫存標籤標籤名稱.\n(通過編輯更改名稱 '/mods/saves/WolfHUD_InventoryNames.txt')",
	"wolfhud_inventory_names_title" : "顯示庫存框名稱",
	"wolfhud_inventory_names_desc" : "顯示你的武器的名稱,護甲,可部署裝備,之類的. 在庫存的箱子裡面.",
	"wolfhud_skill_names_title" : "顯示技能名稱",
	"wolfhud_skill_names_desc" : "始終在技能樹狀圖中顯示技能的名稱.",
	"wolfhud_show_mini_icons_title" : "始終顯示迷你圖標",
	"wolfhud_show_mini_icons_desc" : "總是顯示所有武器的可換裝圖標，而不只是所選的武器.",
	"wolfhud_no_slowmotion_title" : "沒有慢動作",
	"wolfhud_no_slowmotion_desc" : "在戴面具或倒下期間禁用慢動作.",
	"wolfhud_reset_options_title" : "重置設定",
	"wolfhud_reset_options_desc" : "將所有設置重置為預設值.",
	"wolfhud_reset_options_confirm" : "你確定, 您想將所有設置重置為預設值?",
	
	
	"wolfhud_panels_options_name" : "一般HUD面板選項",
	"wolfhud_panels_options_help" : "所有一般HUD面板的選項,如CustomHUD,暴露懷疑,傷害指示器, 駕駛HUD還有更多.",
	
	"wolfhud_use_customhud_title" : "使用CustomHUD",
	"wolfhud_use_customhud_desc" : "使用先進CustomHUD替換預設HUD,由Se7en製造.\n(應用更改需要重啟關卡...)",
	"wolfhud_adv_assault_title" : "高級突襲橫幅",
	"wolfhud_adv_assault_desc" : "顯示突擊階段,時間和剩餘警察在這段時間內.\n(只有房主時)",
	"wolfhud_assault_position_title": "突擊位置",
	"wolfhud_assault_position_desc" : "突襲橫幅的水平位置.",
	"wolfhud_pacified_civs_title" : "顯示平靜的平民",
	"wolfhud_pacified_civs_desc" : "改變和陸平民的航點, 同時他們被安撫.",
	"wolfhud_use_realammo_title" : "使用真實的彈藥",
	"wolfhud_use_realammo_desc" : "顯示剩餘彈藥,不考慮你當前的彈匣.",
	"wolfhud_enable_burstmode_title" : "啟用連發模式",
	"wolfhud_enable_burstmode_desc" : "為你的武器啟用連發射擊模式.",
	
	
	"wolfhud_playerpanel_options_name" : "玩家面板",
	"wolfhud_playerpanel_options_help" : "設置您自己的HUD面板.",
	
	"wolfhud_teampanels_options_name" : "團隊面板",
	"wolfhud_teampanels_options_help" : "您的隊員HUD面板的設置.",
	
	"wolfhud_panels_position_title" : "位置",
	"wolfhud_panels_position_desc" : "HUD面板的水平位置.",
	"wolfhud_panels_scale_title" : "比例",
	"wolfhud_panels_scale_desc" : "HUD面板的比例係數.",
	"wolfhud_panels_oppacity_title" : "不透明度",
	"wolfhud_panels_oppacity_desc" : "選擇HUD面板的不透明度.",
	"wolfhud_panels_show_name_title" : "顯示名稱",
	"wolfhud_panels_show_name_desc" : "顯示玩家姓名.",
	"wolfhud_panels_show_rank_title" : "顯示排名",
	"wolfhud_panels_rank_name_desc" : "顯示玩家排名.",
	"wolfhud_panels_show_char_title" : "顯示角色",
	"wolfhud_panels_show_char_desc" : "顯示玩家選擇的角色.",
	"wolfhud_panels_show_ping_title" : "顯示Ping值",
	"wolfhud_panels_show_ping_desc" : "顯示玩家ping值給你.",
	"wolfhud_panels_show_status_title" : "顯示狀態",
	"wolfhud_panels_show_status_desc" : "顯示玩家狀態(血量,護甲之類的.)",
	"wolfhud_panels_show_equip_title" : "顯示設備",
	"wolfhud_panels_show_equip_desc" : "顯示玩家設備.",
	"wolfhud_panels_show_special_equip_title" : "顯示特殊設備",
	"wolfhud_panels_show_special_equip_desc" : "顯示玩家拿起特殊設備.",
	"wolfhud_panels_special_equip_rows_title" : "特殊裝備列",
	"wolfhud_panels_special_equip_rows_desc" : "特殊設備數量放置在一列中的項目.",
	"wolfhud_panels_show_callsign_title" : "顯示呼號",
	"wolfhud_panels_show_callsign_desc" : "顯示對該玩家的呼號.",
	"wolfhud_panels_show_stamina_title" : "顯示耐力",
	"wolfhud_panels_show_stamina_desc" : "顯示在狀態裡的耐力圈.",
	"wolfhud_panels_show_downcounter_title" : "顯示倒地次數",
	"wolfhud_panels_show_downcounter_desc" : "顯示每個非AI的倒下次數. \n計數器顯示你的左邊和你的隊友倒地數.",
	"wolfhud_panels_show_carry_title" : "顯示攜帶",
	"wolfhud_panels_show_carry_desc" : "顯示攜帶信息.",
	"wolfhud_panels_build_show_title" : "顯示加入玩家的技能/牌組配置",
	"wolfhud_panels_build_show_desc" : "顯示一個加入玩家的技能/牌組配置.",
	"wolfhud_panels_build_time_title" : "顯示構建時間",
	"wolfhud_panels_build_time_desc" : "顯示加入的玩家資訊X秒.\n(0 = 總是顯示)",
	"wolfhud_panels_weapon_icon_title" : "武器圖標",
	"wolfhud_panels_weapon_icon_desc" : "你想看到哪些武器圖標?",
	"wolfhud_panels_weapon_name_title" : "武器名稱",
	"wolfhud_panels_weapon_name_desc" : "顯示武器名稱?",
	"wolfhud_panels_weapon_ammo_title" : "武器彈藥",
	"wolfhud_panels_weapon_ammo_desc" : "武器彈藥顯示模式.",
	"wolfhud_panels_weapon_firemode_title" : "武器射擊模式",
	"wolfhud_panels_weapon_firemode_desc" : "顯示武器射擊模式，或隱藏它.",
	"wolfhud_panels_hide" : "隱藏",
	"wolfhud_panels_selected" : "僅選擇",
	"wolfhud_panels_unselected" : "僅未選中",
	"wolfhud_panels_both" : "皆有",
	"wolfhud_panels_ammo_total" : "只有總彈藥",
	"wolfhud_panels_show_interaction_title" : "顯示互動",
	"wolfhud_panels_show_interaction_desc" : "顯示您的隊友互動.",
	"wolfhud_panels_interaction_time_title" : "最小交互持續時間",
	"wolfhud_panels_interaction_time_desc" : "只顯示隊友互動，如果超過X秒.",
	
	
	"wolfhud_chat_options_name" : "聊天選項",
	"wolfhud_chat_options_help" : "自定義聊天行為的選項.",
	
	"wolfhud_chat_waittime_title" : "聊天漸變時間",
	"wolfhud_chat_waittime_desc" : "聊天消失後的時間\n(0 = 從不)",
	"wolfhud_chat_fontsize_title" : "聊天字體大小",
	"wolfhud_chat_fontsize_desc" : "遊戲聊天框的字體大小.",
	"wolfhud_chat_outputlines_title" : "最大聊天輸出行",
	"wolfhud_chat_outputlines_desc" : "啟用在滾動之前顯示的最大行.",
	"wolfhud_spam_filter_title" : "聊天垃圾郵件過濾器",
	"wolfhud_spam_filter_desc" : "從聊天中刪除PocoHUD和[NGBTO]垃圾郵件.",
	
	
	"wolfhud_suspicion_options_name" : "暴露懷疑選項",
	"wolfhud_suspicion_options_help" : "暴露懷疑面板的大小選項，以及其可見的組件.",
	
	"wolfhud_suspicion_scale_title" : "懷疑量表",
	"wolfhud_suspicion_scale_desc" : "可疑面板元素的縮放係數.",
	"wolfhud_susp_eye_title" : "顯示疑問眼",
	"wolfhud_susp_eye_desc" : "顯示預設的懷疑元件.",
	"wolfhud_susp_numberic_title" : "顯示懷疑數值",
	"wolfhud_susp_numberic_desc" : "顯示懷疑數值.",
	
	
	"wolfhud_killcounter_options_name" : "殺死計數器選項",
	"wolfhud_killcounter_options_help" : "關於殺死計數器的選項",
	
	"wolfhud_killcounter_player_show_killcount_title" : "顯示玩家殺人計數器",
	"wolfhud_killcounter_player_show_killcount_desc" : "在HUD上顯示擊殺計數器.",
	"wolfhud_killcounter_player_color_title" : "玩家殺死計數器顏色",
	"wolfhud_killcounter_player_color_desc" : "選擇您的殺死計數器的顏色.",
	"wolfhud_killcounter_player_show_special_title" : "計數玩家擊殺特殊敵人",
	"wolfhud_killcounter_player_show_special_desc" : "各別顯示特殊敵人的擊殺數.",
	"wolfhud_killcounter_player_show_head_title" : "計數玩家爆頭",
	"wolfhud_killcounter_player_show_head_desc" : "各別顯示玩家的爆頭數.",
	"wolfhud_killcounter_player_show_accuracy_title" : "顯示玩家精準度",
	"wolfhud_killcounter_player_show_accuracy_desc" : "在HUD上顯示你當前的精準度.",
	"wolfhud_killcounter_team_show_killcount_title" : "顯示隊友的擊殺計數器",
	"wolfhud_killcounter_team_show_killcount_desc" : "顯示一個擊殺計數器在你隊友的HUDs上.",
	"wolfhud_killcounter_team_color_title" : "隊友擊殺計數器顏色",
	"wolfhud_killcounter_team_color_desc" : "為你的隊友選擇擊殺計數器的顏色.",
	"wolfhud_killcounter_team_show_special_title" : "計數隊友擊殺特殊敵人",
	"wolfhud_killcounter_team_show_special_desc" : "分別顯示特殊敵人的擊殺數.",
	"wolfhud_killcounter_team_show_head_title" : "計數隊友爆頭",
	"wolfhud_killcounter_team_show_head_desc" : "各別顯示隊友的爆頭數.",
	"wolfhud_killcounter_team_show_ai_title" : "AI的殺擊計數器",
	"wolfhud_killcounter_team_show_ai_desc" : "AI也會得到一個擊殺計數器?",
	"wolfhud_corpse_limit_title" : "屍體限制",
	"wolfhud_corpse_limit_desc" : "我們應該允許在同一時間多少屍體躺在場上?\n(應用更改需要重啟關卡...)",
	
	
	"wolfhud_drivinghud_options_name" : "駕駛HUD選項",
	"wolfhud_drivinghud_options_help" : "駕駛HUD的一些選項.",
	
	"wolfhud_show_drivinghud_title" : "顯示駕駛HUD",
	"wolfhud_show_drivinghud_desc" : "駕駛時在右下方顯示一個HUD.\n(應用更改需要重啟關卡...)",
	"wolfhud_drivinghud_scale_title" : "規模",
	"wolfhud_drivinghud_scale_desc" : "駕駛HUD的比例因子.",
	"wolfhud_drivinghud_show_vehicle_title" : "顯示車輛圖像",
	"wolfhud_drivinghud_show_vehicle_desc" : "顯示車輛的一個小圖像和與您一起駕駛的玩家的面具.",
	"wolfhud_drivinghud_show_health_title" : "顯示血量",
	"wolfhud_drivinghud_show_health_desc" : "顯示車輛血條.",
	"wolfhud_drivinghud_show_loot_title" : "顯示贓物",
	"wolfhud_drivinghud_show_loot_desc" : "顯示當前裝載的車輛和最大戰利品數量.",
	"wolfhud_drivinghud_show_passengers_title" : "顯示乘客",
	"wolfhud_drivinghud_show_passengers_desc" : "顯示車輛中的乘客量和座位總數.",
	"wolfhud_drivinghud_show_gear_title" : "顯示檔位",
	"wolfhud_drivinghud_show_gear_desc" : "顯示你正在駕駛哪一個檔位.",
	"wolfhud_drivinghud_show_speed_title" : "顯示速度",
	"wolfhud_drivinghud_show_speed_desc" : "顯示車輛當前速度.",
	"wolfhud_drivinghud_speed_in_mph_title" : "速度mph",
	"wolfhud_drivinghud_speed_in_mph_desc" : "以英里/小時顯示速度.\n(否則使用公里/小時.)",
	"wolfhud_drivinghud_show_rpm_title" : "顯示每分鐘轉速",
	"wolfhud_drivinghud_show_rpm_desc" : "顯示每分鐘的車輛轉數.",
	
	
	"wolfhud_infopanels_options_name" : "HUD信息選項",
	"wolfhud_infopanels_options_help" : "HUD列表的信息框的選項.",
	
	"wolfhud_use_hudlist_title" : "使用HUDList",
	"wolfhud_use_hudlist_desc" : "HUDList可以顯示很多有用的東西,包括計時器,敵人或戰利品數,地圖上的有利條件等. (應用更改需要重啟關卡...)",
	"wolfhud_hudlist_scale_right_title" : "右列表比例",
	"wolfhud_hudlist_scale_right_desc" : "右列表項的縮放係數.",
	"wolfhud_hudlist_scale_left_title" : "左列表比例",
	"wolfhud_hudlist_scale_left_desc" : "左列表項的縮放係數.",
	"wolfhud_hudlist_scale_buff_title" : "增益列表縮放",
	"wolfhud_hudlist_scale_buff_desc" : "增益列表項的縮放係數.",
	"wolfhud_hudlist_box_color_title" : "框字體顏色",
	"wolfhud_hudlist_box_color_desc" : "左側和右側列表框的字體顏色.\n(應用更改需要重啟關卡...)",
	"wolfhud_hudlist_box_bg_color_title" : "外框背景顏色",
	"wolfhud_hudlist_box_bg_color_desc" : "左和右列表框的背景顏色.\n(用更改需要重啟關卡...)",
	"wolfhud_hudlist_civcolor_title" : "平民顏色",
	"wolfhud_hudlist_civcolor_desc" : "敵人計數器中的平民和人質的顏色.",
	"wolfhud_hudlist_thugcolor_title" : "黑幫顏色",
	"wolfhud_hudlist_thugcolor_desc" : "敵人計數器中的打手和暴徒的顏色.",
	"wolfhud_hudlist_copcolor_title" : "警察顏色",
	"wolfhud_hudlist_copcolor_desc" : "敵人計數器中警察，SWAT和重裝SWAT的顏色.",
	"wolfhud_hudlist_specialcolor_title" : "特種顏色",
	"wolfhud_hudlist_specialcolor_desc" : "在敵人計數器顯示特殊單位和砲塔的顏色.",
	
	
	"wolfhud_infopanels_left_options_name" : "左列表選項",
	"wolfhud_infopanels_left_options_help" : "左側信息列表的選項.",
	
	"wolfhud_hudlist_show_timers_title" : "顯示計時器",
	"wolfhud_hudlist_show_timers_desc" : "鑽孔,鑽孔等顯示計時器.",
	"wolfhud_hudlist_show_equipment_desc" : "確定我們是否應該在屏幕右側顯示該設備.",
	"wolfhud_hudlist_show_ammo_bags_title" : "顯示彈藥袋",
	"wolfhud_hudlist_show_doc_bags_title" : "顯示醫療箱",
	"wolfhud_hudlist_show_first_aid_kits_title" : "顯示急救包",
	"wolfhud_hudlist_show_body_bags_title" : "顯示屍袋箱",
	"wolfhud_hudlist_show_grenade_crates_title" : "顯示手榴彈箱",
	"wolfhud_hudlist_sentries_title" : "顯示布哨塔",
	"wolfhud_hudlist_sentries_desc" : "顯示布哨塔狀態和彈藥.",
	"wolfhud_hudlist_hide_empty_sentries_title" : "隱藏空的布哨塔",
	"wolfhud_hudlist_hide_empty_sentries_desc" : "隱藏空的布哨塔外框.",
	"wolfhud_hudlist_show_ecms_title" : "顯示ECM",
	"wolfhud_hudlist_show_ecms_desc" : "顯示ECM的計時",
	"wolfhud_hudlist_show_ecm_retrigger_title" : "顯示ECM重新觸發",
	"wolfhud_hudlist_show_ecm_retrigger_desc" : "顯示，當ECM準備重新觸發.",
	"wolfhud_hudlist_show_minions_title" : "顯示變節警察",
	"wolfhud_hudlist_show_minions_desc" : "顯示所有變節警察的狀態.",
	"wolfhud_hudlist_show_pagers_title" : "顯示無線電",
	"wolfhud_hudlist_show_pagers_desc" : "在報警觸發前,顯示無線電剩餘的時間.",
	"wolfhud_hudlist_show_tape_loop_title" : "顯示監視器循環",
	"wolfhud_hudlist_show_tape_loop_desc" : "顯示監視器癱瘓計時.",
	"wolfhud_hudlist_remove_answered_pagers_title" : "移除無線電外框",
	"wolfhud_hudlist_remove_answered_pagers_desc" : "如果已經得到回答，就移除無線電外框.",
	
	
	"wolfhud_infopanels_right_options_name" : "右列表選項",
	"wolfhud_infopanels_right_options_help" : "右側信息列表的選項.",
	
	
	"wolfhud_hudlist_show_enemies_title" : "顯示敵人",
	"wolfhud_hudlist_show_enemies_desc" : "在地圖上顯示敵人的數量.",
	"wolfhud_hudlist_aggregate_enemies_title" : "集合敵人",
	"wolfhud_hudlist_aggregate_enemies_desc" : "為所有敵人顯示一個信息框內.",
	"wolfhud_hudlist_show_turrets_title" : "顯示砲塔",
	"wolfhud_hudlist_show_turrets_desc" : "在地圖上顯示SWAT布哨車的數量.",
	"wolfhud_hudlist_show_civilians_title" : "顯示平民",
	"wolfhud_hudlist_show_civilians_desc" : "在地圖上顯示全部的平民數量.",
	"wolfhud_hudlist_show_hostages_title" : "顯示人質",
	"wolfhud_hudlist_show_hostages_desc" : "顯示平民人質的數量.",
	"wolfhud_hudlist_aggregate_hostages_title" : "集中人質",
	"wolfhud_hudlist_aggregate_hostages_desc" : "在單個信息框中顯示所有類型的人質.",
	"wolfhud_hudlist_show_minion_count_title" : "顯示變節警察",
	"wolfhud_hudlist_show_minion_count_desc" : "顯示場上變節警察的數量.",
	"wolfhud_hudlist_show_pager_count_title" : "顯示無線電",
	"wolfhud_hudlist_show_pager_count_desc" : "顯示潛行時場上無線電數量.",
	"wolfhud_hudlist_show_cam_count_title" : "顯示監視器",
	"wolfhud_hudlist_show_cam_count_desc" : "顯示潛行時仍運行的監視器數量.",
	"wolfhud_hudlist_show_bodybags_count_title" : "顯示屍袋計數",
	"wolfhud_hudlist_show_bodybags_count_desc" : "在隱身時，直接在屏幕上顯示所有的屍袋數量.",
	"wolfhud_hudlist_show_corpse_count_title" : "顯示屍體計數",
	"wolfhud_hudlist_show_corpse_count_desc" : "在隱身時顯示地圖上的屍體和袋裝屍體的數量.",
	"wolfhud_hudlist_show_loot_title" : "顯示贓物",
	"wolfhud_hudlist_show_loot_desc" : "顯示在當前地圖上的贓物袋.",
	"wolfhud_hudlist_aggregate_loot_title" : "集中贓物",
	"wolfhud_hudlist_aggregate_loot_desc" : "在一個信息框中顯示所有拾取類型.",
	"wolfhud_hudlist_separate_bagged_loot_title" : "分隔贓物",
	"wolfhud_hudlist_separate_bagged_loot_desc" : "分隔袋裝或非袋裝贓物.",
	"wolfhud_hudlist_show_potential_loot_title" : "顯示未獲取的戰利品",
	"wolfhud_hudlist_show_potential_loot_desc" : "在戰利品計數器中顯示地圖上的木板箱數量. \n(記住,箱子可能是空的...)",
	"wolfhud_hudlist_show_special_pickups_title" : "顯示特殊物品",
	"wolfhud_hudlist_show_special_pickups_desc" : "顯示化學品數量, 鑰匙卡和其他東西在地圖上.",
	
	
	"wolfhud_infopanels_buff_options_name" : "Buff列表選項",
	"wolfhud_infopanels_buff_options_help" : "增益狀態(Buff)信息列表的選項."
	
	
	"wolfhud_infopanels_buff_mastermind_options_name" : "黑手技能",
	"wolfhud_infopanels_buff_mastermind_options_help" : "啟用或禁用黑手技能的可視指示器.\n(應用更改需要重啟關卡...)",
	"wolfhud_infopanels_buff_enforcer_options_name" : "暴徒技能",
	"wolfhud_infopanels_buff_enforcer_options_help" : "啟用或禁用暴徒技能的可視指示器.\n(應用更改需要重啟關卡...)",
	"wolfhud_infopanels_buff_technician_options_name" : "技師技能",
	"wolfhud_infopanels_buff_technician_options_help" : "啟用或禁用技師技能的可視指示器.\n(應用更改需要重啟關卡...)",
	"wolfhud_infopanels_buff_ghost_options_name" : "幽靈技能",
	"wolfhud_infopanels_buff_ghost_options_help" : "啟用或禁用幽靈技能的可視指示器.\n(應用更改需要重啟關卡...)",
	"wolfhud_infopanels_buff_fugitive_options_name" : "逃犯技能",
	"wolfhud_infopanels_buff_fugitive_options_help" : "啟用或禁用逃犯技能的可視指示器.\n(應用更改需要重啟關卡...)",
	"wolfhud_infopanels_buff_perkdecks_options_name" : "牌組增益",
	"wolfhud_infopanels_buff_perkdecks_options_help" : "啟用或禁用牌組增益的可視指示器.\n(應用更改需要重啟關卡...)",
	
	"wolfhud_hudlist_show_buffs_title" : "顯示增益狀態",
	"wolfhud_hudlist_show_buffs_desc" : "在螢幕的底部中心顯示啟動的增益狀態.",
	"wolfhud_hudlist_damage_increase_compbuff_title" : "增加傷害",
	"wolfhud_hudlist_damage_increase_compbuff_desc" : "綜合增益項目,顯示所有傷害提高技能的附加值.",
	"wolfhud_hudlist_damage_reduction_compbuff_title" : "傷害減少",
	"wolfhud_hudlist_damage_reduction_compbuff_desc" : "綜合增益項目,顯示所有傷害降低技能的附加值.",
	"wolfhud_hudlist_melee_damage_increase_compbuff_title" : "近戰傷害增加",
	"wolfhud_hudlist_melee_damage_increase_compbuff_desc" : "綜合增益項目,顯示所有增加技能的附加值.",
	"wolfhud_hudlist_aggressive_reload_aced_buff_title" : "積極重新加載",
	"wolfhud_hudlist_aggressive_reload_aced_buff_desc" : "",
	"wolfhud_hudlist_ammo_efficiency_buff_title" : "彈藥效率",
	"wolfhud_hudlist_ammo_efficiency_buff_desc" : "",
	"wolfhud_hudlist_armor_break_invulnerable_buff_title" : "Blitzkrieg Bop(無政府主義者)",
	"wolfhud_hudlist_armor_break_invulnerable_buff_desc" : "",
	"wolfhud_hudlist_berserker_buff_title" : "狂戰士",
	"wolfhud_hudlist_berserker_buff_desc" : "綜合部分增益.",
	"wolfhud_hudlist_biker_buff_title" : "Regen Debuff (暴走族)",
	"wolfhud_hudlist_biker_buff_desc" : "",
	"wolfhud_hudlist_bloodthirst_basic_buff_title" : "嗜血 (基礎技能)",
	"wolfhud_hudlist_bloodthirst_basic_buff_desc" : "綜合部分增益.",
	"wolfhud_hudlist_bloodthirst_aced_buff_title" : "嗜血(精通)",
	"wolfhud_hudlist_bloodthirst_aced_buff_desc" : "",
	"wolfhud_hudlist_bullet_storm_buff_title" : "槍林彈雨",
	"wolfhud_hudlist_bullet_storm_buff_desc" : "",
	"wolfhud_hudlist_close_contact_buff_title" : "Close Contact (內鬼)",
	"wolfhud_hudlist_close_contact_buff_desc" : "複合增益的一部分.",
	"wolfhud_hudlist_combat_medic_buff_title" : "戰地醫生(主動)",
	"wolfhud_hudlist_combat_medic_buff_desc" : "複合增益的一部分.",
	"wolfhud_hudlist_combat_medic_passive_buff_title" : "戰地醫生(被動)",
	"wolfhud_hudlist_combat_medic_passive_buff_desc" : "複合增益的一部分.",
	"wolfhud_hudlist_desperado_buff_title" : "亡命之徒",
	"wolfhud_hudlist_desperado_buff_desc" : "",
	"wolfhud_hudlist_die_hard_buff_title" : "Die Hard",
	"wolfhud_hudlist_die_hard_buff_desc" : "複合增益的一部分.",
	"wolfhud_hudlist_dire_need_buff_title" : "迫切需要",
	"wolfhud_hudlist_dire_need_buff_desc" : "",
	"wolfhud_hudlist_frenzy_buff_title" : "狂亂",
	"wolfhud_hudlist_frenzy_buff_desc" : "複合增益的一部分.",
	"wolfhud_hudlist_grinder_buff_title" : "血量回覆(賭徒)",
	"wolfhud_hudlist_grinder_buff_desc" : "",
	"wolfhud_hudlist_chico_injector_buff_title" : "注射器持續時間(毒梟)",
	"wolfhud_hudlist_chico_injector_buff_desc" : "",
	"wolfhud_hudlist_hostage_situation_buff_title" : "人質狀況(船長)",
	"wolfhud_hudlist_hostage_situation_buff_desc" : "複合增益的一部分.",
	"wolfhud_hudlist_hostage_taker_buff_title" : "劫持人質",
	"wolfhud_hudlist_hostage_taker_buff_desc" : "",
	"wolfhud_hudlist_inspire_buff_title" : "激勵(促進)",
	"wolfhud_hudlist_inspire_buff_desc" : "",
	"wolfhud_hudlist_lock_n_load_buff_title" : "Lock 'n' Load",
	"wolfhud_hudlist_lock_n_load_buff_desc" : "",
	"wolfhud_hudlist_melee_stack_damage_buff_title" : "近戰堆疊傷害(內鬼)",
	"wolfhud_hudlist_melee_stack_damage_buff_desc" : "複合增益的一部分.",
	"wolfhud_hudlist_maniac_buff_title" : "損傷減少(瘋子)",
	"wolfhud_hudlist_maniac_buff_desc" : "",
	"wolfhud_hudlist_muscle_regen_buff_title" : "血量再生 (打手)",
	"wolfhud_hudlist_muscle_regen_buff_desc" : "",
	"wolfhud_hudlist_messiah_buff_title" : "彌賽亞",
	"wolfhud_hudlist_messiah_buff_desc" : "",
	"wolfhud_hudlist_overdog_buff_title" : "獨領風騷(內鬼)",
	"wolfhud_hudlist_overdog_buff_desc" : "",
	"wolfhud_hudlist_overkill_buff_title" : "大開殺戒",
	"wolfhud_hudlist_overkill_buff_desc" : "複合增益的一部分.",
	"wolfhud_hudlist_painkiller_buff_title" : "止痛藥",
	"wolfhud_hudlist_painkiller_buff_desc" : "複合增益的一部分.",
	"wolfhud_hudlist_partner_in_crime_buff_title" : "共犯",
	"wolfhud_hudlist_partner_in_crime_buff_desc" : "複合增益的一部分.",
	"wolfhud_hudlist_running_from_death_buff_title" : "死裡逃生",
	"wolfhud_hudlist_running_from_death_buff_desc" : "",
	"wolfhud_hudlist_quick_fix_buff_title" : "應急處理",
	"wolfhud_hudlist_quick_fix_buff_desc" : "複合增益的一部分.",
	"wolfhud_hudlist_second_wind_buff_title" : "打起精神",
	"wolfhud_hudlist_second_wind_buff_desc" : "",
	"wolfhud_hudlist_sixth_sense_buff_title" : "第六感",
	"wolfhud_hudlist_sixth_sense_buff_desc" : "",
	"wolfhud_hudlist_swan_song_buff_title" : "天鵝絕唱",
	"wolfhud_hudlist_swan_song_buff_desc" : "",
	"wolfhud_hudlist_tooth_and_claw_buff_title" : "臥倒掩護(幽靈)",
	"wolfhud_hudlist_tooth_and_claw_buff_desc" : "",
	"wolfhud_hudlist_trigger_happy_buff_title" : "開槍狂",
	"wolfhud_hudlist_trigger_happy_buff_desc" : "複合增益的一部分.",
	"wolfhud_hudlist_underdog_buff_title" : "困獸鬥",
	"wolfhud_hudlist_underdog_buff_desc" : "複合增益的一部分.",
	"wolfhud_hudlist_unseen_strike_buff_title" : "無形攻擊",
	"wolfhud_hudlist_unseen_strike_buff_desc" : "",
	"wolfhud_hudlist_up_you_go_buff_title" : "該你了",
	"wolfhud_hudlist_up_you_go_buff_desc" : "複合增益的一部分.",
	"wolfhud_hudlist_uppers_buff_title" : "濫藥成癮",
	"wolfhud_hudlist_uppers_buff_desc" : "",
	"wolfhud_hudlist_yakuza_buff_title" : "護甲再生速度(極道)",
	"wolfhud_hudlist_yakuza_buff_desc" : "",
	"wolfhud_hudlist_anarchist_armor_recovery_debuff_title" : "Lust for Life (無政府主義者)",
	"wolfhud_hudlist_anarchist_armor_recovery_debuff_desc" : "",
	"wolfhud_hudlist_ammo_give_out_debuff_title" : "彈藥派發(賭徒)",
	"wolfhud_hudlist_ammo_give_out_debuff_desc" : "",
	"wolfhud_hudlist_bullseye_debuff_title" : "靶心 負面增益",
	"wolfhud_hudlist_bullseye_debuff_desc" : "",
	"wolfhud_hudlist_inspire_debuff_title" : "啟發 促進 負面增益",
	"wolfhud_hudlist_inspire_debuff_desc" : "",
	"wolfhud_hudlist_inspire_revive_debuff_title" : "啟發 復活 負面增益",
	"wolfhud_hudlist_inspire_revive_debuff_desc" : "",
	"wolfhud_hudlist_life_drain_debuff_title" : "生命流逝負面增益 (內鬼)",
	"wolfhud_hudlist_life_drain_debuff_desc" : "",
	"wolfhud_hudlist_medical_supplies_debuff_title" : "藥物供應負面增益(賭徒)",
	"wolfhud_hudlist_medical_supplies_debuff_desc" : "",
	"wolfhud_hudlist_sociopath_debuff_title" : "再生負面增益(反社會)",
	"wolfhud_hudlist_sociopath_debuff_desc" : "",
	"wolfhud_hudlist_armorer_teambuff_title" : "護甲增加團隊增益(軍械士)",
	"wolfhud_hudlist_armorer_teambuff_desc" : "",
	"wolfhud_hudlist_bulletproof_teambuff_title" : "防彈團隊增益",
	"wolfhud_hudlist_bulletproof_teambuff_desc" : "",
	"wolfhud_hudlist_crew_chief_teambuff_title" : "增加統計團隊增益(船長)",
	"wolfhud_hudlist_crew_chief_teambuff_desc" : "複合增益的一部分.",
	"wolfhud_hudlist_forced_friendship_teambuff_title" : "強迫的友誼團隊增益",
	"wolfhud_hudlist_forced_friendship_teambuff_desc" : "",
	
	
	"wolfhud_waypoints_options_name" : "自定義航點選項",
	"wolfhud_waypoints_options_help" : "控制自定義航點的選項.",

	"wolfhud_waypoints_color_title" : "航點顏色",
	"wolfhud_waypoints_color_desc" : "預設任務航點的顏色.",
	"wolfhud_waypoints_show_ammo_bag_title" : "顯示彈藥包",
	"wolfhud_waypoints_show_ammo_bag_desc" : "顯示彈藥包的航點,告訴你剩餘的百分比.",
	"wolfhud_waypoints_show_doc_bag_title" : "顯示醫療箱",
	"wolfhud_waypoints_show_doc_bag_desc" : "顯示醫療箱的航點,並顯示剩餘的使用數量.",
	"wolfhud_waypoints_show_first_aid_kit_title" : "顯示急救包",
	"wolfhud_waypoints_show_first_aid_kit_desc" : "顯示急救包的航點,並顯示其技能效果.",
	"wolfhud_waypoints_show_body_bag_title" : "顯示屍袋箱",
	"wolfhud_waypoints_show_body_bag_desc" : "顯示屍袋箱的航點,並顯示剩餘的屍袋數量.",
	"wolfhud_waypoints_show_grenade_crate_title" : "顯示手榴彈箱",
	"wolfhud_waypoints_show_grenade_crate_desc" : "顯示手榴彈的航點,並告訴你手榴彈的數量.",
	"wolfhud_waypoints_show_sentries_title" : "顯示步哨塔",
	"wolfhud_waypoints_show_sentries_desc" : "顯示步哨塔的航點,並告訴你剩餘的彈藥量.",
	"wolfhud_waypoints_show_ecms_title" : "顯示ECM",
	"wolfhud_waypoints_show_ecms_desc" : "顯示ECM的航點,並告訴您剩餘的電池和反饋持續時間.",
	"wolfhud_waypoints_show_timers_title" : "顯示計時器",
	"wolfhud_waypoints_show_timers_desc" : "顯示計時器的航點,並告訴你剩下的時間和其運行的升級.",
	"wolfhud_waypoints_show_loot_title" : "顯示贓物",
	"wolfhud_waypoints_show_loot_desc" : "當看它附近時,顯示它上面的戰利品的名稱.",
	"wolfhud_waypoints_show_special_equipment_title" : "顯示特殊設備",
	"wolfhud_waypoints_show_special_equipment_desc" : "顯示各種不同設備的航點. 好知道所有不同的位置.",
	"wolfhud_waypoints_show_minions_title" : "顯示變節警察",
	"wolfhud_waypoints_show_minions_desc" : "在其頭部之上顯示一個變節警察名稱,還有轉換他的玩家顏色.\n同時顯示他的擊殺數.",
	"wolfhud_waypoints_show_pager_title" : "顯示無線電",
	"wolfhud_waypoints_show_pager_desc" : "顯示通話中的無線電航點. 當有人回覆時改變它的顏色.",
	
	
	"wolfhud_tabstats_options_name" : "標籤統計選項",
	"wolfhud_tabstats_options_help" : "配置標籤頁的外觀.",
	
	"wolfhud_tabstats_clock_mode_title" : "時鐘模式",
	"wolfhud_tabstats_clock_mode_desc" : "時鐘使用哪種模式?",
	"wolfhud_tabstats_clock_mode_a" : "12小時制",
	"wolfhud_tabstats_clock_mode_b" : "24小時制",
	"wolfhud_tabstats_clock_mode_c" : "劫案時間",
	"wolfhud_use_tabstats_title" : "使用統計信息",
	"wolfhud_use_tabstats_desc" : "在標籤頁上顯示統計信息,和任務簡報.\n(應用更改需要重啟關卡...)",
	"wolfhud_tabstats_font_size_title" : "列表字體大小",
	"wolfhud_tabstats_font_size_desc" : "高級統計列表的字體大小.",
	"wolfhud_tabstats_color_title" : "列表顏色",
	"wolfhud_tabstats_color_desc" : "高級統計列表的顏色.",
	"wolfhud_tabstats_actual_mask_title" : "使用實際面具",
	"wolfhud_tabstats_actual_mask_desc" : "使用你的實際面具，而不是你玩的角色圖片.",
	"wolfhud_tabstats_numberic_loot_title" : "數字計數器",
	"wolfhud_tabstats_numberic_loot_desc" : "禁用袋計數迷你遊戲並立即顯示數字.",
	
	
	"wolfhud_dmgindicator_options_name" : "傷害指示",
	"wolfhud_dmgindicator_options_help" : "設置漸變時間,尺寸和顏色或指示箭頭.",
	
	"wolfhud_show_dmg_indicator_title" : "動態傷害指示箭頭",
	"wolfhud_show_dmg_indicator_desc" : "將4個靜態傷害指示箭頭轉換為幾個動態指示箭頭,根據您的位置和傷害的位置移動.",
	"wolfhud_dmg_ind_time_title" : "指標持續時間",
	"wolfhud_dmg_ind_time_desc" : "確定時間，將顯示指示箭頭.",
	"wolfhud_dmg_ind_size_title" : "指示箭頭尺寸",
	"wolfhud_dmg_ind_size_desc" : "確定指標放置在周圍的圓圈大小.",
	"wolfhud_dmg_indicator_max_count_title" : "最大指標計數",
	"wolfhud_dmg_indicator_max_count_desc" : "指定屏幕上的最大傷害指標.",
	"wolfhud_dmg_shield_color_title" : "護甲顏色",
	"wolfhud_dmg_shield_color_desc" : "當你失去護甲改變指示箭頭的顏色.",
	"wolfhud_dmg_health_color_title" : "血量顏色",
	"wolfhud_dmg_health_color_desc" : "當你失去血量改變指示箭頭的顏色.",
	"wolfhud_dmg_crit_color_title" : "低健康顏色",
	"wolfhud_dmg_crit_color_desc" : "當你的血量越來越低改變指標的顏色.",
	"wolfhud_dmg_vehicle_color_title" : "車輛顏色",
	"wolfhud_dmg_vehicle_color_desc" : "當你所在的車輛被擊中改變指示箭頭的顏色.",
	"wolfhud_dmg_friendlyfire_color_title" : "友好的火顏色",
	"wolfhud_dmg_friendlyfire_color_desc" : "當你被火或爆炸物擊中改變指示箭頭的顏色.",
	
	
	"wolfhud_dmgpopup_options_name" : "敵人傷害顯示",
	"wolfhud_dmgpopup_options_help" : "在敵人頭附近彈出顯示所造成的傷害.",
	
	"wolfhud_show_dmg_popup_title" : "彈出顯示傷害",
	"wolfhud_show_dmg_popup_desc" : "啟用彈出傷害顯示.",
	"wolfhud_dmg_popup_player" : "玩家",
	"wolfhud_dmg_popup_all" : "每個人",
	"wolfhud_dmg_popup_scale_title" : "彈出縮放",
	"wolfhud_dmg_popup_scale_desc" : "更改彈出傷害顯示的大小.",
	"wolfhud_dmg_popup_time_title" : "彈出時間",
	"wolfhud_dmg_popup_time_desc" : "確定彈出的傷害顯示將保留多長時間.",
	"wolfhud_dmg_popup_color_title" : "射擊身體顏色",
	"wolfhud_dmg_popup_color_desc" : "設置射擊身體彈出的顏色",
	"wolfhud_dmg_popup_headshot_color_title" : "爆頭顏色",
	"wolfhud_dmg_popup_headshot_color_desc" : "設置爆頭彈出的顏色.",
	
	
	"wolfhud_enemyhealthbar_options_name" : "敵人血條",
	"wolfhud_enemyhealthbar_options_help" : "確定哪些單位應顯示血條.",
	
	"wolfhud_show_enemyhealthbar_title" : "顯示敵人血條",
	"wolfhud_show_enemyhealthbar_desc" : "當你瞄準一個敵人時,顯示敵人血條在頂部.\n(應用更改需要重啟關卡...)",
	"wolfhud_show_civhealthbar_title" : "平民血條",
	"wolfhud_show_civhealthbar_desc" : "顯示平民和AI隊友的血條.",
	"wolfhud_show_carhealthbar_title" : "顯示載具血條",
	"wolfhud_show_carhealthbar_desc" : "顯示可驅動載具的血條.",
	"wolfhud_show_healthbar_pointer_title" : "顯示指針",
	"wolfhud_show_healthbar_pointer_desc" : "在血條下方顯示箭頭指向血條目標.",
	
	
	"wolfhud_interaction_options_name" : "互動選項",
	"wolfhud_interaction_options_help" : "選擇您的個人互動偏好設置.",
	
	"wolfhud_press2hold_lock_mode_title" : "鎖定模式",
	"wolfhud_press2hold_lock_mode_desc" : "當已經按住超過X秒後鎖定.(進度)\n當總互動時間大於X秒時鎖定.(完全)",
	"wolfhud_press2hold_lock_mode_a" : "進度",
	"wolfhud_press2hold_lock_mode_b" : "完全",
	"wolfhud_press2hold_lock_mode_c" : "無線電+鎖定",
	"wolfhud_press2hold_lock_mode_d" : "僅限無線電",
	"wolfhud_press2hold_min_timer_duration_title" : "最小計時器持續時間",
	"wolfhud_press2hold_min_timer_duration_desc" : "最小計時器互動鎖定的持續時間.",
	"wolfhud_press2hold_show_lockindicator_title" : "顯示鎖定指示燈",
	"wolfhud_press2hold_show_lockindicator_desc" : "顯示半透明紅/綠圈覆蓋, 以顯示互動是否被鎖定.",
	"wolfhud_press2hold_equipment_cancel_title" : "設備中斷",
	"wolfhud_press2hold_equipment_cancel_desc" : "使用您的設定按鍵中斷鎖定的互動.\n(否則，請再次按下互動鍵.)",
	"wolfhud_press2hold_interrupt_hint_title" : "顯示中斷提示",
	"wolfhud_press2hold_interrupt_hint_desc" : "顯示要提醒的文字，哪個按鈕會中斷您的互動.",
	"wolfhud_press2hold_show_timer_title" : "顯示剩餘時間",
	"wolfhud_press2hold_show_timer_desc" : "顯示互動圈內的剩餘時間.",
	"wolfhud_press2hold_show_circle_title" : "顯示互動圈",
	"wolfhud_press2hold_show_circle_desc" : "確定是否應顯示標準互相動作圓.",
	"wolfhud_press2hold_circle_scale_title" : "圓圈大小",
	"wolfhud_press2hold_circle_scale_desc" : "互動圓的縮放因子.",
	"wolfhud_press2hold_timer_scale_title" : "定時器刻度",
	"wolfhud_press2hold_timer_scale_desc" : "中心計時器的縮放係數 (考慮圓圈大小).",
	"wolfhud_press2hold_text_scale_title" : "文本縮放",
	"wolfhud_press2hold_text_scale_desc" : "在圓圈下方的互動文字的縮放係數.",
	"wolfhud_press2hold_show_reload_circle_title" : "顯示重新加載計時器",
	"wolfhud_press2hold_show_reload_circle_desc" : "如果我們確定應該顯示重新加載作為互動資訊.",
	"wolfhud_press2hold_show_melee_circle_title" : "顯示近戰續力",
	"wolfhud_press2hold_show_melee_circle_desc" : "如果我們確定應該顯示近戰續力作為互動資訊.",
	"wolfhud_press2hold_timer_color_start_title" : "重新加載圓圈 (開始)",
	"wolfhud_press2hold_timer_color_start_desc" : "計時器開始的顏色.",
	"wolfhud_press2hold_timer_color_title" : "計時器顏色(結束)",
	"wolfhud_press2hold_timer_color_desc" : "完成時達到的時間的顏色.",
	"wolfhud_press2hold_show_timer_outline_title" : "黑色輪廓",
	"wolfhud_press2hold_show_timer_outline_desc" : "在剩餘時間文本周圍顯示黑色輪廓.",
	"wolfhud_doubletap_nades_stealth_title" : "潛行抑制",
	"wolfhud_doubletap_nades_stealth_desc" : "潛行時需要按兩次投擲鍵才能投擲. \n僅為防止事故.",
	"wolfhud_hold_to_pick_title" : "自動提取",
	"wolfhud_hold_to_pick_desc" : "按著互動鍵時小戰利品將被自動拾起.",
	
	
	"wolfhud_inventory_options_name" : "庫存調整選項",
	"wolfhud_inventory_options_help" : "用於更改庫存視覺效果和更改設備行為的選項.",
	
	"wolfhud_equipment_senty_auto_ap_title" : "步哨塔自動AP模式",
	"wolfhud_equipment_senty_auto_ap_desc" : "如果你有所需的技能,步哨塔預設狀態為穿甲模式(AP).",
	"wolfhud_equipment_tripmine_auto_sensor_stealth_title" : "詭雷自動傳感器模式",
	"wolfhud_equipment_tripmine_auto_sensor_stealth_desc" : "潛行模式中,詭雷預設狀態為感應模式.",
	"wolfhud_equipment_ecm_feedback_disabled_stealth_title" : "無ECM反饋",
	"wolfhud_equipment_ecm_feedback_disabled_stealth_desc" : "ECM反饋將在潛行期間禁用.",
	
	
	"wolfhud_gadget_options_name" : "武器小工具選項",
	"wolfhud_gadget_options_help" : "指定您的自定義雷射光顏色.",
	
	"wolfhud_laser_autoon_title" : "自動雷射光打開",
	"wolfhud_laser_autoon_desc" : "在有一個武器持有時自動打開雷射光小工具.",
	"wolfhud_show_angeled_sight_title" : "顯示有角度的視域",
	"wolfhud_show_angeled_sight_desc" : "在你的手傾斜武器,同時啟用角度瞄準鏡.",
	
	"wolfhud_gadget_player_laser_options_name" : "玩家雷射光",
	"wolfhud_gadget_player_laser_options_help" : "設置主機您的雷射光.",
	"wolfhud_gadget_player_sentry_laser_options_name" : "玩家布哨塔設定",
	"wolfhud_gadget_player_sentry_laser_options_help" : "布哨塔雷射光的設置.",
	"wolfhud_gadget_team_laser_options_name" : "團隊雷射光",
	"wolfhud_gadget_team_laser_options_help" : "您的隊友雷射光的設置.",
	"wolfhud_gadget_team_sentry_laser_options_name" : "隊友布哨塔雷射光",
	"wolfhud_gadget_team_sentry_laser_options_help" : "您的隊友布哨塔雷射光的設置.",
	"wolfhud_gadget_sniper_laser_options_name" : "狙擊手雷射光",
	"wolfhud_gadget_sniper_laser_options_help" : "設置敵人狙擊手的雷射光.",
	"wolfhud_gadget_turret_laser_active_options_name" : "SWAT布哨車雷射光(啟動)",
	"wolfhud_gadget_turret_laser_active_options_help" : "啟動中的SWAT布哨車雷射光設置.",
	"wolfhud_gadget_turret_laser_rearming_options_name" : "SWAT布哨車雷射光(待機)",
	"wolfhud_gadget_turret_laser_rearming_options_help" : "待機中的SWAT布哨車雷射光設置.",
	"wolfhud_gadget_turret_laser_mad_options_name" : "SWAT布哨車雷射光(卡住)",
	"wolfhud_gadget_turret_laser_mad_options_help" : "卡住的SWAT布哨車雷射光設置.",
	"wolfhud_gadget_player_flashlight_options_name" : "玩家手電筒",
	"wolfhud_gadget_player_flashlight_options_help" : "主機手電筒的設置.",
	"wolfhud_gadget_team_flashlight_options_name" : "隊友手電筒",
	"wolfhud_gadget_team_flashlight_options_help" : "您的隊友手電筒的設置.",
	
	"wolfhud_gadgets_beam_r_title" : "雷射光束(R)",
	"wolfhud_gadgets_beam_r_desc" : "雷射光束顏色中的紅色分量.",
	"wolfhud_gadgets_beam_g_title" : "雷射光束(G)",
	"wolfhud_gadgets_beam_g_desc" : "雷射光束顏色中的綠色分量.",
	"wolfhud_gadgets_beam_b_title" : "雷射光束(B)",
	"wolfhud_gadgets_beam_b_desc" : "雷射光束顏色中的藍色分量.",
	"wolfhud_gadgets_beam_a_title" : "雷射光束亮度",
	"wolfhud_gadgets_beam_a_desc" : "激光束的不透明度.",
	"wolfhud_gadgets_dot_match_title" : "匹配點顏色",
	"wolfhud_gadgets_dot_match_desc" : "確定雷射光點是否與光束顏色匹配.",
	"wolfhud_gadgets_dot_r_title" : "雷射光點(R)",
	"wolfhud_gadgets_dot_r_desc" : "雷射光點顏色中的紅色分量.",
	"wolfhud_gadgets_dot_g_title" : "雷射光點(G)",
	"wolfhud_gadgets_dot_g_desc" : "雷射光點顏色中的綠色分量.",
	"wolfhud_gadgets_dot_b_title" : "雷射光點(B)",
	"wolfhud_gadgets_dot_b_desc" : "雷射光點顏色中的藍色分量.",
	"wolfhud_gadgets_dot_a_title" : "雷射光點亮度",
	"wolfhud_gadgets_dot_a_desc" : "雷射光點的不透明度.",
	"wolfhud_gadgets_glow_match_title" : "匹配的發光顏色",
	"wolfhud_gadgets_glow_match_desc" : "如果確定雷射燈發光應該匹配光束的顏色.",
	"wolfhud_gadgets_glow_r_title" : "雷射發光(R)",
	"wolfhud_gadgets_glow_r_desc" : "雷射發光顏色中的紅色分量.",
	"wolfhud_gadgets_glow_g_title" : "L雷射發光G)",
	"wolfhud_gadgets_glow_g_desc" : "雷射發光顏色中的綠色分量.",
	"wolfhud_gadgets_glow_b_title" : "雷射發光(B)",
	"wolfhud_gadgets_glow_b_desc" : "雷射發光顏色中的藍色分量.",
	"wolfhud_gadgets_glow_a_title" : "雷射發光亮度",
	"wolfhud_gadgets_glow_a_desc" : "雷射發光的不透明度.",
	"wolfhud_gadgets_light_r_title" : "手電筒(R)",
	"wolfhud_gadgets_light_r_desc" : "手電筒顏色中的紅色分量.",
	"wolfhud_gadgets_light_g_title" : "手電筒(G)",
	"wolfhud_gadgets_light_g_desc" : "手電筒顏色中的綠色分量.",
	"wolfhud_gadgets_light_b_title" : "手電筒(B)",
	"wolfhud_gadgets_light_b_desc" : "手電筒顏色中的藍色分量.",
	"wolfhud_gadgets_light_brightness_title" : "手電筒亮度",
	"wolfhud_gadgets_light_brightness_desc" : "手電筒的亮度.",
	"wolfhud_gadgets_light_angle_title" : "手電筒角度",
	"wolfhud_gadgets_light_angle_desc" : "手電筒照射的角度.",
	"wolfhud_gadgets_light_range_title" : "手電筒範圍",
	"wolfhud_gadgets_light_range_desc" : "手電筒可照射的距離.",
	"wolfhud_gadgets_rainbow_enabled_title" : "啟用彩虹",
	"wolfhud_gadgets_rainbow_enabled_desc" : "啟用彩虹模式.",
	"wolfhud_gadgets_rainbow_frequency_title" : "彩虹頻率",
	"wolfhud_gadgets_rainbow_frequency_desc" : "確定彩虹變色的速度.",
	"wolfhud_gadgets_pulse_enabled_title" : "啟用脈衝(呼吸燈!?)",
	"wolfhud_gadgets_pulse_enabled_desc" : "啟用彩虹模式.",
	"wolfhud_gadgets_pulse_min_title" : "最小脈衝",
	"wolfhud_gadgets_pulse_min_desc" : "修改最小不透明度.",
	"wolfhud_gadgets_pulse_max_title" : "最大脈衝",
	"wolfhud_gadgets_pulse_max_desc" : "修改最大不透明度.",
	"wolfhud_gadgets_pulse_frequency_title" : "脈衝頻率",
	"wolfhud_gadgets_pulse_frequency_desc" : "確定脈衝從最小到最大不透明度乘數所需的時間.",
	
	"wolfhud_skipit_options_name" : "跳過選項",
	"wolfhud_skipit_options_help" : "選項可自動跳過不必要的選項以節省時間.",
	"wolfhud_assaultbanner_options_name" : "突擊橫幅選項",
	"wolfhud_assaultbanner_options_help" : "用於更改Assault Banner的選項."
}