<table>
    <menu search="menu;id='pause_menu'">
        <node search="node;name='pause'">
            <item index="after:item;name='fbi_files'" next_node="pdth_hud_challenges" name="pdth_challenges" text_id="pdth_hud_challenges" help_id="pdth_hud_challenges_hint"/>
        </node>

        <node align_line="0.75" menu_components="" modifier="PDTHHudActiveChallenges" refresh="PDTHHudActiveChallenges" name="pdth_hud_active_challenges">
        </node>
        <node align_line="0.75" menu_components="" modifier="PDTHHudCompletedChallenges" refresh="PDTHHudCompletedChallenges" name="pdth_hud_completed_challenges">
        </node>

        <node align_line="0.75" menu_components="" modifier="" name="pdth_hud_challenges">
            <item next_node="pdth_hud_active_challenges" name="active_challenges" text_id="pdth_hud_active_challenges" help_id="pdth_hud_active_challenges_hint"/>
            <item next_node="pdth_hud_completed_challenges" name="completed_challenges" text_id="pdth_hud_completed_challenges" help_id="pdth_hud_completed_challenges_hint"/>
            <item back="true" name="back" previous_node="true" text_id="menu_back" visible_callback="is_pc_controller"/>
        </node>
    </menu>
</table>
