{
	"menu_id" : "wolfhud_gadget_options_menu",
	"parent_menu_id" : "wolfhud_options_menu",
	"title" : "wolfhud_gadget_options_name",
	"description" : "wolfhud_gadget_options_help",
	"focus_changed_callback" : "",
	"back_callback" : "",
	"priority" : 100,
	"items" : [
		{
			"type" : "toggle",
			"id" : "laser_autoon",
			"title" : "wolfhud_laser_autoon_title",
			"description" : "wolfhud_laser_autoon_desc",
			"callback" : "clbk_change_setting",
			"value" : "laser_autoon",
			"priority" : 109
		},
		{
			"type" : "divider",
			"size" : 12,
			"priority" : 108
		},
		{
			"type" : "divider",
			"size" : 24
		},
		{
			"type" : "slider",
			"id" : "flashlight_angle",
			"title" : "wolfhud_flashlight_angle_title",
			"description" : "wolfhud_flashlight_angle_desc",
			"callback" : "clbk_change_setting",
			"value" : "flashlight_angle",
			"default_value" : 100,
			"min" : 60,
			"max" : 160,
			"step" : 1
		},
		{
			"type" : "slider",
			"id" : "flashlight_range",
			"title" : "wolfhud_flashlight_range_title",
			"description" : "wolfhud_flashlight_range_desc",
			"callback" : "clbk_change_setting",
			"value" : "flashlight_range",
			"default_value" : 20,
			"min" : 5,
			"max" : 45,
			"step" : 1
		},
		{
			"type" : "slider",
			"id" : "flashlight_mult",
			"title" : "wolfhud_flashlight_mult_title",
			"description" : "wolfhud_flashlight_mult_desc",
			"callback" : "clbk_change_setting",
			"value" : "flashlight_mult",
			"default_value" : 2,
			"min" : 0,
			"max" : 10,
			"step" : 0.1
		},
		{
			"type" : "multiple_choice",
			"id" : "flashlight_color",
			"title" : "wolfhud_flashlight_color_title",
			"description" : "wolfhud_flashlight_color_desc",
			"callback" : "clbk_change_setting",
			"items" : [ "enable_rainbow" ],
			"value" : "flashlight_color"
		},
		{
			"type" : "divider",
			"size" : 12
		},
		{
			"type" : "toggle",
			"id" : "show_angeled_sight",
			"title" : "wolfhud_show_angeled_sight_title",
			"description" : "wolfhud_show_angeled_sight_desc",
			"callback" : "clbk_change_setting",
			"value" : "show_angeled_sight"
		}
	]
}
