{
	"menu_id" : "wolfhud_gadget_laser_options_menu",
	"parent_menu_id" : "wolfhud_gadget_options_menu",
	"title" : "wolfhud_gadget_laser_options_name",
	"description" : "wolfhud_gadget_laser_options_help",
	"focus_changed_callback" : "",
	"back_callback" : "",
	"priority" : 100,
	"items" : [
		{
			"type" : "toggle",
			"id" : "use_weaponlasers",
			"title" : "wolfhud_use_weaponlasers_title",
			"description" : "wolfhud_use_weaponlasers_desc",
			"callback" : "clbk_change_setting",
			"value" : "use_weaponlasers",
		},
		{
			"type" : "slider",
			"id" : "laser_light",
			"title" : "wolfhud_laser_light_title",
			"description" : "wolfhud_laser_light_desc",
			"callback" : "clbk_change_setting",
			"value" : "laser_light",
			"default_value" : 10,
			"min" : 5,
			"max" : 15,
			"step" : 1,
		},
		{
			"type" : "slider",
			"id" : "laser_glow",
			"title" : "wolfhud_laser_glow_title",
			"description" : "wolfhud_laser_glow_desc",
			"callback" : "clbk_change_setting",
			"value" : "laser_glow",
			"default_value" : 5,
			"min" : 1,
			"max" : 15,
			"step" : 1,
		},
		{
			"type" : "divider",
			"size" : 16,
		},
		{
			"type" : "multiple_choice",
			"id" : "laser_player",
			"title" : "wolfhud_lasercolor_player_title",
			"description" : "wolfhud_lasercolor_player_desc",
			"callback" : "clbk_change_setting",
			"items" : [ "enable_rainbow" ],
			"value" : "laser_player"
		},
		{
			"type" : "slider",
			"id" : "laser_player_alpha",
			"title" : "wolfhud_laseralpha_title",
			"description" : "wolfhud_laseralpha_desc",
			"callback" : "clbk_change_setting",
			"value" : "laser_player_alpha",
			"default_value" : 0.3,
			"min" : 0,
			"max" : 1,
			"step" : 0.01
		},
		{
			"type" : "divider",
			"size" : 16
		},
		{
			"type" : "multiple_choice",
			"id" : "laser_player_sentry",
			"title" : "wolfhud_lasercolor_player_sentry_title",
			"description" : "wolfhud_lasercolor_player_sentry_desc",
			"callback" : "clbk_change_setting",
			"items" : [ "enable_rainbow" ],
			"value" : "laser_player_sentry"
		},
		{
			"type" : "slider",
			"id" : "laser_player_sentry_alpha",
			"title" : "wolfhud_laseralpha_title",
			"description" : "wolfhud_laseralpha_desc",
			"callback" : "clbk_change_setting",
			"value" : "laser_player_sentry_alpha",
			"default_value" : 0.1,
			"min" : 0,
			"max" : 1,
			"step" : 0.01
		},
		{
			"type" : "divider",
			"size" : 16
		},
		{
			"type" : "multiple_choice",
			"id" : "laser_teammates",
			"title" : "wolfhud_lasercolor_teammates_title",
			"description" : "wolfhud_lasercolor_teammates_desc",
			"callback" : "clbk_change_setting",
			"items" : [ "enable_rainbow" ],
			"value" : "laser_teammates"
		},
		{
			"type" : "slider",
			"id" : "laser_teammates_alpha",
			"title" : "wolfhud_laseralpha_title",
			"description" : "wolfhud_laseralpha_desc",
			"callback" : "clbk_change_setting",
			"value" : "laser_teammates_alpha",
			"default_value" : 0.15,
			"min" : 0,
			"max" : 1,
			"step" : 0.01
		},
		{
			"type" : "divider",
			"size" : 16
		},
		{
			"type" : "multiple_choice",
			"id" : "laser_teammates_sentry",
			"title" : "wolfhud_lasercolor_teammates_sentry_title",
			"description" : "wolfhud_lasercolor_teammates_sentry_desc",
			"callback" : "clbk_change_setting",
			"items" : [ "enable_rainbow" ],
			"value" : "laser_teammates_sentry"
		},
		{
			"type" : "slider",
			"id" : "laser_teammates_sentry_alpha",
			"title" : "wolfhud_laseralpha_title",
			"description" : "wolfhud_laseralpha_desc",
			"callback" : "clbk_change_setting",
			"value" : "laser_teammates_sentry_alpha",
			"default_value" : 0.1,
			"min" : 0,
			"max" : 1,
			"step" : 0.01
		},
		{
			"type" : "divider",
			"size" : 16
		},
		{
			"type" : "multiple_choice",
			"id" : "laser_sniper",
			"title" : "wolfhud_lasercolor_sniper_title",
			"description" : "wolfhud_lasercolor_sniper_desc",
			"callback" : "clbk_change_setting",
			"items" : [ "enable_rainbow" ],
			"value" : "laser_sniper"
		},
		{
			"type" : "slider",
			"id" : "laser_sniper_alpha",
			"title" : "wolfhud_laseralpha_title",
			"description" : "wolfhud_laseralpha_desc",
			"callback" : "clbk_change_setting",
			"value" : "laser_sniper_alpha",
			"default_value" : 0.5,
			"min" : 0,
			"max" : 1,
			"step" : 0.01
		},
		{
			"type" : "divider",
			"size" : 16
		},
		{
			"type" : "multiple_choice",
			"id" : "laser_turret_active",
			"title" : "wolfhud_lasercolor_turret_active_title",
			"description" : "wolfhud_lasercolor_turret_active_desc",
			"callback" : "clbk_change_setting",
			"items" : [ "enable_rainbow" ],
			"value" : "laser_turret_active"
		},
		{
			"type" : "multiple_choice",
			"id" : "laser_turret_reloading",
			"title" : "wolfhud_lasercolor_turret_reloading_title",
			"description" : "wolfhud_lasercolor_player_desc",
			"callback" : "clbk_change_setting",
			"items" : [ "enable_rainbow" ],
			"value" : "laser_turret_reloading"
		},
		{
			"type" : "multiple_choice",
			"id" : "laser_turret_jammed",
			"title" : "wolfhud_lasercolor_turret_jammed_title",
			"description" : "wolfhud_lasercolor_turret_jammed_desc",
			"callback" : "clbk_change_setting",
			"items" : [ "enable_rainbow" ],
			"value" : "laser_turret_jammed"
		},
		{
			"type" : "slider",
			"id" : "laser_turret_alpha",
			"title" : "wolfhud_laseralpha_title",
			"description" : "wolfhud_laseralpha_desc",
			"callback" : "clbk_change_setting",
			"value" : "laser_turret_alpha",
			"default_value" : 0.15,
			"min" : 0,
			"max" : 1,
			"step" : 0.01
		}
	]
}
