{
	"menu_id" : "wolfhud_chat_options_menu",
	"parent_menu_id" : "wolfhud_panels_options_menu",
	"title" : "wolfhud_chat_options_name",
	"description" : "wolfhud_chat_options_help",
	"focus_changed_callback" : "WolfHUD_GeneralHUD_Focus",
	"back_callback" : "",
	"items" : [
		{
			"type" : "slider",
			"id" : "LINE_HEIGHT",
			"title" : "wolfhud_chat_fontsize_title",
			"description" : "wolfhud_chat_fontsize_desc",
			"callback" : "clbk_change_setting",
			"value" : "LINE_HEIGHT",
			"default_value" : 15,
			"min" : 10,
			"max" : 20,
			"step" : 1,
		},
		{
			"type" : "slider",
			"id" : "MAX_OUTPUT_LINES",
			"title" : "wolfhud_chat_outputlines_title",
			"description" : "wolfhud_chat_outputlines_desc",
			"callback" : "clbk_change_setting",
			"value" : "MAX_OUTPUT_LINES",
			"default_value" : 8,
			"min" : 2,
			"max" : 15,
			"step" : 1,
		},
		{
			"type" : "slider",
			"id" : "CHAT_WAIT_TIME",
			"title" : "wolfhud_chat_waittime_title",
			"description" : "wolfhud_chat_waittime_desc",
			"callback" : "clbk_change_setting",
			"value" : "CHAT_WAIT_TIME",
			"default_value" : 10,
			"min" : 0,
			"max" : 90,
			"step" : 1,
		},
		{
			"type" : "divider",
			"size" : 8,
		},
		{
			"type" : "toggle",
			"id" : "spam_filter",
			"title" : "wolfhud_spam_filter_title",
			"description" : "wolfhud_spam_filter_desc",
			"callback" : "clbk_change_setting",
			"value" : "spam_filter",
		}
	]
}