{
	"menu_id" : "wolfhud_drivinghud_options_menu",
	"parent_menu_id" : "wolfhud_panels_options_menu",
	"title" : "wolfhud_drivinghud_options_name",
	"description" : "wolfhud_drivinghud_options_help",
	"focus_changed_callback" : "WolfHUD_GeneralHUD_Focus",
	"back_callback" : "",
	"items" : [
		{
			"type" : "toggle",
			"id" : "use_drivinghud",
			"title" : "wolfhud_show_drivinghud_title",
			"description" : "wolfhud_show_drivinghud_desc",
			"callback" : "clbk_change_drivinghud_setting",
			"value" : "use_drivinghud",
		},
		{
			"type" : "slider",
			"id" : "drivinghud_scale",
			"title" : "wolfhud_drivinghud_scale_title",
			"description" : "wolfhud_drivinghud_scale_desc",
			"callback" : "clbk_change_drivinghud_setting",
			"value" : "drivinghud_scale",
			"default_value" : 1,
			"min" : 0.01,
			"max" : 2,
			"step" : 0.01,
		},
		{
			"type" : "divider",
			"size" : 8,
		},
		{
			"type" : "toggle",
			"id" : "drivinghud_show_vehicle",
			"title" : "wolfhud_drivinghud_show_vehicle_title",
			"description" : "wolfhud_drivinghud_show_vehicle_desc",
			"callback" : "clbk_change_drivinghud_setting",
			"value" : "drivinghud_show_vehicle",
		},
		{
			"type" : "toggle",
			"id" : "drivinghud_show_health",
			"title" : "wolfhud_drivinghud_show_health_title",
			"description" : "wolfhud_drivinghud_show_health_desc",
			"callback" : "clbk_change_drivinghud_setting",
			"value" : "drivinghud_show_health",
		},
		{
			"type" : "toggle",
			"id" : "drivinghud_show_loot",
			"title" : "wolfhud_drivinghud_show_loot_title",
			"description" : "wolfhud_drivinghud_show_loot_desc",
			"callback" : "clbk_change_drivinghud_setting",
			"value" : "drivinghud_show_loot",
		},
		{
			"type" : "toggle",
			"id" : "drivinghud_show_passengers",
			"title" : "wolfhud_drivinghud_show_passengers_title",
			"description" : "wolfhud_drivinghud_show_passengers_desc",
			"callback" : "clbk_change_drivinghud_setting",
			"value" : "drivinghud_show_passengers",
		},
		{
			"type" : "toggle",
			"id" : "drivinghud_show_gear",
			"title" : "wolfhud_drivinghud_show_gear_title",
			"description" : "wolfhud_drivinghud_show_gear_desc",
			"callback" : "clbk_change_drivinghud_setting",
			"value" : "drivinghud_show_gear",
		},
		{
			"type" : "toggle",
			"id" : "drivinghud_show_speed",
			"title" : "wolfhud_drivinghud_show_speed_title",
			"description" : "wolfhud_drivinghud_show_speed_desc",
			"callback" : "clbk_change_drivinghud_setting",
			"value" : "drivinghud_show_speed",
		},
		{
			"type" : "toggle",
			"id" : "drivinghud_speed_in_mph",
			"title" : "wolfhud_drivinghud_speed_in_mph_title",
			"description" : "wolfhud_drivinghud_speed_in_mph_desc",
			"callback" : "clbk_change_drivinghud_setting",
			"value" : "drivinghud_speed_in_mph",
		},
		{
			"type" : "toggle",
			"id" : "drivinghud_show_rpm",
			"title" : "wolfhud_drivinghud_show_rpm_title",
			"description" : "wolfhud_drivinghud_show_rpm_desc",
			"callback" : "clbk_change_drivinghud_setting",
			"value" : "drivinghud_show_rpm",
		}
	]
}