{
	"menu_id" : "wolfhud_dmgindicator_options_menu",
	"parent_menu_id" : "wolfhud_panels_options_menu",
	"title" : "wolfhud_dmgindicator_options_name",
	"description" : "wolfhud_dmgindicator_options_help",
	"focus_changed_callback" : "WolfHUD_GeneralHUD_Focus",
	"back_callback" : "",
	"items" : [
		{
			"type" : "toggle",
			"id" : "show_dmg_indicator",
			"title" : "wolfhud_show_dmg_indicator_title",
			"description" : "wolfhud_show_dmg_indicator_desc",
			"callback" : "clbk_change_setting",
			"value" : "show_dmg_indicator",
		},
		{
			"type" : "slider",
			"id" : "dmg_ind_time",
			"title" : "wolfhud_dmg_ind_time_title",
			"description" : "wolfhud_dmg_ind_time_desc",
			"callback" : "clbk_change_setting",
			"value" : "dmg_ind_time",
			"default_value" : 3,
			"min" : 0.1,
			"max" : 20,
			"step" : 0.1,
		},
		{
			"type" : "slider",
			"id" : "dmg_ind_size",
			"title" : "wolfhud_dmg_ind_size_title",
			"description" : "wolfhud_dmg_ind_size_desc",
			"callback" : "clbk_change_setting",
			"value" : "dmg_ind_size",
			"default_value" : 150,
			"min" : 100,
			"max" : 250,
			"step" : 10,
		},
		{
			"type" : "slider",
			"id" : "dmg_indicator_max_count",
			"title" : "wolfhud_dmg_indicator_max_count_title",
			"description" : "wolfhud_dmg_indicator_max_count_desc",
			"callback" : "clbk_change_setting",
			"value" : "dmg_indicator_max_count",
			"default_value" : 10,
			"min" : 5,
			"max" : 20,
			"step" : 1,
		},
		{
			"type" : "divider",
			"size" : 16,
		},
		{
			"type" : "multiple_choice",
			"id" : "dmg_shield_color",
			"title" : "wolfhud_dmg_shield_color_title",
			"description" : "wolfhud_dmg_shield_color_desc",
			"callback" : "clbk_change_setting",
			"items" : { },
			"value" : "dmg_shield_color",
		},
		{
			"type" : "multiple_choice",
			"id" : "dmg_health_color",
			"title" : "wolfhud_dmg_health_color_title",
			"description" : "wolfhud_dmg_health_color_desc",
			"callback" : "clbk_change_setting",
			"items" : { },
			"value" : "dmg_health_color",
		},
		{
			"type" : "multiple_choice",
			"id" : "dmg_crit_color",
			"title" : "wolfhud_dmg_crit_color_title",
			"description" : "wolfhud_dmg_crit_color_desc",
			"callback" : "clbk_change_setting",
			"items" : { },
			"value" : "dmg_crit_color",
		},
		{
			"type" : "multiple_choice",
			"id" : "dmg_vehicle_color",
			"title" : "wolfhud_dmg_vehicle_color_title",
			"description" : "wolfhud_dmg_vehicle_color_desc",
			"callback" : "clbk_change_setting",
			"items" : { },
			"value" : "dmg_vehicle_color",
		},
		{
			"type" : "multiple_choice",
			"id" : "dmg_friendlyfire_color",
			"title" : "wolfhud_dmg_friendlyfire_color_title",
			"description" : "wolfhud_dmg_friendlyfire_color_desc",
			"callback" : "clbk_change_setting",
			"items" : { },
			"value" : "dmg_friendlyfire_color",
		}
	]
}
