{
	"menu_id" : "wolfhud_killcounter_options_menu",
	"parent_menu_id" : "wolfhud_panels_options_menu",
	"title" : "wolfhud_killcounter_options_name",
	"description" : "wolfhud_killcounter_options_help",
	"focus_changed_callback" : "WolfHUD_GeneralHUD_Focus",
	"back_callback" : "",
	"items" : [
		{
			"type" : "toggle",
			"id" : "PLAYER_KILLCOUNTER_HIDE",
			"title" : "wolfhud_killcounter_player_show_killcount_title",
			"description" : "wolfhud_killcounter_player_show_killcount_desc",
			"callback" : "clbk_change_customhud_setting",
			"value" : "PLAYER_KILLCOUNTER_HIDE",
		},
		{
			"type" : "toggle",
			"id" : "PLAYER_KILLCOUNTER_SHOWSPECIALKILLS",
			"title" : "wolfhud_killcounter_player_show_special_title",
			"description" : "wolfhud_killcounter_player_show_special_desc",
			"callback" : "clbk_change_customhud_setting",
			"value" : "PLAYER_KILLCOUNTER_SHOWSPECIALKILLS",
		},
		{
			"type" : "toggle",
			"id" : "PLAYER_KILLCOUNTER_SHOWHEADSHOTKILLS",
			"title" : "wolfhud_killcounter_player_show_head_title",
			"description" : "wolfhud_killcounter_player_show_head_desc",
			"callback" : "clbk_change_customhud_setting",
			"value" : "PLAYER_KILLCOUNTER_SHOWHEADSHOTKILLS",
		},
		{
			"type" : "multiple_choice",
			"id" : "PLAYER_KILLCOUNTER_COLOR",
			"title" : "wolfhud_killcounter_player_color_title",
			"description" : "wolfhud_killcounter_player_color_desc",
			"callback" : "clbk_change_customhud_setting",
			"items" : { },
			"value" : "PLAYER_KILLCOUNTER_COLOR",
		},
		{
			"type" : "divider",
			"size" : 8,
		},
		{
			"type" : "toggle",
			"id" : "PLAYER_SHOWACCURACY",
			"title" : "wolfhud_killcounter_player_show_accuracy_title",
			"description" : "wolfhud_killcounter_player_show_accuracy_desc",
			"callback" : "clbk_change_customhud_setting",
			"value" : "PLAYER_SHOWACCURACY",
		},
		{
			"type" : "divider",
			"size" : 16,
		},
		{
			"type" : "toggle",
			"id" : "TEAM_KILLCOUNTER_HIDE",
			"title" : "wolfhud_killcounter_team_show_killcount_title",
			"description" : "wolfhud_killcounter_team_show_killcount_desc",
			"callback" : "clbk_change_customhud_setting",
			"value" : "TEAM_KILLCOUNTER_HIDE",
		},
		{
			"type" : "toggle",
			"id" : "TEAM_KILLCOUNTER_SHOWSPECIALKILLS",
			"title" : "wolfhud_killcounter_team_show_special_title",
			"description" : "wolfhud_killcounter_team_show_special_desc",
			"callback" : "clbk_change_customhud_setting",
			"value" : "TEAM_KILLCOUNTER_SHOWSPECIALKILLS",
		},
		{
			"type" : "toggle",
			"id" : "TEAM_KILLCOUNTER_SHOWHEADSHOTKILLS",
			"title" : "wolfhud_killcounter_team_show_head_title",
			"description" : "wolfhud_killcounter_team_show_head_desc",
			"callback" : "clbk_change_customhud_setting",
			"value" : "TEAM_KILLCOUNTER_SHOWHEADSHOTKILLS",
		},
		{
			"type" : "toggle",
			"id" : "TEAM_KILLCOUNTER_SHOWBOTKILLS",
			"title" : "wolfhud_killcounter_team_show_ai_title",
			"description" : "wolfhud_killcounter_team_show_ai_desc",
			"callback" : "clbk_change_customhud_setting",
			"value" : "TEAM_KILLCOUNTER_SHOWBOTKILLS",
		},
		{
			"type" : "multiple_choice",
			"id" : "TEAM_KILLCOUNTER_COLOR",
			"title" : "wolfhud_killcounter_team_color_title",
			"description" : "wolfhud_killcounter_team_color_desc",
			"callback" : "clbk_change_customhud_setting",
			"items" : { },
			"value" : "TEAM_KILLCOUNTER_COLOR",
		}
	]
}