{
	"menu_id" : "wolfhud_teampanels_options_menu",
	"parent_menu_id" : "wolfhud_panels_options_menu",
	"title" : "wolfhud_teampanels_options_name",
	"description" : "wolfhud_teampanels_options_help",
	"focus_changed_callback" : "WolfHUD_GeneralHUD_Focus",
	"back_callback" : "",
	"priority" : 100,
	"items" : [
		{
			"type" : "multiple_choice",
			"id" : "TEAM_POSITION",
			"title" : "wolfhud_panels_position_title",
			"description" : "wolfhud_panels_position_desc",
			"callback" : "clbk_change_customhud_setting",
			"items" : [
				"wolfhud_multiselect_left",
				"wolfhud_multiselect_center",
				"wolfhud_multiselect_right"
			],
			"value" : "TEAM_POSITION",
		},
		{
			"type" : "slider",
			"id" : "TEAM_SCALE",
			"title" : "wolfhud_panels_scale_title",
			"description" : "wolfhud_panels_scale_desc",
			"callback" : "clbk_change_customhud_setting",
			"value" : "TEAM_SCALE",
			"default_value" : 0.85,
			"min" : 0.01,
			"max" : 2,
			"step" : 0.01,
		},
		{
			"type" : "slider",
			"id" : "TEAM_OPACITY",
			"title" : "wolfhud_panels_oppacity_title",
			"description" : "wolfhud_panels_oppacity_desc",
			"callback" : "clbk_change_customhud_setting",
			"value" : "TEAM_OPACITY",
			"default_value" : 0.85,
			"min" : 0,
			"max" : 1,
			"step" : 0.01,
		},
		{
			"type" : "divider",
			"size" : 8,
		},
		{
			"type" : "toggle",
			"id" : "TEAM_NAME",
			"title" : "wolfhud_panels_show_name_title",
			"description" : "wolfhud_panels_show_name_desc",
			"callback" : "clbk_change_customhud_setting",
			"value" : "TEAM_NAME",
		},
		{
			"type" : "toggle",
			"id" : "TEAM_RANK",
			"title" : "wolfhud_panels_show_rank_title",
			"description" : "wolfhud_panels_rank_name_desc",
			"callback" : "clbk_change_customhud_setting",
			"value" : "TEAM_RANK",
		},
		{
			"type" : "toggle",
			"id" : "TEAM_CHARACTER",
			"title" : "wolfhud_panels_show_char_title",
			"description" : "wolfhud_panels_show_char_desc",
			"callback" : "clbk_change_customhud_setting",
			"value" : "TEAM_CHARACTER",
		},
		{
			"type" : "toggle",
			"id" : "TEAM_LATENCY",
			"title" : "wolfhud_panels_show_ping_title",
			"description" : "wolfhud_panels_show_ping_desc",
			"callback" : "clbk_change_customhud_setting",
			"value" : "TEAM_LATENCY",
		},
		{
			"type" : "toggle",
			"id" : "TEAM_STATUS",
			"title" : "wolfhud_panels_show_status_title",
			"description" : "wolfhud_panels_show_status_desc",
			"callback" : "clbk_change_customhud_setting",
			"value" : "TEAM_STATUS",
		},
		{
			"type" : "toggle",
			"id" : "TEAM_EQUIPMENT",
			"title" : "wolfhud_panels_show_equip_title",
			"description" : "wolfhud_panels_show_equip_desc",
			"callback" : "clbk_change_customhud_setting",
			"value" : "TEAM_EQUIPMENT",
		},
		{
			"type" : "toggle",
			"id" : "TEAM_SPECIALEQUIPMENT",
			"title" : "wolfhud_panels_show_special_equip_title",
			"description" : "wolfhud_panels_show_special_equip_desc",
			"callback" : "clbk_change_customhud_setting",
			"value" : "TEAM_SPECIALEQUIPMENT",
		},
		{
			"type" : "slider",
			"id" : "TEAM_SPECIALEQUIPMENTROWS",
			"title" : "wolfhud_panels_special_equip_rows_title",
			"description" : "wolfhud_panels_special_equip_rows_desc",
			"callback" : "clbk_change_customhud_setting",
			"value" : "TEAM_SPECIALEQUIPMENTROWS",
			"default_value" : 3,
			"min" : 1,
			"max" : 8,
			"step" : 1,
		},
		{
			"type" : "toggle",
			"id" : "TEAM_CALLSIGN",
			"title" : "wolfhud_panels_show_callsign_title",
			"description" : "wolfhud_panels_show_callsign_desc",
			"callback" : "clbk_change_customhud_setting",
			"value" : "TEAM_CALLSIGN",
		},
		{
			"type" : "toggle",
			"id" : "TEAM_DOWNCOUNTER",
			"title" : "wolfhud_panels_show_downcounter_title",
			"description" : "wolfhud_panels_show_downcounter_desc",
			"callback" : "clbk_change_customhud_setting",
			"value" : "TEAM_DOWNCOUNTER",
		},
		{
			"type" : "toggle",
			"id" : "TEAM_CARRY",
			"title" : "wolfhud_panels_show_carry_title",
			"description" : "wolfhud_panels_show_carry_desc",
			"callback" : "clbk_change_customhud_setting",
			"value" : "TEAM_CARRY",
		},
		{
			"type" : "divider",
			"size" : 8,
		},
		{
			"type" : "toggle",
			"id" : "TEAM_BUILD_HIDE",
			"title" : "wolfhud_panels_build_show_title",
			"description" : "wolfhud_panels_build_show_desc",
			"callback" : "clbk_change_customhud_setting",
			"value" : "TEAM_BUILD_HIDE",
		},
		{
			"type" : "slider",
			"id" : "TEAM_BUILD_DURATION",
			"title" : "wolfhud_panels_build_time_title",
			"description" : "wolfhud_panels_build_time_desc",
			"callback" : "clbk_change_customhud_setting",
			"value" : "TEAM_BUILD_DURATION",
			"default_value" : 15,
			"min" : 0,
			"max" : 30,
			"step" : 1,
		},
		{
			"type" : "divider",
			"size" : 8,
		},
		{
			"type" : "multiple_choice",
			"id" : "TEAM_WEAPON_ICON",
			"title" : "wolfhud_panels_weapon_icon_title",
			"description" : "wolfhud_panels_weapon_icon_desc",
			"callback" : "clbk_change_customhud_setting",
			"items" : [
				"wolfhud_panels_hide",
				"wolfhud_panels_selected",
				"wolfhud_panels_unselected",
				"wolfhud_panels_both"
			],
			"value" : "TEAM_WEAPON_ICON",
		},
		{
			"type" : "multiple_choice",
			"id" : "TEAM_WEAPON_NAME",
			"title" : "wolfhud_panels_weapon_name_title",
			"description" : "wolfhud_panels_weapon_name_desc",
			"callback" : "clbk_change_customhud_setting",
			"items" : [
				"wolfhud_panels_hide",
				"wolfhud_panels_selected",
				"wolfhud_panels_unselected",
				"wolfhud_panels_both"
			],
			"value" : "TEAM_WEAPON_NAME",
		},
		{
			"type" : "multiple_choice",
			"id" : "TEAM_WEAPON_AMMO",
			"title" : "wolfhud_panels_weapon_ammo_title",
			"description" : "wolfhud_panels_weapon_ammo_desc",
			"callback" : "clbk_change_customhud_setting",
			"items" : [
				"wolfhud_panels_hide",
				"wolfhud_panels_selected",
				"wolfhud_panels_unselected",
				"wolfhud_panels_both",
				"wolfhud_panels_ammo_total"
			],
			"value" : "TEAM_WEAPON_AMMO",
		},
		{
			"type" : "multiple_choice",
			"id" : "TEAM_WEAPON_FIREMODE",
			"title" : "wolfhud_panels_weapon_firemode_title",
			"description" : "wolfhud_panels_weapon_firemode_desc",
			"callback" : "clbk_change_customhud_setting",
			"items" : [
				"wolfhud_panels_hide",
				"wolfhud_panels_selected",
				"wolfhud_panels_unselected",
				"wolfhud_panels_both"
			],
			"value" : "TEAM_WEAPON_FIREMODE",
		},
		{
			"type" : "divider",
			"size" : 8,
		},
		{
			"type" : "toggle",
			"id" : "TEAM_INTERACTION_HIDE",
			"title" : "wolfhud_panels_show_interaction_title",
			"description" : "wolfhud_panels_show_interaction_desc",
			"callback" : "clbk_change_customhud_setting",
			"value" : "TEAM_INTERACTION_HIDE",
		},
		{
			"type" : "slider",
			"id" : "TEAM_INTERACTION_MINDURATION",
			"title" : "wolfhud_panels_interaction_time_title",
			"description" : "wolfhud_panels_interaction_time_desc",
			"callback" : "clbk_change_customhud_setting",
			"value" : "TEAM_INTERACTION_MINDURATION",
			"default_value" : 1,
			"min" : 0,
			"max" : 30,
			"step" : 1,
		}
	]
}
