{
	"menu_id" : "wolfhud_dmgpopup_options_menu",
	"parent_menu_id" : "wolfhud_panels_options_menu",
	"title" : "wolfhud_dmgpopup_options_name",
	"description" : "wolfhud_dmgpopup_options_help",
	"focus_changed_callback" : "WolfHUD_GeneralHUD_Focus",
	"back_callback" : "",
	"items" : [
		{
			"type" : "toggle",
			"id" : "show_dmg_popup",
			"title" : "wolfhud_show_dmg_popup_title",
			"description" : "wolfhud_show_dmg_popup_desc",
			"callback" : "clbk_change_setting",
			"value" : "show_dmg_popup",
		},
		{
			"type" : "slider",
			"id" : "dmg_popup_time",
			"title" : "wolfhud_dmg_popup_time_title",
			"description" : "wolfhud_dmg_popup_time_desc",
			"callback" : "clbk_change_setting",
			"value" : "dmg_popup_time",
			"default_value" : 3,
			"min" : 0.1,
			"max" : 20,
			"step" : 0.1,
		},
		{
			"type" : "multiple_choice",
			"id" : "dmg_popup_color",
			"title" : "wolfhud_dmg_popup_color_title",
			"description" : "wolfhud_dmg_popup_color_desc",
			"callback" : "clbk_change_setting",
			"items" : { },
			"value" : "dmg_popup_color",
		},
		{
			"type" : "multiple_choice",
			"id" : "dmg_popup_headshot_color",
			"title" : "wolfhud_dmg_popup_headshot_color_title",
			"description" : "wolfhud_dmg_popup_headshot_color_desc",
			"callback" : "clbk_change_setting",
			"items" : { },
			"value" : "dmg_popup_headshot_color",
		}
	]
}
