{
	"menu_id" : "wolfhud_tabstats_options_menu",
	"parent_menu_id" : "wolfhud_options_menu",
	"title" : "wolfhud_tabstats_options_name",
	"description" : "wolfhud_tabstats_options_help",
	"focus_changed_callback" : "WolfHUD_TabStats_Focus",
	"back_callback" : "",
	"priority" : 100,
	"items" : [
		{
			"type" : "multiple_choice",
			"id" : "clock_mode",
			"title" : "wolfhud_tabstats_clock_mode_title",
			"description" : "wolfhud_tabstats_clock_mode_desc",
			"callback" : "clbk_change_setting",
			"items" : [
				"wolfhud_multiselect_disabled",
				"wolfhud_tabstats_clock_mode_a",
				"wolfhud_tabstats_clock_mode_b"
			],
			"value" : "clock_mode",
		},
		{
			"type" : "divider",
			"size" : 16,
		},
		{
			"type" : "toggle",
			"id" : "use_tabstats",
			"title" : "wolfhud_use_tabstats_title",
			"description" : "wolfhud_use_tabstats_desc",
			"callback" : "clbk_change_setting",
			"value" : "use_tabstats",
		},
		{
			"type" : "slider",
			"id" : "tabstats_font_size",
			"title" : "wolfhud_tabstats_font_size_title",
			"description" : "wolfhud_tabstats_font_size_desc",
			"callback" : "clbk_change_tabstats_setting",
			"value" : "tabstats_font_size",
			"default_value" : 18,
			"min" : 10,
			"max" : 24,
			"step" : 1,
		},
		{
			"type" : "multiple_choice",
			"id" : "tabstats_color",
			"title" : "wolfhud_tabstats_color_title",
			"description" : "wolfhud_tabstats_color_desc",
			"callback" : "clbk_change_tabstats_setting",
			"items" : [ "enable_rainbow" ],
			"value" : "tabstats_color",
		},
		{
			"type" : "toggle",
			"id" : "use_actual_mask",
			"title" : "wolfhud_tabstats_actual_mask_title",
			"description" : "wolfhud_tabstats_actual_mask_desc",
			"callback" : "clbk_change_tabstats_setting",
			"value" : "use_actual_mask",
		},
		{
			"type" : "divider",
			"size" : 16,
		},
		{
			"type" : "toggle",
			"id" : "numberic_loot",
			"title" : "wolfhud_tabstats_numberic_loot_title",
			"description" : "wolfhud_tabstats_numberic_loot_desc",
			"callback" : "clbk_change_setting",
			"value" : "numberic_loot",
		}
	]
}
