{
	"menu_id" : "wolfhud_playerpanel_options_menu",
	"parent_menu_id" : "wolfhud_panels_options_menu",
	"title" : "wolfhud_playerpanel_options_name",
	"description" : "wolfhud_playerpanel_options_help",
	"focus_changed_callback" : "WolfHUD_GeneralHUD_Focus",
	"back_callback" : "",
	"priority" : 100,
	"items" : [
		{
			"type" : "multiple_choice",
			"id" : "PLAYER_POSITION",
			"title" : "wolfhud_panels_position_title",
			"description" : "wolfhud_panels_position_desc",
			"callback" : "clbk_change_customhud_setting",
			"items" : [
				"wolfhud_multiselect_left",
				"wolfhud_multiselect_center",
				"wolfhud_multiselect_right"
			],
			"value" : "PLAYER_POSITION",
		},
		{
			"type" : "slider",
			"id" : "PLAYER_SCALE",
			"title" : "wolfhud_panels_scale_title",
			"description" : "wolfhud_panels_scale_desc",
			"callback" : "clbk_change_customhud_setting",
			"value" : "PLAYER_SCALE",
			"default_value" : 1,
			"min" : 0.01,
			"max" : 2,
			"step" : 0.01,
		},
		{
			"type" : "slider",
			"id" : "PLAYER_OPACITY",
			"title" : "wolfhud_panels_oppacity_title",
			"description" : "wolfhud_panels_oppacity_desc",
			"callback" : "clbk_change_customhud_setting",
			"value" : "PLAYER_OPACITY",
			"default_value" : 0.85,
			"min" : 0,
			"max" : 1,
			"step" : 0.01,
		},
		{
			"type" : "divider",
			"size" : 8,
		},
		{
			"type" : "toggle",
			"id" : "PLAYER_NAME",
			"title" : "wolfhud_panels_show_name_title",
			"description" : "wolfhud_panels_show_name_desc",
			"callback" : "clbk_change_customhud_setting",
			"value" : "PLAYER_NAME",
		},
		{
			"type" : "toggle",
			"id" : "PLAYER_RANK",
			"title" : "wolfhud_panels_show_rank_title",
			"description" : "wolfhud_panels_rank_name_desc",
			"callback" : "clbk_change_customhud_setting",
			"value" : "PLAYER_RANK",
		},
		{
			"type" : "toggle",
			"id" : "PLAYER_CHARACTER",
			"title" : "wolfhud_panels_show_char_title",
			"description" : "wolfhud_panels_show_char_desc",
			"callback" : "clbk_change_customhud_setting",
			"value" : "PLAYER_CHARACTER",
		},
		{
			"type" : "toggle",
			"id" : "PLAYER_STATUS",
			"title" : "wolfhud_panels_show_status_title",
			"description" : "wolfhud_panels_show_status_desc",
			"callback" : "clbk_change_customhud_setting",
			"value" : "PLAYER_STATUS",
		},
		{
			"type" : "toggle",
			"id" : "PLAYER_EQUIPMENT",
			"title" : "wolfhud_panels_show_equip_title",
			"description" : "wolfhud_panels_show_equip_desc",
			"callback" : "clbk_change_customhud_setting",
			"value" : "PLAYER_EQUIPMENT",
		},
		{
			"type" : "toggle",
			"id" : "PLAYER_SPECIALEQUIPMENT",
			"title" : "wolfhud_panels_show_special_equip_title",
			"description" : "wolfhud_panels_show_special_equip_desc",
			"callback" : "clbk_change_customhud_setting",
			"value" : "PLAYER_SPECIALEQUIPMENT",
		},
		{
			"type" : "slider",
			"id" : "PLAYER_SPECIALEQUIPMENTROWS",
			"title" : "wolfhud_panels_special_equip_rows_title",
			"description" : "wolfhud_panels_special_equip_rows_desc",
			"callback" : "clbk_change_customhud_setting",
			"value" : "PLAYER_SPECIALEQUIPMENTROWS",
			"default_value" : 3,
			"min" : 1,
			"max" : 8,
			"step" : 1,
		},
		{
			"type" : "toggle",
			"id" : "PLAYER_CALLSIGN",
			"title" : "wolfhud_panels_show_callsign_title",
			"description" : "wolfhud_panels_show_callsign_desc",
			"callback" : "clbk_change_customhud_setting",
			"value" : "PLAYER_CALLSIGN",
		},
		{
			"type" : "toggle",
			"id" : "PLAYER_STAMINA",
			"title" : "wolfhud_panels_show_stamina_title",
			"description" : "wolfhud_panels_show_stamina_desc",
			"callback" : "clbk_change_customhud_setting",
			"value" : "PLAYER_STAMINA",
		},
		{
			"type" : "toggle",
			"id" : "PLAYER_DOWNCOUNTER",
			"title" : "wolfhud_panels_show_downcounter_title",
			"description" : "wolfhud_panels_show_downcounter_desc",
			"callback" : "clbk_change_customhud_setting",
			"value" : "PLAYER_DOWNCOUNTER",
		},
		{
			"type" : "toggle",
			"id" : "PLAYER_CARRY",
			"title" : "wolfhud_panels_show_carry_title",
			"description" : "wolfhud_panels_show_carry_desc",
			"callback" : "clbk_change_customhud_setting",
			"value" : "PLAYER_CARRY",
		},
		{
			"type" : "divider",
			"size" : 8,
		},
		{
			"type" : "multiple_choice",
			"id" : "PLAYER_WEAPON_ICON",
			"title" : "wolfhud_panels_weapon_icon_title",
			"description" : "wolfhud_panels_weapon_icon_desc",
			"callback" : "clbk_change_customhud_setting",
			"items" : [
				"wolfhud_panels_hide",
				"wolfhud_panels_selected",
				"wolfhud_panels_unselected",
				"wolfhud_panels_both"
			],
			"value" : "PLAYER_WEAPON_ICON",
		},
		{
			"type" : "multiple_choice",
			"id" : "PLAYER_WEAPON_NAME",
			"title" : "wolfhud_panels_weapon_name_title",
			"description" : "wolfhud_panels_weapon_name_desc",
			"callback" : "clbk_change_customhud_setting",
			"items" : [
				"wolfhud_panels_hide",
				"wolfhud_panels_selected",
				"wolfhud_panels_unselected",
				"wolfhud_panels_both"
			],
			"value" : "PLAYER_WEAPON_NAME",
		},
		{
			"type" : "multiple_choice",
			"id" : "PLAYER_WEAPON_AMMO",
			"title" : "wolfhud_panels_weapon_ammo_title",
			"description" : "wolfhud_panels_weapon_ammo_desc",
			"callback" : "clbk_change_customhud_setting",
			"items" : [
				"wolfhud_panels_hide",
				"wolfhud_panels_selected",
				"wolfhud_panels_unselected",
				"wolfhud_panels_both",
				"wolfhud_panels_ammo_total"
			],
			"value" : "PLAYER_WEAPON_AMMO",
		},
		{
			"type" : "multiple_choice",
			"id" : "PLAYER_WEAPON_FIREMODE",
			"title" : "wolfhud_panels_weapon_firemode_title",
			"description" : "wolfhud_panels_weapon_firemode_desc",
			"callback" : "clbk_change_customhud_setting",
			"items" : [
				"wolfhud_panels_hide",
				"wolfhud_panels_selected",
				"wolfhud_panels_unselected",
				"wolfhud_panels_both"
			],
			"value" : "PLAYER_WEAPON_FIREMODE",
		}
	]
}
