{
	"menu_id" : "wolfhud_infopanels_left_options_menu",
	"parent_menu_id" : "wolfhud_infopanels_options_menu",
	"title" : "wolfhud_infopanels_left_options_name",
	"description" : "wolfhud_infopanels_left_options_help",
	"focus_changed_callback" : "",
	"back_callback" : "",
	"priority" : 5,
	"items" : [
		{
			"type" : "toggle",
			"id" : "show_timers",
			"title" : "wolfhud_hudlist_show_timers_title",
			"description" : "wolfhud_hudlist_show_timers_desc",
			"callback" : "clbk_change_hudlist_setting",
			"value" : "show_timers",
		},
		{
			"type" : "toggle",
			"id" : "show_ammo_bags",
			"title" : "wolfhud_hudlist_show_ammo_bags_title",
			"description" : "wolfhud_hudlist_show_equipment_desc",
			"callback" : "clbk_change_hudlist_setting",
			"value" : "show_ammo_bags",
		},
		{
			"type" : "toggle",
			"id" : "show_doc_bags",
			"title" : "wolfhud_hudlist_show_doc_bags_title",
			"description" : "wolfhud_hudlist_show_equipment_desc",
			"callback" : "clbk_change_hudlist_setting",
			"value" : "show_doc_bags",
		},
		{
			"type" : "toggle",
			"id" : "show_body_bags",
			"title" : "wolfhud_hudlist_show_body_bags_title",
			"description" : "wolfhud_hudlist_show_equipment_desc",
			"callback" : "clbk_change_hudlist_setting",
			"value" : "show_body_bags",
		},
		{
			"type" : "toggle",
			"id" : "show_grenade_crates",
			"title" : "wolfhud_hudlist_show_grenade_crates_title",
			"description" : "wolfhud_hudlist_show_equipment_desc",
			"callback" : "clbk_change_hudlist_setting",
			"value" : "show_grenade_crates",
		},
		{
			"type" : "toggle",
			"id" : "show_sentries",
			"title" : "wolfhud_hudlist_sentries_title",
			"description" : "wolfhud_hudlist_sentries_desc",
			"callback" : "clbk_change_hudlist_setting",
			"value" : "show_sentries",
		},
		{
			"type" : "toggle",
			"id" : "show_ecms",
			"title" : "wolfhud_hudlist_show_ecms_title",
			"description" : "wolfhud_hudlist_show_ecms_desc",
			"callback" : "clbk_change_hudlist_setting",
			"value" : "show_ecms",
		},
		{
			"type" : "toggle",
			"id" : "show_ecm_retrigger",
			"title" : "wolfhud_hudlist_show_ecm_retrigger_title",
			"description" : "wolfhud_hudlist_show_ecm_retrigger_desc",
			"callback" : "clbk_change_hudlist_setting",
			"value" : "show_ecm_retrigger",
		},
		{
			"type" : "toggle",
			"id" : "show_minions",
			"title" : "wolfhud_hudlist_show_minions_title",
			"description" : "wolfhud_hudlist_show_minions_desc",
			"callback" : "clbk_change_hudlist_setting",
			"value" : "show_minions",
		},
		{
			"type" : "toggle",
			"id" : "show_pagers",
			"title" : "wolfhud_hudlist_show_pagers_title",
			"description" : "wolfhud_hudlist_show_pagers_desc",
			"callback" : "clbk_change_hudlist_setting",
			"value" : "show_pagers",
		},
		{
			"type" : "toggle",
			"id" : "show_tape_loop",
			"title" : "wolfhud_hudlist_show_tape_loop_title",
			"description" : "wolfhud_hudlist_show_tape_loop_desc",
			"callback" : "clbk_change_hudlist_setting",
			"value" : "show_tape_loop",
		}
	]
}