{
	"menu_id" : "wolfhud_infopanels_buff_technician_options_menu",
	"parent_menu_id" : "wolfhud_infopanels_buff_options_menu",
	"title" : "wolfhud_infopanels_buff_technician_options_name",
	"description" : "wolfhud_infopanels_buff_technician_options_help",
	"focus_changed_callback" : "",
	"back_callback" : "",
	"items" : [
		{
			"type" : "toggle",
			"id" : "lock_n_load_buff",
			"title" : "wolfhud_hudlist_lock_n_load_buff_title",
			"description" : "wolfhud_hudlist_lock_n_load_buff_desc",
			"callback" : "clbk_change_hudlist_buff_setting",
			"value" : "lock_n_load_buff",
		}
	]
}