{
	"menu_id" : "wolfhud_infopanels_options_menu",
	"parent_menu_id" : "wolfhud_options_menu",
	"title" : "wolfhud_infopanels_options_name",
	"description" : "wolfhud_infopanels_options_help",
	"focus_changed_callback" : "",
	"back_callback" : "",
	"priority" : 100,
	"items" : [
		{
			"type" : "toggle",
			"id" : "use_hudlist",
			"title" : "wolfhud_use_hudlist_title",
			"description" : "wolfhud_use_hudlist_desc",
			"callback" : "clbk_change_setting",
			"value" : "use_hudlist",
			"priority" : 18,
		},
		{
			"type" : "divider",
			"size" : 16,
			"priority" : 17,
		},
		{
			"type" : "multiple_choice",
			"id" : "list_color",
			"title" : "wolfhud_hudlist_box_color_title",
			"description" : "wolfhud_hudlist_box_color_desc",
			"callback" : "clbk_change_hudlist_setting",
			"items" : { },
			"value" : "list_color",
			"priority" : 16,
		},
		{
			"type" : "multiple_choice",
			"id" : "list_color_bg",
			"title" : "wolfhud_hudlist_box_bg_color_title",
			"description" : "wolfhud_hudlist_box_bg_color_desc",
			"callback" : "clbk_change_hudlist_setting",
			"items" : { },
			"value" : "list_color_bg",
			"priority" : 15,
		},
		{
			"type" : "multiple_choice",
			"id" : "civilian_color",
			"title" : "wolfhud_hudlist_civcolor_title",
			"description" : "wolfhud_hudlist_civcolor_desc",
			"callback" : "clbk_change_hudlist_setting",
			"items" : { },
			"value" : "civilian_color",
			"priority" : 14,
		},
		{
			"type" : "multiple_choice",
			"id" : "thug_color",
			"title" : "wolfhud_hudlist_thugcolor_title",
			"description" : "wolfhud_hudlist_thugcolor_desc",
			"callback" : "clbk_change_hudlist_setting",
			"items" : { },
			"value" : "thug_color",
			"priority" : 13,
		},
		{
			"type" : "multiple_choice",
			"id" : "enemy_color",
			"title" : "wolfhud_hudlist_copcolor_title",
			"description" : "wolfhud_hudlist_copcolor_desc",
			"callback" : "clbk_change_hudlist_setting",
			"items" : { },
			"value" : "enemy_color",
			"priority" : 12,
		},
		{
			"type" : "multiple_choice",
			"id" : "special_color",
			"title" : "wolfhud_hudlist_specialcolor_title",
			"description" : "wolfhud_hudlist_specialcolor_desc",
			"callback" : "clbk_change_hudlist_setting",
			"items" : { },
			"value" : "special_color",
			"priority" : 11,
		},
		{
			"type" : "divider",
			"size" : 16,
			"priority" : 10,
		},
		{
			"type" : "slider",
			"id" : "right_list_scale",
			"title" : "wolfhud_hudlist_scale_right_title",
			"description" : "wolfhud_hudlist_scale_right_desc",
			"callback" : "clbk_change_hudlist_setting",
			"value" : "right_list_scale",
			"default_value" : 1,
			"min" : 0.5,
			"max" : 2,
			"step" : 0.01,
			"priority" : 9,
		},
		{
			"type" : "slider",
			"id" : "left_list_scale",
			"title" : "wolfhud_hudlist_scale_left_title",
			"description" : "wolfhud_hudlist_scale_left_desc",
			"callback" : "clbk_change_hudlist_setting",
			"value" : "left_list_scale",
			"default_value" : 1,
			"min" : 0.5,
			"max" : 2,
			"step" : 0.01,
			"priority" : 8,
		},
		{
			"type" : "slider",
			"id" : "buff_list_scale",
			"title" : "wolfhud_hudlist_scale_buff_title",
			"description" : "wolfhud_hudlist_scale_buff_desc",
			"callback" : "clbk_change_hudlist_setting",
			"value" : "buff_list_scale",
			"default_value" : 1,
			"min" : 0.5,
			"max" : 2,
			"step" : 0.01,
			"priority" : 7,
		},
		{
			"type" : "divider",
			"size" : 8,
			"priority" : 6,
		}
	]
}
