{
	"menu_id" : "wolfhud_infopanels_right_options_menu",
	"parent_menu_id" : "wolfhud_infopanels_options_menu",
	"title" : "wolfhud_infopanels_right_options_name",
	"description" : "wolfhud_infopanels_right_options_help",
	"focus_changed_callback" : "",
	"back_callback" : "",
	"priority" : 4,
	"items" : [
		{
			"type" : "toggle",
			"id" : "show_enemies",
			"title" : "wolfhud_hudlist_show_enemies_title",
			"description" : "wolfhud_hudlist_show_enemies_desc",
			"callback" : "clbk_change_hudlist_setting",
			"value" : "show_enemies",
		},
		{
			"type" : "toggle",
			"id" : "aggregate_enemies",
			"title" : "wolfhud_hudlist_aggregate_enemies_title",
			"description" : "wolfhud_hudlist_aggregate_enemies_desc",
			"callback" : "clbk_change_hudlist_setting",
			"value" : "aggregate_enemies",
		},
		{
			"type" : "toggle",
			"id" : "show_turrets",
			"title" : "wolfhud_hudlist_show_turrets_title",
			"description" : "wolfhud_hudlist_show_turrets_desc",
			"callback" : "clbk_change_hudlist_setting",
			"value" : "show_turrets",
		},
		{
			"type" : "toggle",
			"id" : "show_civilians",
			"title" : "wolfhud_hudlist_show_civilians_title",
			"description" : "wolfhud_hudlist_show_civilians_desc",
			"callback" : "clbk_change_hudlist_setting",
			"value" : "show_civilians",
		},
		{
			"type" : "toggle",
			"id" : "show_hostages",
			"title" : "wolfhud_hudlist_show_hostages_title",
			"description" : "wolfhud_hudlist_show_hostages_desc",
			"callback" : "clbk_change_hudlist_setting",
			"value" : "show_hostages",
		},
		{
			"type" : "toggle",
			"id" : "aggregate_hostages",
			"title" : "wolfhud_hudlist_aggregate_hostages_title",
			"description" : "wolfhud_hudlist_aggregate_hostages_desc",
			"callback" : "clbk_change_hudlist_setting",
			"value" : "aggregate_hostages",
		},
		{
			"type" : "toggle",
			"id" : "show_minion_count",
			"title" : "wolfhud_hudlist_show_minion_count_title",
			"description" : "wolfhud_hudlist_show_minion_count_desc",
			"callback" : "clbk_change_hudlist_setting",
			"value" : "show_minion_count",
		},
		{
			"type" : "toggle",
			"id" : "show_pager_count",
			"title" : "wolfhud_hudlist_show_pager_count_title",
			"description" : "wolfhud_hudlist_show_pager_count_desc",
			"callback" : "clbk_change_hudlist_setting",
			"value" : "show_pager_count",
		},
		{
			"type" : "toggle",
			"id" : "show_cam_count",
			"title" : "wolfhud_hudlist_show_cam_count_title",
			"description" : "wolfhud_hudlist_show_cam_count_desc",
			"callback" : "clbk_change_hudlist_setting",
			"value" : "show_cam_count",
		},
		{
			"type" : "toggle",
			"id" : "show_bodybags_count",
			"title" : "wolfhud_hudlist_show_bodybags_count_title",
			"description" : "wolfhud_hudlist_show_bodybags_count_desc",
			"callback" : "clbk_change_hudlist_setting",
			"value" : "show_bodybags_count",
		},
		{
			"type" : "toggle",
			"id" : "show_corpse_count",
			"title" : "wolfhud_hudlist_show_corpse_count_title",
			"description" : "wolfhud_hudlist_show_corpse_count_desc",
			"callback" : "clbk_change_hudlist_setting",
			"value" : "show_corpse_count",
		},
		{
			"type" : "toggle",
			"id" : "show_loot",
			"title" : "wolfhud_hudlist_show_loot_title",
			"description" : "wolfhud_hudlist_show_loot_desc",
			"callback" : "clbk_change_hudlist_setting",
			"value" : "show_loot",
		},
		{
			"type" : "toggle",
			"id" : "aggregate_loot",
			"title" : "wolfhud_hudlist_aggregate_loot_title",
			"description" : "wolfhud_hudlist_aggregate_loot_desc",
			"callback" : "clbk_change_hudlist_setting",
			"value" : "aggregate_loot",
		},
		{
			"type" : "toggle",
			"id" : "separate_bagged_loot",
			"title" : "wolfhud_hudlist_separate_bagged_loot_title",
			"description" : "wolfhud_hudlist_separate_bagged_loot_desc",
			"callback" : "clbk_change_hudlist_setting",
			"value" : "separate_bagged_loot",
		},
		{
			"type" : "toggle",
			"id" : "show_potential_loot",
			"title" : "wolfhud_hudlist_show_potential_loot_title",
			"description" : "wolfhud_hudlist_show_potential_loot_desc",
			"callback" : "clbk_change_hudlist_setting",
			"value" : "show_potential_loot",
		},
		{
			"type" : "toggle",
			"id" : "show_special_pickups",
			"title" : "wolfhud_hudlist_show_special_pickups_title",
			"description" : "wolfhud_hudlist_show_special_pickups_desc",
			"callback" : "clbk_change_hudlist_setting",
			"value" : "show_special_pickups",
		}
	]
}