{
	"menu_id" : "wolfhud_infopanels_buff_perkdecks_options_menu",
	"parent_menu_id" : "wolfhud_infopanels_buff_options_menu",
	"title" : "wolfhud_infopanels_buff_perkdecks_options_name",
	"description" : "wolfhud_infopanels_buff_perkdecks_options_help",
	"focus_changed_callback" : "",
	"back_callback" : "",
	"items" : [
		{
			"type" : "toggle",
			"id" : "armor_break_invulnerable_buff",
			"title" : "wolfhud_hudlist_armor_break_invulnerable_buff_title",
			"description" : "wolfhud_hudlist_armor_break_invulnerable_buff_desc",
			"callback" : "clbk_change_hudlist_buff_setting",
			"value" : "armor_break_invulnerable_buff",
		},
		{
			"type" : "toggle",
			"id" : "anarchist_armor_recovery_debuff",
			"title" : "wolfhud_hudlist_anarchist_armor_recovery_debuff_title",
			"description" : "wolfhud_hudlist_anarchist_armor_recovery_debuff_desc",
			"callback" : "clbk_change_hudlist_buff_setting",
			"value" : "anarchist_armor_recovery_debuff",
		},
		{
			"type" : "toggle",
			"id" : "armorer_teambuff",
			"title" : "wolfhud_hudlist_armorer_teambuff_title",
			"description" : "wolfhud_hudlist_armorer_teambuff_desc",
			"callback" : "clbk_change_hudlist_buff_setting",
			"value" : "armorer_teambuff",
		},
		{
			"type" : "toggle",
			"id" : "biker_buff",
			"title" : "wolfhud_hudlist_biker_buff_title",
			"description" : "wolfhud_hudlist_biker_buff_desc",
			"callback" : "clbk_change_hudlist_buff_setting",
			"value" : "biker_buff",
		},
		{
			"type" : "toggle",
			"id" : "crew_chief_teambuff",
			"title" : "wolfhud_hudlist_crew_chief_teambuff_title",
			"description" : "wolfhud_hudlist_crew_chief_teambuff_desc",
			"callback" : "clbk_change_hudlist_buff_setting",
			"value" : "crew_chief_teambuff",
		},
		{
			"type" : "toggle",
			"id" : "hostage_situation_buff",
			"title" : "wolfhud_hudlist_hostage_situation_buff_title",
			"description" : "wolfhud_hudlist_hostage_situation_buff_desc",
			"callback" : "clbk_change_hudlist_buff_setting",
			"value" : "hostage_situation_buff",
		},
		{
			"type" : "toggle",
			"id" : "ammo_give_out_debuff",
			"title" : "wolfhud_hudlist_ammo_give_out_debuff_title",
			"description" : "wolfhud_hudlist_ammo_give_out_debuff_desc",
			"callback" : "clbk_change_hudlist_buff_setting",
			"value" : "ammo_give_out_debuff",
		},
		{
			"type" : "toggle",
			"id" : "medical_supplies_debuff",
			"title" : "wolfhud_hudlist_medical_supplies_debuff_title",
			"description" : "wolfhud_hudlist_medical_supplies_debuff_desc",
			"callback" : "clbk_change_hudlist_buff_setting",
			"value" : "medical_supplies_debuff",
		},
		{
			"type" : "toggle",
			"id" : "grinder_buff",
			"title" : "wolfhud_hudlist_grinder_buff_title",
			"description" : "wolfhud_hudlist_grinder_buff_desc",
			"callback" : "clbk_change_hudlist_buff_setting",
			"value" : "grinder_buff",
		},
		{
			"type" : "toggle",
			"id" : "tooth_and_claw_buff",
			"title" : "wolfhud_hudlist_tooth_and_claw_buff_title",
			"description" : "wolfhud_hudlist_tooth_and_claw_buff_desc",
			"callback" : "clbk_change_hudlist_buff_setting",
			"value" : "tooth_and_claw_buff",
		},
		{
			"type" : "toggle",
			"id" : "close_contact_buff",
			"title" : "wolfhud_hudlist_close_contact_buff_title",
			"description" : "wolfhud_hudlist_close_contact_buff_desc",
			"callback" : "clbk_change_hudlist_buff_setting",
			"value" : "close_contact_buff",
		},
		{
			"type" : "toggle",
			"id" : "life_drain_debuff",
			"title" : "wolfhud_hudlist_life_drain_debuff_title",
			"description" : "wolfhud_hudlist_life_drain_debuff_desc",
			"callback" : "clbk_change_hudlist_buff_setting",
			"value" : "life_drain_debuff",
		},
		{
			"type" : "toggle",
			"id" : "melee_stack_damage_buff",
			"title" : "wolfhud_hudlist_melee_stack_damage_buff_title",
			"description" : "wolfhud_hudlist_melee_stack_damage_buff_desc",
			"callback" : "clbk_change_hudlist_buff_setting",
			"value" : "melee_stack_damage_buff",
		},
		{
			"type" : "toggle",
			"id" : "overdog_buff",
			"title" : "wolfhud_hudlist_overdog_buff_title",
			"description" : "wolfhud_hudlist_overdog_buff_desc",
			"callback" : "clbk_change_hudlist_buff_setting",
			"value" : "overdog_buff",
		},
		{
			"type" : "toggle",
			"id" : "maniac_buff",
			"title" : "wolfhud_hudlist_maniac_buff_title",
			"description" : "wolfhud_hudlist_maniac_buff_desc",
			"callback" : "clbk_change_hudlist_buff_setting",
			"value" : "maniac_buff",
		},
		{
			"type" : "toggle",
			"id" : "muscle_regen_buff",
			"title" : "wolfhud_hudlist_muscle_regen_buff_title",
			"description" : "wolfhud_hudlist_muscle_regen_buff_desc",
			"callback" : "clbk_change_hudlist_buff_setting",
			"value" : "muscle_regen_buff",
		},
		{
			"type" : "toggle",
			"id" : "sociopath_debuff",
			"title" : "wolfhud_hudlist_sociopath_debuff_title",
			"description" : "wolfhud_hudlist_sociopath_debuff_desc",
			"callback" : "clbk_change_hudlist_buff_setting",
			"value" : "sociopath_debuff",
		},
		{
			"type" : "toggle",
			"id" : "yakuza_buff",
			"title" : "wolfhud_hudlist_yakuza_buff_title",
			"description" : "wolfhud_hudlist_yakuza_buff_desc",
			"callback" : "clbk_change_hudlist_buff_setting",
			"value" : "yakuza_buff",
		}
	]
}