{
	"menu_id" : "wolfhud_infopanels_buff_fugitive_options_menu",
	"parent_menu_id" : "wolfhud_infopanels_buff_options_menu",
	"title" : "wolfhud_infopanels_buff_fugitive_options_name",
	"description" : "wolfhud_infopanels_buff_fugitive_options_help",
	"focus_changed_callback" : "",
	"back_callback" : "",
	"items" : [
		{
			"type" : "toggle",
			"id" : "berserker_buff",
			"title" : "wolfhud_hudlist_berserker_buff_title",
			"description" : "wolfhud_hudlist_berserker_buff_desc",
			"callback" : "clbk_change_hudlist_buff_setting",
			"value" : "berserker_buff",
		},
		{
			"type" : "toggle",
			"id" : "bloodthirst_basic_buff",
			"title" : "wolfhud_hudlist_bloodthirst_basic_buff_title",
			"description" : "wolfhud_hudlist_bloodthirst_basic_buff_desc",
			"callback" : "clbk_change_hudlist_buff_setting",
			"value" : "bloodthirst_basic_buff",
		},
		{
			"type" : "toggle",
			"id" : "bloodthirst_aced_buff",
			"title" : "wolfhud_hudlist_bloodthirst_aced_buff_title",
			"description" : "wolfhud_hudlist_bloodthirst_aced_buff_desc",
			"callback" : "clbk_change_hudlist_buff_setting",
			"value" : "bloodthirst_aced_buff",
		},
		{
			"type" : "toggle",
			"id" : "desperado_buff",
			"title" : "wolfhud_hudlist_desperado_buff_title",
			"description" : "wolfhud_hudlist_desperado_buff_desc",
			"callback" : "clbk_change_hudlist_buff_setting",
			"value" : "desperado_buff",
		},
		{
			"type" : "toggle",
			"id" : "messiah_buff",
			"title" : "wolfhud_hudlist_messiah_buff_title",
			"description" : "wolfhud_hudlist_messiah_buff_desc",
			"callback" : "clbk_change_hudlist_buff_setting",
			"value" : "messiah_buff",
		},
		{
			"type" : "toggle",
			"id" : "running_from_death_buff",
			"title" : "wolfhud_hudlist_running_from_death_buff_title",
			"description" : "wolfhud_hudlist_running_from_death_buff_desc",
			"callback" : "clbk_change_hudlist_buff_setting",
			"value" : "running_from_death_buff",
		},
		{
			"type" : "toggle",
			"id" : "swan_song_buff",
			"title" : "wolfhud_hudlist_swan_song_buff_title",
			"description" : "wolfhud_hudlist_swan_song_buff_desc",
			"callback" : "clbk_change_hudlist_buff_setting",
			"value" : "swan_song_buff",
		},
		{
			"type" : "toggle",
			"id" : "trigger_happy_buff",
			"title" : "wolfhud_hudlist_trigger_happy_buff_title",
			"description" : "wolfhud_hudlist_trigger_happy_buff_desc",
			"callback" : "clbk_change_hudlist_buff_setting",
			"value" : "trigger_happy_buff",
		},
		{
			"type" : "toggle",
			"id" : "up_you_go_buff",
			"title" : "wolfhud_hudlist_up_you_go_buff_title",
			"description" : "wolfhud_hudlist_up_you_go_buff_desc",
			"callback" : "clbk_change_hudlist_buff_setting",
			"value" : "up_you_go_buff",
		}
	]
}