{
	"menu_id" : "wolfhud_infopanels_buff_mastermind_options_menu",
	"parent_menu_id" : "wolfhud_infopanels_buff_options_menu",
	"title" : "wolfhud_infopanels_buff_mastermind_options_name",
	"description" : "wolfhud_infopanels_buff_mastermind_options_help",
	"focus_changed_callback" : "",
	"back_callback" : "",
	"items" : [
		{
			"type" : "toggle",
			"id" : "forced_friendship_teambuff",
			"title" : "wolfhud_hudlist_forced_friendship_teambuff_title",
			"description" : "wolfhud_hudlist_forced_friendship_teambuff_desc",
			"callback" : "clbk_change_hudlist_buff_setting",
			"value" : "forced_friendship_teambuff",
		},
		{
			"type" : "divider",
			"size" : 8,
		},
		{
			"type" : "toggle",
			"id" : "aggressive_reload_aced_buff",
			"title" : "wolfhud_hudlist_aggressive_reload_aced_buff_title",
			"description" : "wolfhud_hudlist_aggressive_reload_aced_buff_desc",
			"callback" : "clbk_change_hudlist_buff_setting",
			"value" : "aggressive_reload_aced_buff",
		},
		{
			"type" : "toggle",
			"id" : "ammo_efficiency_buff",
			"title" : "wolfhud_hudlist_ammo_efficiency_buff_title",
			"description" : "wolfhud_hudlist_ammo_efficiency_buff_desc",
			"callback" : "clbk_change_hudlist_buff_setting",
			"value" : "ammo_efficiency_buff",
		},
		{
			"type" : "toggle",
			"id" : "combat_medic_buff",
			"title" : "wolfhud_hudlist_combat_medic_buff_title",
			"description" : "wolfhud_hudlist_combat_medic_buff_desc",
			"callback" : "clbk_change_hudlist_buff_setting",
			"value" : "combat_medic_buff",
		},
		{
			"type" : "toggle",
			"id" : "combat_medic_passive_buff",
			"title" : "wolfhud_hudlist_combat_medic_passive_buff_title",
			"description" : "wolfhud_hudlist_combat_medic_passive_buff_desc",
			"callback" : "clbk_change_hudlist_buff_setting",
			"value" : "combat_medic_passive_buff",
		},
		{
			"type" : "toggle",
			"id" : "hostage_taker_buff",
			"title" : "wolfhud_hudlist_hostage_taker_buff_title",
			"description" : "wolfhud_hudlist_hostage_taker_buff_desc",
			"callback" : "clbk_change_hudlist_buff_setting",
			"value" : "hostage_taker_buff",
		},
		{
			"type" : "toggle",
			"id" : "inspire_buff",
			"title" : "wolfhud_hudlist_inspire_buff_title",
			"description" : "wolfhud_hudlist_inspire_buff_desc",
			"callback" : "clbk_change_hudlist_buff_setting",
			"value" : "inspire_buff",
		},
		{
			"type" : "toggle",
			"id" : "painkiller_buff",
			"title" : "wolfhud_hudlist_painkiller_buff_title",
			"description" : "wolfhud_hudlist_painkiller_buff_desc",
			"callback" : "clbk_change_hudlist_buff_setting",
			"value" : "painkiller_buff",
		},
		{
			"type" : "toggle",
			"id" : "partner_in_crime_buff",
			"title" : "wolfhud_hudlist_partner_in_crime_buff_title",
			"description" : "wolfhud_hudlist_partner_in_crime_buff_desc",
			"callback" : "clbk_change_hudlist_buff_setting",
			"value" : "partner_in_crime_buff",
		},
		{
			"type" : "toggle",
			"id" : "quick_fix_buff",
			"title" : "wolfhud_hudlist_quick_fix_buff_title",
			"description" : "wolfhud_hudlist_quick_fix_buff_desc",
			"callback" : "clbk_change_hudlist_buff_setting",
			"value" : "quick_fix_buff",
		},
		{
			"type" : "toggle",
			"id" : "uppers_buff",
			"title" : "wolfhud_hudlist_uppers_buff_title",
			"description" : "wolfhud_hudlist_uppers_buff_desc",
			"callback" : "clbk_change_hudlist_buff_setting",
			"value" : "uppers_buff",
		},
		{
			"type" : "divider",
			"size" : 8,
		},
		{
			"type" : "toggle",
			"id" : "inspire_debuff",
			"title" : "wolfhud_hudlist_inspire_debuff_title",
			"description" : "wolfhud_hudlist_inspire_debuff_desc",
			"callback" : "clbk_change_hudlist_buff_setting",
			"value" : "inspire_debuff",
		},
		{
			"type" : "toggle",
			"id" : "inspire_revive_debuff",
			"title" : "wolfhud_hudlist_inspire_revive_debuff_title",
			"description" : "wolfhud_hudlist_inspire_revive_debuff_desc",
			"callback" : "clbk_change_hudlist_buff_setting",
			"value" : "inspire_revive_debuff",
		}
	]
}