{
	"menu_id" : "wolfhud_waypoints_options_menu",
	"parent_menu_id" : "wolfhud_options_menu",
	"title" : "wolfhud_waypoints_options_name",
	"description" : "wolfhud_waypoints_options_help",
	"focus_changed_callback" : "",
	"back_callback" : "",
	"priority" : 100,
	"items" : [
		{
			"type" : "toggle",
			"id" : "waypoints_show_ammo_bag",
			"title" : "wolfhud_waypoints_show_ammo_bag_title",
			"description" : "wolfhud_waypoints_show_ammo_bag_desc",
			"callback" : "clbk_change_setting",
			"value" : "waypoints_show_ammo_bag",
		},
		{
			"type" : "toggle",
			"id" : "waypoints_show_doc_bag",
			"title" : "wolfhud_waypoints_show_doc_bag_title",
			"description" : "wolfhud_waypoints_show_doc_bag_desc",
			"callback" : "clbk_change_setting",
			"value" : "waypoints_show_doc_bag",
		},
		{
			"type" : "toggle",
			"id" : "waypoints_show_first_aid_kit",
			"title" : "wolfhud_waypoints_show_first_aid_kit_title",
			"description" : "wolfhud_waypoints_show_first_aid_kit_desc",
			"callback" : "clbk_change_setting",
			"value" : "waypoints_show_first_aid_kit",
		},
		{
			"type" : "toggle",
			"id" : "waypoints_show_body_bag",
			"title" : "wolfhud_waypoints_show_body_bag_title",
			"description" : "wolfhud_waypoints_show_body_bag_desc",
			"callback" : "clbk_change_setting",
			"value" : "waypoints_show_body_bag",
		},
		{
			"type" : "toggle",
			"id" : "waypoints_show_grenade_crate",
			"title" : "wolfhud_waypoints_show_grenade_crate_title",
			"description" : "wolfhud_waypoints_show_grenade_crate_desc",
			"callback" : "clbk_change_setting",
			"value" : "waypoints_show_grenade_crate",
		},
		{
			"type" : "toggle",
			"id" : "waypoints_show_sentries",
			"title" : "wolfhud_waypoints_show_sentries_title",
			"description" : "wolfhud_waypoints_show_sentries_desc",
			"callback" : "clbk_change_setting",
			"value" : "waypoints_show_sentries",
		},
		{
			"type" : "divider",
			"size" : 8,
		},
		{
			"type" : "toggle",
			"id" : "waypoints_show_timers",
			"title" : "wolfhud_waypoints_show_timers_title",
			"description" : "wolfhud_waypoints_show_timers_desc",
			"callback" : "clbk_change_setting",
			"value" : "waypoints_show_timers",
		},
		{
			"type" : "toggle",
			"id" : "waypoints_show_loot",
			"title" : "wolfhud_waypoints_show_loot_title",
			"description" : "wolfhud_waypoints_show_loot_desc",
			"callback" : "clbk_change_setting",
			"value" : "waypoints_show_loot",
		},
		{
			"type" : "toggle",
			"id" : "waypoints_show_special_equipment",
			"title" : "wolfhud_waypoints_show_special_equipment_title",
			"description" : "wolfhud_waypoints_show_special_equipment_desc",
			"callback" : "clbk_change_setting",
			"value" : "waypoints_show_special_equipment",
		},
		{
			"type" : "divider",
			"size" : 8,
		},
		{
			"type" : "toggle",
			"id" : "waypoints_show_minions",
			"title" : "wolfhud_waypoints_show_minions_title",
			"description" : "wolfhud_waypoints_show_minions_desc",
			"callback" : "clbk_change_setting",
			"value" : "waypoints_show_minions",
		},
		{
			"type" : "toggle",
			"id" : "waypoints_show_pager",
			"title" : "wolfhud_waypoints_show_pager_title",
			"description" : "wolfhud_waypoints_show_pager_desc",
			"callback" : "clbk_change_setting",
			"value" : "waypoints_show_pager",
		}
	]
}
