{
	"menu_id" : "wolfhud_press2hold_options_menu",
	"parent_menu_id" : "wolfhud_options_menu",
	"title" : "wolfhud_interaction_options_name",
	"description" : "wolfhud_interaction_options_help",
	"focus_changed_callback" : "",
	"back_callback" : "",
	"priority" : 100,
	"items" : [
		{
			"type" : "multiple_choice",
			"id" : "LOCK_MODE",
			"title" : "wolfhud_press2hold_lock_mode_title",
			"description" : "wolfhud_press2hold_lock_mode_desc",
			"callback" : "clbk_change_setting",
			"items" : [
				"wolfhud_multiselect_disabled",
				"wolfhud_press2hold_lock_mode_a",
				"wolfhud_press2hold_lock_mode_b"
			],
			"value" : "LOCK_MODE",
		},
		{
			"type" : "slider",
			"id" : "MIN_TIMER_DURATION",
			"title" : "wolfhud_press2hold_min_timer_duration_title",
			"description" : "wolfhud_press2hold_min_timer_duration_desc",
			"callback" : "clbk_change_setting",
			"value" : "MIN_TIMER_DURATION",
			"default_value" : 5,
			"min" : 0,
			"max" : 45,
			"step" : 0.1,
		},
		{
			"type" : "toggle",
			"id" : "SHOW_LOCK_INDICATOR",
			"title" : "wolfhud_press2hold_show_lockindicator_title",
			"description" : "wolfhud_press2hold_show_lockindicator_desc",
			"callback" : "clbk_change_setting",
			"value" : "SHOW_LOCK_INDICATOR",
		},
		{
			"type" : "toggle",
			"id" : "EQUIPMENT_PRESS_INTERRUPT",
			"title" : "wolfhud_press2hold_equipment_cancel_title",
			"description" : "wolfhud_press2hold_equipment_cancel_desc",
			"callback" : "clbk_change_setting",
			"value" : "EQUIPMENT_PRESS_INTERRUPT",
		},
		{
			"type" : "toggle",
			"id" : "SHOW_INTERRUPT_HINT",
			"title" : "wolfhud_press2hold_interrupt_hint_title",
			"description" : "wolfhud_press2hold_interrupt_hint_desc",
			"callback" : "clbk_change_setting",
			"value" : "SHOW_INTERRUPT_HINT",
		},
		{
			"type" : "divider",
			"size" : 24,
		},
		{
			"type" : "toggle",
			"id" : "SHOW_CIRCLE",
			"title" : "wolfhud_press2hold_show_circle_title",
			"description" : "wolfhud_press2hold_show_circle_desc",
			"callback" : "clbk_change_setting",
			"value" : "SHOW_CIRCLE",
		},
		{
			"type" : "slider",
			"id" : "CIRCLE_SCALE",
			"title" : "wolfhud_press2hold_circle_scale_title",
			"description" : "wolfhud_press2hold_circle_scale_desc",
			"callback" : "clbk_change_setting",
			"value" : "CIRCLE_SCALE",
			"default_value" : 1,
			"min" : 0.3,
			"max" : 2,
			"step" : 0.01,
		},
		{
			"type" : "slider",
			"id" : "TEXT_SCALE",
			"title" : "wolfhud_press2hold_text_scale_title",
			"description" : "wolfhud_press2hold_text_scale_desc",
			"callback" : "clbk_change_setting",
			"value" : "TEXT_SCALE",
			"default_value" : 1,
			"min" : 0.3,
			"max" : 2,
			"step" : 0.01,
		},
		{
			"type" : "toggle",
			"id" : "SHOW_TIME_REMAINING",
			"title" : "wolfhud_press2hold_show_timer_title",
			"description" : "wolfhud_press2hold_show_timer_desc",
			"callback" : "clbk_change_setting",
			"value" : "SHOW_TIME_REMAINING",
		},
		{
			"type" : "multiple_choice",
			"id" : "GRADIENT_COLOR",
			"title" : "wolfhud_press2hold_timer_color_title",
			"description" : "wolfhud_press2hold_timer_color_desc",
			"callback" : "clbk_change_setting",
			"items" : [ "enable_rainbow" ],
			"value" : "GRADIENT_COLOR",
		},
		{
			"type" : "toggle",
			"id" : "SHOW_RELOAD",
			"title" : "wolfhud_press2hold_show_reload_circle_title",
			"description" : "wolfhud_press2hold_show_reload_circle_desc",
			"callback" : "clbk_change_setting",
			"value" : "SHOW_RELOAD",
		},
		{
			"type" : "toggle",
			"id" : "SHOW_MELEE",
			"title" : "wolfhud_press2hold_show_melee_circle_title",
			"description" : "wolfhud_press2hold_show_melee_circle_desc",
			"callback" : "clbk_change_setting",
			"value" : "SHOW_MELEE",
		},
		{
			"type" : "divider",
			"size" : 16,
		},
		{
			"type" : "toggle",
			"id" : "SUPRESS_NADES_STEALTH",
			"title" : "wolfhud_doubletap_nades_stealth_title",
			"description" : "wolfhud_doubletap_nades_stealth_desc",
			"callback" : "clbk_change_setting",
			"value" : "SUPRESS_NADES_STEALTH",
		},
		{
			"type" : "toggle",
			"id" : "HOLD2PICK",
			"title" : "wolfhud_hold_to_pick_title",
			"description" : "wolfhud_hold_to_pick_desc",
			"callback" : "clbk_change_setting",
			"value" : "HOLD2PICK",
		}
	]
}
