{
	"menu_id" : "wolfhud_options_menu",
	"parent_menu_id" : "lua_mod_options_menu",
	"title" : "wolfhud_options_name",
	"description" : "wolfhud_options_help",
	"focus_changed_callback" : "WolfHUD_FocusChanged",
	"back_callback" : "WolfHUD_Save",
	"items" : [
		{
			"type" : "divider",
			"size" : 16,
			"priority" : 16,
		},
		{
			"type" : "toggle",
			"id" : "skip_blackscreen",
			"title" : "wolfhud_skip_blackscreen_title",
			"description" : "wolfhud_skip_blackscreen_desc",
			"callback" : "clbk_change_setting",
			"value" : "skip_blackscreen",
			"priority" : 15,
		},
		{
			"type" : "slider",
			"id" : "stat_screen_delay",
			"title" : "wolfhud_stat_screen_delay_title",
			"description" : "wolfhud_stat_screen_delay_desc",
			"callback" : "clbk_change_setting",
			"value" : "stat_screen_delay",
			"default_value" : 5,
			"min" : 0,
			"max" : 20,
			"step" : 0.1,
			"priority" : 14,
		},
		{
			"type" : "toggle",
			"id" : "autopick_card",
			"title" : "wolfhud_loot_screen_pick_card_title",
			"description" : "wolfhud_loot_screen_pick_card_desc",
			"callback" : "clbk_change_setting",
			"value" : "autopick_card",
			"priority" : 13,
		},
		{
			"type" : "slider",
			"id" : "loot_screen_delay",
			"title" : "wolfhud_loot_screen_delay_title",
			"description" : "wolfhud_loot_screen_delay_desc",
			"callback" : "clbk_change_setting",
			"value" : "loot_screen_delay",
			"default_value" : 3,
			"min" : 0,
			"max" : 20,
			"step" : 0.1,
			"priority" : 12,
		},
		{
			"type" : "divider",
			"size" : 16,
			"priority" : 11,
		},
		{
			"type" : "toggle",
			"id" : "replace_weapon_names",
			"title" : "wolfhud_replace_weapon_names_title",
			"description" : "wolfhud_replace_weapon_names_desc",
			"callback" : "clbk_change_setting",
			"value" : "replace_weapon_names",
			"priority" : 10,
		},
		{
			"type" : "toggle",
			"id" : "inventory_tab_names",
			"title" : "wolfhud_inventory_tab_names_title",
			"description" : "wolfhud_inventory_tab_names_desc",
			"callback" : "clbk_change_setting",
			"value" : "inventory_tab_names",
			"priority" : 9,
		},
		{
			"type" : "toggle",
			"id" : "inventory_names",
			"title" : "wolfhud_inventory_names_title",
			"description" : "wolfhud_inventory_names_desc",
			"callback" : "clbk_change_setting",
			"value" : "inventory_names",
			"priority" : 8,
		},
		{
			"type" : "toggle",
			"id" : "show_mini_icons",
			"title" : "wolfhud_show_mini_icons_title",
			"description" : "wolfhud_show_mini_icons_desc",
			"callback" : "clbk_change_setting",
			"value" : "show_mini_icons",
			"priority" : 7,
		},
		{
			"type" : "toggle",
			"id" : "skill_names",
			"title" : "wolfhud_skill_names_title",
			"description" : "wolfhud_skill_names_desc",
			"callback" : "clbk_change_setting",
			"value" : "skill_names",
			"priority" : 8,
		},
		{
			"type" : "divider",
			"size" : 8,
			"priority" : 6,
		},
		{
			"type" : "toggle",
			"id" : "enable_burstmode",
			"title" : "wolfhud_enable_burstmode_title",
			"description" : "wolfhud_enable_burstmode_desc",
			"callback" : "clbk_change_setting",
			"value" : "enable_burstmode",
			"priority" : 5,
		},
		{
			"type" : "toggle",
			"id" : "no_slowmotion",
			"title" : "wolfhud_no_slowmotion_title",
			"description" : "wolfhud_no_slowmotion_desc",
			"callback" : "clbk_change_setting",
			"value" : "no_slowmotion",
			"priority" : 4,
		},
		{
			"type" : "divider",
			"size" : 16,
			"priority" : 2,
		},
		{
			"type" : "button",
			"id" : "wolfhud_reset_options",
			"title" : "wolfhud_reset_options_title",
			"description" : "wolfhud_reset_options_desc",
			"callback" : "WolfHUD_Reset",
			"priority" : 1,
		}
	]
}
