{
	"menu_id" : "SlowMotionManager",
	"parent_menu_id" : "blt_options",
	"title"	: "SlowMotionManager_options_title",
	"description" : "SlowMotionManager_options_desc",
	"items" : [
		{
			"type" : "multiple_choice",
			"id" : "SlowMotionManager_language_choice",
			"title" : "SlowMotionManager_language_title",
			"description" : "SlowMotionManager_language_desc",
			"callback" : "SlowMotionManager_language_callback",
			"items" : [
				"SlowMotionManager_language_english",
				"SlowMotionManager_language_french"
			],
			"value" : "SlowMotionManager_language",
			"default_value" : 1
		},
		{
			"type" : "divider",
			"size" : 24
		},
		{
		    "type" : "slider",
		    "id" : "SlowMotionManager_speed_maskon",
		    "title" : "SlowMotionManager_speed_maskon_title",
		    "description" : "SlowMotionManager_speed_maskon_desc",
		    "callback" : "SlowMotionManager_speed_maskon_callback",
		    "value" : "SlowMotionManager_speed_maskon",
		    "default_value" : 0.2,
		    "max" : 1,
		    "min" : 0.2,
		    "step" : 0.1
		},
		{
		    "type" : "slider",
		    "id" : "SlowMotionManager_fadein_maskon",
		    "title" : "SlowMotionManager_fadein_maskon_title",
		    "description" : "SlowMotionManager_fadein_maskon_desc",
		    "callback" : "SlowMotionManager_fadein_maskon_callback",
		    "value" : "SlowMotionManager_fadein_maskon",
		    "default_value" : 0.25,
		    "max" : 3,
		    "min" : 0,
		    "step" : 0.05
		},
		{
		    "type" : "slider",
		    "id" : "SlowMotionManager_fadeindelay_maskon",
		    "title" : "SlowMotionManager_fadeindelay_maskon_title",
		    "description" : "SlowMotionManager_fadeindelay_maskon_desc",
		    "callback" : "SlowMotionManager_fadeindelay_maskon_callback",
		    "value" : "SlowMotionManager_fadeindelay_maskon",
		    "default_value" : 1.35,
		    "max" : 3,
		    "min" : 0,
		    "step" : 0.05
		},
		{
		    "type" : "slider",
		    "id" : "SlowMotionManager_sustain_maskon",
		    "title" : "SlowMotionManager_sustain_maskon_title",
		    "description" : "SlowMotionManager_sustain_maskon_desc",
		    "callback" : "SlowMotionManager_sustain_maskon_callback",
		    "value" : "SlowMotionManager_sustain_maskon",
		    "default_value" : 5,
		    "max" : 10,
		    "min" : 0,
		    "step" : 1
		},
		{
		    "type" : "slider",
		    "id" : "SlowMotionManager_fadeout_maskon",
		    "title" : "SlowMotionManager_fadeout_maskon_title",
		    "description" : "SlowMotionManager_fadeout_maskon_desc",
		    "callback" : "SlowMotionManager_fadeout_maskon_callback",
		    "value" : "SlowMotionManager_fadeout_maskon",
		    "default_value" : 0.8,
		    "max" : 3,
		    "min" : 0,
		    "step" : 0.05
		},
		{
			"type" : "divider",
			"size" : 24
		},
		{
		    "type" : "slider",
		    "id" : "SlowMotionManager_speed_downed",
		    "title" : "SlowMotionManager_speed_downed_title",
		    "description" : "SlowMotionManager_speed_downed_desc",
		    "callback" : "SlowMotionManager_speed_downed_callback",
		    "value" : "SlowMotionManager_speed_downed",
		    "default_value" : 0.3,
		    "max" : 1,
		    "min" : 0.2,
		    "step" : 0.1
		},
		{
		    "type" : "slider",
		    "id" : "SlowMotionManager_fadein_downed",
		    "title" : "SlowMotionManager_fadein_downed_title",
		    "description" : "SlowMotionManager_fadein_downed_desc",
		    "callback" : "SlowMotionManager_fadein_downed_callback",
		    "value" : "SlowMotionManager_fadein_downed",
		    "default_value" : 0.25,
		    "max" : 3,
		    "min" : 0,
		    "step" : 0.05
		},
		{
		    "type" : "slider",
		    "id" : "SlowMotionManager_sustain_downed",
		    "title" : "SlowMotionManager_sustain_downed_title",
		    "description" : "SlowMotionManager_sustain_downed_desc",
		    "callback" : "SlowMotionManager_sustain_downed_callback",
		    "value" : "SlowMotionManager_sustain_downed",
		    "default_value" : 3,
		    "max" : 10,
		    "min" : 0,
		    "step" : 1
		},
		{
		    "type" : "slider",
		    "id" : "SlowMotionManager_fadeout_downed",
		    "title" : "SlowMotionManager_fadeout_downed_title",
		    "description" : "SlowMotionManager_fadeout_downed_desc",
		    "callback" : "SlowMotionManager_fadeout_downed_callback",
		    "value" : "SlowMotionManager_fadeout_downed",
		    "default_value" : 0.8,
		    "max" : 3,
		    "min" : 0,
		    "step" : 0.05
		},
		{
			"type" : "divider",
			"size" : 24
		},
		{
		    "type" : "slider",
		    "id" : "SlowMotionManager_speed_scripted",
		    "title" : "SlowMotionManager_speed_scripted_title",
		    "description" : "SlowMotionManager_speed_scripted_desc",
		    "callback" : "SlowMotionManager_speed_scripted_callback",
		    "value" : "SlowMotionManager_speed_scripted",
		    "default_value" : 0.2,
		    "max" : 1,
		    "min" : 0.2,
		    "step" : 0.1
		},
		{
		    "type" : "slider",
		    "id" : "SlowMotionManager_fadein_scripted",
		    "title" : "SlowMotionManager_fadein_scripted_title",
		    "description" : "SlowMotionManager_fadein_scripted_desc",
		    "callback" : "SlowMotionManager_fadein_scripted_callback",
		    "value" : "SlowMotionManager_fadein_scripted",
		    "default_value" : 0.3,
		    "max" : 3,
		    "min" : 0,
		    "step" : 0.05
		},
		{
		    "type" : "slider",
		    "id" : "SlowMotionManager_fadeindelay_scripted",
		    "title" : "SlowMotionManager_fadeindelay_scripted_title",
		    "description" : "SlowMotionManager_fadeindelay_scripted_desc",
		    "callback" : "SlowMotionManager_fadeindelay_scripted_callback",
		    "value" : "SlowMotionManager_fadeindelay_scripted",
		    "default_value" : 0.5,
		    "max" : 3,
		    "min" : 0,
		    "step" : 0.05
		},
		{
		    "type" : "slider",
		    "id" : "SlowMotionManager_sustain_scripted",
		    "title" : "SlowMotionManager_sustain_scripted_title",
		    "description" : "SlowMotionManager_sustain_scripted_desc",
		    "callback" : "SlowMotionManager_sustain_scripted_callback",
		    "value" : "SlowMotionManager_sustain_scripted",
		    "default_value" : 5,
		    "max" : 10,
		    "min" : 0,
		    "step" : 1
		},
		{
		    "type" : "slider",
		    "id" : "SlowMotionManager_fadeout_scripted",
		    "title" : "SlowMotionManager_fadeout_scripted_title",
		    "description" : "SlowMotionManager_fadeout_scripted_desc",
		    "callback" : "SlowMotionManager_fadeout_scripted_callback",
		    "value" : "SlowMotionManager_fadeout_scripted",
		    "default_value" : 0.8,
		    "max" : 3,
		    "min" : 0,
		    "step" : 0.05
		},
		{
			"type" : "divider",
			"size" : 32
		},
		{
			"type" : "button",
			"id" : "SlowMotionManager_noslowmo",
			"title" : "SlowMotionManager_noslowmo_title",
			"description" : "SlowMotionManager_noslowmo_desc",
			"callback" : "SlowMotionManager_noslowmo_callback"
		},
		{
			"type" : "button",
			"id" : "SlowMotionManager_reset_default_values",
			"title" : "SlowMotionManager_reset_title",
			"description" : "SlowMotionManager_reset_desc",
			"callback" : "SlowMotionManager_reset_callback"
		}
	]
}