{
    "_about_colors": "Referência dos códigos de cores",
    "_about_colors_hint": "Mostrar página de referência MSDN que exibe todos os códigos de cores possíveis predefinidos no PocoHud3",
    "_about_contributors": "Contribuidores",
    "_about_group_btn": "Opinar/Sugerir no grupo PocoMods na Steam!",
    "_about_hold_shift": "Pressione Shift para abrir no browser fora do jogo.",
    "_about_loading_rss": "Carregando RSS...",
    "_about_recent_updates": "Atualizações recentes do PocoMod",
    "_about_trans_language": "Português",
    "_about_trans_names": "jkisten",
    "_about_trans_presented": "Essa tradução em português foi feita por:",
    "_about_trans_special_thanks": "Agradecimentos especiais para:",
    "_about_trans_volunteers": "Voluntários de tradução",
    "_btn_apply_and_reload": "APLICAR E RECARREGAR",
    "_btn_discard": "DESCARTAR MUDANÇAS",
    "_btn_reset": "RESETAR TUDO",
    "_btn_reset_category": "RESETAR CATEGORIA",
    "_buff_bulletStormShort": "BS",
    "_buff_combatMedicDamageShort": "Dano+",
    "_buff_exhausted": "Cansado",
    "_buff_overkillShort": "Dano+",
    "_buff_painkillerShort": "PK",
    "_buff_swanSongShort": "SS",
    "_buff_underdogShort": "Dano+",
    "_desc_apply_and_reload": "Algumas opções são aplicadas na próxima sessão.",
    "_desc_discard": "Descartas mudanças temporárias e reverter para as opções anteriores",
    "_desc_heist_count_completed": "Saiu:",
    "_desc_heist_count_started_1": "Desde o começo:",
    "_desc_heist_count_started_2": "Entrou no meio:",
    "_desc_heist_day": "dia [1]",
    "_desc_heist_dayalt": "dia [1] alt [2]",
    "_desc_heist_may_not_match": "* Números podem variar entre assaltos e dias.",
    "_desc_heist_time_average": "Média:",
    "_desc_heist_time_hm": "[1]h [2]m",
    "_desc_heist_time_m": "[1]m",
    "_desc_heist_time_ms": "[1]m [2]s",
    "_desc_heist_unlisted": "-- Assaltos não listados --",
    "_desc_no_upgrades_acquired": "Upgrades não são necessários",
    "_desc_not_in_effect": "Não estão em efeito",
    "_desc_reset": "Reverter para as opções padrão.",
    "_desc_reset_ask": "Continuar?",
    "_desc_reset_category": "Reverter essa categoria para o padrão.",
    "_insp_achievements": "Conquistas",
    "_insp_basic": "Básico",
    "_insp_fetch_achievements_btn": "Buscar dados de Conquistas",
    "_insp_fetch_pd2_btn": "Buscar dados em PD2Stats.com",
    "_insp_fetch_recent": "Buscar Jogos Recentes",
    "_insp_game": "Jogo [1]",
    "_insp_key": "Chave",
    "_insp_pd2_failed": "Busca em PD2Stats.com falhou",
    "_insp_pd2_legit": "Parece legítimo.",
    "_insp_pd2_success": "Recebido com sucesso de PD2Stats.com",
    "_insp_pd2_susp": "Suspeito.",
    "_insp_pd2_verdict": "Veredicto de PD2Stats ",
    "_insp_player": "Jogador [1] : [2]",
    "_insp_profile_denied": "Negado: perfil Privado/Apenas para membros?",
    "_insp_profile_success": "[1] Jogos recebidos com sucesso do perfil Steam",
    "_insp_total_lately": "Total: [1]h, Recente: [2]h",
    "_insp_value": "Valor",
    "_kit_categories": "DEFINIR NOME, PRIMÁRIA, SECUNDÁRIA, ARMADURA, GADGET, MELEE",
    "_kit_color_edit_hint": "Definir a cor de vaidade desse kit para você.",
    "_kit_dblclick_to_equip": "* Clique duplo para equipar esse item",
    "_kit_desc": "* O Kit de Perfis é dependente da configuração do seu inventário. Todas as mudanças(mods, vendas) serão aplicadas ao resultado",
    "_kit_equip_btn_hint1": "Clique para",
    "_kit_equip_btn_hint2": "copiar",
    "_kit_equip_btn_hint3": "Clique duplo para",
    "_kit_equip_btn_hint4": "Deletar",
    "_kit_equip_btn_hint5": "esse item.",
    "_kit_key_combination": "CTRL + ALT + [1]",
    "_kit_key_edit_hint1": "Se definido, pressione",
    "_kit_key_edit_hint2": "Ctrl + ALT + THIS",
    "_kit_key_edit_hint3": "tecla para equipar esse kit enquanto fora do jogo.",
    "_kit_key_edit_hint4": "Combinação de teclas personalizadas não disponível.\nTeclas duplicadas podem originar resultados inesperados.\n(Apenas um kit pode/vai ser equipado)",
    "_kit_key_edit_hint5": "Backspace para remover a tecla vinculada.",
    "_kit_keybind": "Tecla vinculada",
    "_kit_leave_as_is": "DEIXE COMO ESTÁ",
    "_kit_na_in_game": "Não disponível em jogo",
    "_kit_name_edit_hint": "Definir o nome de vaidade desse kit.",
    "_kit_not_available": "Sem kits de perfis disponíveis.",
    "_kit_profiler_desc1": "Perfis",
    "_kit_profiler_desc2": "Clique duplo para equipar um kit",
    "_kit_profiler_disabled_ingame": "Desabilitado dentro do jogo.",
    "_kit_save_desc1": "Kit atual",
    "_kit_save_desc2": "Salvar nos perfis. Itens não marcados serão removidos.",
    "_kit_save_hint1": "Add",
    "_kit_save_hint2": "sobrescrever",
    "_kit_save_hint3": "dependendo do NOME DO SET",
    "_kit_saved_kits_title1": "Kits salvos",
    "_kit_saved_kits_title2": "Editar ou remover kits salvos",
    "_kit_tab_edit_kit": "EDITAR KIT",
    "_kit_tab_use_kit": "USAR KIT",
    "_line_youAndCrewsPerks": "Perks que você e sua equipe vão se beneficiar",
    "_line_yourPerks": "Perks que você adquiriu",
    "_opt_24HourClock": "RELÓGIO DE 24 HORAS",
    "_opt_24HourClock_desc": "Usar relógio de 24hrs ao invés de 12hrs no canto e na barra inferior de informações do jogador",
    "_opt_AiDamage": "DANO IA",
    "_opt_AiDamage_desc": "Mostrar dano da IA",
    "_opt_buff": "Buff",
    "_opt_buff_desc": "Mostrar status de buff em tempo real",
    "_opt_buffSize": "TAMANHO DO BUFF",
    "_opt_buffSize_desc": "Tamanho do ícone (ignorado no estilo Vanilla)",
    "_opt_cantedSightCrook": "CANTED SIGHT CROOK",
    "_opt_cantedSightCrook_desc": "In-game canted sight(as gadget) indicator",
    "_opt_chat_desc_1": "Se um evento listado abaixo acontecer e preencher uma condição definida, o PocoHud irá avisar aos outros via chat. Os alvos possíveis são:",
    "_opt_chat_desc_2": "* Ninguém: Ninguém",
    "_opt_chat_desc_3": "* Apenas eu: Apenas eu",
    "_opt_chat_desc_4": "* Todos-Host: Todos se eu for o host",
    "_opt_chat_desc_5": "* Todos-DI: Todos se eu estiver jogando a partida desde o início",
    "_opt_chat_desc_6": "* Todos-Sozinho: Todos se eu for o único que tem o PocoHud",
    "_opt_chat_desc_7": "* Todos-Sempre: Todos, mesmo que mais alguém esteja informando o time usando PocoHud ou não",
    "_opt_color": "COR",
    "_opt_color_desc": "Cor da fonte",
    "_opt_colorizeCrimenet": "COLORIR CRIMENET",
    "_opt_colorizeCrimenet_desc": "Codificar os contratos da CrimeNET por dificuldade e diminuir o brilho do heat bônus",
    "_opt_colorNegative": "COR NEGATIVA",
    "_opt_colorNegative_desc": "Usado em de-buffs/penalidades\n(Ignorado no estilo \"vanilla\", aplicado após recarregar o PH)",
    "_opt_colorPositive": "COR POSITIVA",
    "_opt_colorPositive_desc": "Usado em buff/bônus\n(Ignorado no estilo \"vanilla\", aplicado após recarregar o PH)",
    "_opt_converted": "CONVERTIDO",
    "_opt_converted_desc": "Alguém converteu um agente da lei",
    "_opt_corner": "Canto",
    "_opt_corner_desc": "Texto estático que funciona como um contador de FPS / Relógio",
    "_opt_corpseLimit": "LIMITE DE CORPOS",
    "_opt_corpseLimit_desc": "Limite de corpos dentro do jogo\nPadrão é 8.\nCada passo multiplica/divide o resultado por 2.",
    "_opt_corpseRagdollTimeout": "CORPOS DINÂMICOS",
    "_opt_corpseRagdollTimeout_desc": "Tempo limite para corpos dinâmicos.\nPadrão é 3 segundos. Cada passo aumenta/diminui o tempo por 1 segundo.",
    "_opt_crewDamage": "DANO DA EQUIPE",
    "_opt_crewDamage_desc": "Mostrar o dano de outros jogadores",
    "_opt_custody": "CUSTÓDIA",
    "_opt_custody_desc": "Alguém está em custódia",
    "_opt_damageDecay": "DESAPARECIMENTO DE DANO",
    "_opt_damageDecay_desc": "Tempo de desaparecimento",
    "_opt_defaultFont": "FONTE PADRÃO",
    "_opt_defaultFont_desc": "Usar a fonte sans-serif",
    "_opt_detailedModeKey": "TECLA DE MODO DETALHADO",
    "_opt_detailedModeKey_desc": "Keybind para modo detalhado(verbose).\nPadrão: ` (crase)",
    "_opt_detailedModeToggle": "ALTERNÂNCIA DO MODO DETALHADO",
    "_opt_detailedModeToggle_desc": "Fazer com que a tecla do modo detalhado alterne entre os modos.",
    "_opt_detailedOnly": "APENAS DETALHADO",
    "_opt_detailedOnly_desc": "Esconder o texto do canto enquanto o modo 'Detelhado' não estiver ativado",
    "_opt_dominated": "DOMINADO",
    "_opt_dominated_desc": "Mostrar quando a IA houver se algemado",
    "_opt_downed": "CAÍDO",
    "_opt_downed_desc": "Alguém caiu",
    "_opt_downedWarning": "AVISO DE QUEDA",
    "_opt_downedWarning_desc": "Alguém caiu mais de duas vezes em seguida",
    "_opt_drillAlmostDone": "DRILL QUASE COMPLETA",
    "_opt_drillAlmostDone_desc": "Faltam menos de 10 segundos para uma drill.\n*Requer opção Float-ShowDrills habilitada",
    "_opt_drillDone": "DRILL COMPLETA",
    "_opt_drillDone_desc": "Uma drill acabou.\n* Requires Float-ShowDrills option enabled",
    "_opt_duration": "DURAÇÃO",
    "_opt_duration_desc": "Segundos. 0 significa auto (segue o tempo de recuperação do escudo)",
    "_opt_enable": "HABILITADO",
    "_opt_enable_desc": "Habilitar essa função",
    "_opt_endStat": "ESTATÍSTICAS DO FIM",
    "_opt_endStat_desc": "Estatísticas de fim de jogo",
    "_opt_endStatCredit": "CRÉDITO POCOMODS",
    "_opt_endStatCredit_desc": "Anúncio do PocoMods após as estatísticas de fim de jogo ;)",
    "_opt_fallbackToMe": "VENHA A MIM",
    "_opt_fallbackToMe_desc": "Se um evento for definido para ser mandado à todos mas a condição não for atendida, mostrar apenas para mim.",
    "_opt_fasterDesyncResolve": "FASTER DESYNC RESOLVE",
    "_opt_fasterDesyncResolve_desc": "In-game Player husks will catch up severe desync faster and represent more accurate position.",
    "_opt_float_desc": "Janela flutuante de posição 3D",
    "_opt_frame": "QUADRO",
    "_opt_frame_desc": "Caixa alternativa de quadro",
    "_opt_game_desc": "Aprimoramentos específicos do jogo",
    "_opt_gap": "ESPAÇO",
    "_opt_gap_desc": "Espaço de ícone",
    "_opt_gridCrimenet": "ALINHAR CRIMENET",
    "_opt_gridCrimenet_desc": "Alinhas os contratos CrimeNET em grade",
    "_opt_handsUp": "MÃOS PRA CIMA",
    "_opt_handsUp_desc": "Mostrar quando IA for se render",
    "_opt_healthColor": "COR DA VIDA",
    "_opt_healthColor_desc": "Cor de vida perdida, cheia",
    "_opt_healthColorDepleted": "COR DE VIDA VAZIA",
    "_opt_healthColorDepleted_desc": "Cor de vida perdida, vazia",
    "_opt_hideInteractionCircle": "ESCONDER CÍRCULO DE INTERAÇÃO",
    "_opt_hideInteractionCircle_desc": "Esconder o círculo de interação vanilla (do jogo base)",
    "_opt_hit_desc": "Indicador de dano que mostra a posição de onde o dano foi sofrido",
    "_opt_hostageChanged": "REFÉM TROCADO",
    "_opt_hostageChanged_desc": "Contagem de reféns mudou\n* Não implementado",
    "_opt_includeLocation": "INCLUIR LOCALIZAÇÃO",
    "_opt_includeLocation_desc": "Se os dados de localização estiverem disponíveis, incluir nas mensagens do chat.",
    "_opt_ingameJoinRemaining": "ENTRANDO EM",
    "_opt_ingameJoinRemaining_desc": "Será mostrada uma caixa da diálogo dizendo quantos segundos falta para ALGUÉM ENTRAR",
    "_opt_justify": "JUSTIFICAR",
    "_opt_justify_desc": "Alinhamento de ícones (vertical para estilo Vanilla)",
    "_opt_keepOnScreen": "MANTER NA TELA",
    "_opt_keepOnScreen_desc": "Manter caixas flutuantes na tela",
    "_opt_keepOnScreenMarginX": "MANTER NA TELA A MARGEM X",
    "_opt_keepOnScreenMarginX_desc": "Margem para Esquerda e Direita",
    "_opt_keepOnScreenMarginY": "MANTER NA TELA A MARGEM Y",
    "_opt_keepOnScreenMarginY_desc": "Margem para Topo e Fundo",
    "_opt_language": "LÍNGUA",
    "_opt_language_desc": "Língua do PocoHud3.\nreads /poco/hud3_locale{input}.json",
    "_opt_margin": "MARGEM",
    "_opt_margin_desc": "Box inner padding",
    "_opt_maxFPS": "FPS MÁXIMO",
    "_opt_maxFPS_desc": "Limite de FPS para melhorar a performance",
    "_opt_messiah": "MESSIAH",
    "_opt_messiah_desc": "Você consumiu uma carga de Pistol Messiah",
    "_opt_midStat": "MID STAT",
    "_opt_midStat_desc": "Estatística de meio de jogo. (limitado ao ServerSend)",
    "_opt_midstatAnnounce": "ANÚNCIO DE MIDSTAT",
    "_opt_midstatAnnounce_desc": "Anunciar as estatísticas a cada X mortes. Considerado como \"Midgame stat\"",
    "_opt_minionLost": "CAPANGA PERDIDO",
    "_opt_minionLost_desc": "Alguém perdeu um capanga",
    "_opt_minionShot": "CAPANGA BALEADO",
    "_opt_minionShot_desc": "Alguém atirou em um capanga",
    "_opt_mirrorDirection": "DIREÇÃO ESPELHADA",
    "_opt_mirrorDirection_desc": "Aumenta a medida de buff no sentido horário",
    "_opt_myDamage": "MEU DANO",
    "_opt_myDamage_desc": "Mostrar o dano do jogador local",
    "_opt_noSprintDelay": "SEM ATRASO DE CORRIDA",
    "_opt_noSprintDelay_desc": "Ignorar o atraso pós-corrida",
    "_opt_number": "NÚMERO",
    "_opt_number_desc": "Mostrar a quantidade exata que você perdeu",
    "_opt_numberDefaultFont": "FONTE PADRÃO DE NÚMEROS",
    "_opt_numberDefaultFont_desc": "Números usam fonte padrão",
    "_opt_numberSize": "TAMANHO DE NÚMERO",
    "_opt_numberSize_desc": "Tamanho de número",
    "_opt_offset": "OFFSET",
    "_opt_offset_desc": "Offset vertical se você REALMENTE quer mover isso",
    "_opt_opacity": "OPACIDADE",
    "_opt_opacity_desc": "Opacidade da fonte",
    "_opt_playerBottom_desc": "Texto de informação no fundo do HUD",
    "_opt_playerFloat_desc": "Painel de informações flutuante acima da cabeça dos companheiros",
    "_opt_pocoRoseKey": "POCO ROSE KEY",
    "_opt_pocoRoseKey_desc": "Keybind para PocoRose.\nPadrão: B",
    "_opt_popup_desc": "Mostrar dano no espaço 3D",
    "_opt_rememberGadgetState": "LEMBRAR O STATUS DO GADGET",
    "_opt_rememberGadgetState_desc": "Lembrar o status do gadget(laser, lanterna, mira angular) entre as trocas de armas ",
    "_opt_replenished": "RECUPEROU",
    "_opt_replenished_desc": "Alguém recuperou vida (normalmente por Kit Médico)",
    "_opt_resizeCrimenet": "CRIMENET MENOR",
    "_opt_resizeCrimenet_desc": "Redimensionar a fonte da CrimeNET",
    "_opt_root": "Raíz",
    "_opt_root_desc": "Configuração principal do PocoHud3",
    "_opt_shieldColor": "COR DO ESCUDO",
    "_opt_shieldColor_desc": "Cor de perda de escudo, cheio",
    "_opt_shieldColorDepleted": "COR DO ESCUDO VAZIO",
    "_opt_shieldColorDepleted_desc": "Cor de perda de escudo, vazio",
    "_opt_showArrow": "MOSTRAR SETA",
    "_opt_showArrow_desc": "Seta apontando para a posição do jogador",
    "_opt_showAverageDamage": "MOSTRAR DANO MÉDIO",
    "_opt_showAverageDamage_desc": "Dano Médio por bala",
    "_opt_showBags": "MOSTRAR BOLSAS",
    "_opt_showBags_desc": "Mostrar bolsas.\n* Requer \"Mostrar Alvos\" habilitado",
    "_opt_showBerserker": "MOSTRAR BERSERKER",
    "_opt_showBerserker_desc": "Indicador de Berserker",
    "_opt_showBoost": "MOSTRAR BOOST",
    "_opt_showBoost_desc": "Duração do Inspire (quem recebe)",
    "_opt_showBulletstorm": "MOSTRAR BULLETSTORM",
    "_opt_showBulletstorm_desc": "Duração de Bulletstorm",
    "_opt_showCarryDrop": "MOSTRAR CARRY DROP",
    "_opt_showCarryDrop_desc": "Recarga do tempo de interação com bolsas",
    "_opt_showCharge": "MOSTRAR CARGA",
    "_opt_showCharge_desc": "Indicador de carga melee",
    "_opt_showClock": "Mostrar relógio",
    "_opt_showClock_desc": "Definir o relógio baseado na informação local do jogador",
    "_opt_showClockIngame": "MOSTRAR RELÓGIO DENTRO DO JOGO",
    "_opt_showClockIngame_desc": "Mostrar o relógio em jogo",
    "_opt_showClockOutgame": "MOSTRAR RELÓGIO FORA DO JOGO",
    "_opt_showClockOutgame_desc": "Mostrar relógio fora do jogo",
    "_opt_showCombatMedic": "MOSTRAR MÉDICO DE COMBATE",
    "_opt_showCombatMedic_desc": "Duração de Combat Medic",
    "_opt_showConvertedEnemy": "MOSTRAR INIMIGO CONVERTIDO",
    "_opt_showConvertedEnemy_desc": "Vida do capanga em porcentagem, se alguém tiver um",
    "_opt_showConvertedEnemy_desc2": "Tentar associar a cor deles ao dono.",
    "_opt_showDistance": "MOSTRAR DISTÂNCIA",
    "_opt_showDistance_desc": "ex.) 25m",
    "_opt_showDowns": "MOSTRAR QUEDAS",
    "_opt_showDowns_desc": "Medidor de quedas",
    "_opt_showDrills": "MOSTRAR DRILLS",
    "_opt_showDrills_desc": "Mostrar drills ativas",
    "_opt_showECM": "MOSTRAR ECM",
    "_opt_showECM_desc": "Duração do ECM",
    "_opt_showFeedback": "MOSTRAR FEEDBACK",
    "_opt_showFeedback_desc": "Duração do ECM Feedback",
    "_opt_showFirstAid": "MOSTRAR FIRST AID KIT",
    "_opt_showFirstAid_desc": "Mostrar a duração do buff da skill \"Quick fix Aced\"",
    "_opt_showFPS": "MOSTRAR FPS",
    "_opt_showFPS_desc": "Mostrar FPS",
    "_opt_showHighlighted": "MOSTRAR DESTACADO",
    "_opt_showHighlighted_desc": "Mostrar janela flutuante quando marcada.\nTempo de resposta do pager também depende disso.",
    "_opt_showIcon": "MOSTRAR ÍCONE",
    "_opt_showIcon_desc": "Ícone de Espadas de Infamy",
    "_opt_showInspire": "MOSTRAR INSPIRE",
    "_opt_showInspire_desc": "Recarga do Inspire (quem usa)",
    "_opt_showInspire_desc2": "Bônus de velocidade do Inspire",
    "_opt_showInteract": "MOSTRAR INTERAÇÃO",
    "_opt_showInteract_desc": "Recarga do Grito",
    "_opt_showInteraction": "MOSTRAR INTERAÇÃO",
    "_opt_showInteraction_desc": "Tempo de interação que envolve a utilização da tecla de USAR",
    "_opt_showInteractionTime": "MOSTRAR TEMPO DE INTERAÇÃO",
    "_opt_showInteractionTime_desc": "Quanto tempo falta",
    "_opt_showKill": "MOSTRAR MORTES",
    "_opt_showKill_desc": "Contador de mortes",
    "_opt_showMusicTitle": "MOSTRAR TÍTULO DA MÚSICA",
    "_opt_showMusicTitle_desc": "Mostrar o título da música enquanto ela está sendo selecionada",
    "_opt_showMusicTitlePrefix": "MOSTRAR O PREFIXO DA MÚSICA",
    "_opt_showMusicTitlePrefix_desc": "Prefixo para as músicas",
    "_opt_showOverkill": "MOSTRAR OVERKILL",
    "_opt_showOverkill_desc": "Duração do Overkill",
    "_opt_showPainkiller": "MOSTRAR PAINKILLER",
    "_opt_showPainkiller_desc": "Mostrar a duração do Painkiller recebido",
    "_opt_showPing": "MOSTRAR O PING",
    "_opt_showPing_desc": "Latência em milisegundos",
    "_opt_showPosition": "MOSTRAR POSIÇÃO",
    "_opt_showPosition_desc": "Mostrar a posição do jogador.\n* BETA",
    "_opt_showRank": "MOSTRA RANK",
    "_opt_showRank_desc": "ex.) V-100",
    "_opt_showRankInKickMenu": "MOSTRAR RANK NO MENU DE KICK",
    "_opt_showRankInKickMenu_desc": "Menu dentro do jogo mostrará o nível dos jogadores e seus nomes",
    "_opt_showReload": "MOSTRAR RECARGA",
    "_opt_showReload_desc": "Mostrar indicador de recarga",
    "_opt_showShield": "MOSTRAR ESCUDO",
    "_opt_showShield_desc": "Recarga da recuperação de escudo",
    "_opt_showSpecial": "MOSTRAR ESPECIAL",
    "_opt_showSpecial_desc": "Contador de mortes especiais",
    "_opt_showStamina": "MOSTRAR STAMINA",
    "_opt_showStamina_desc": "Indicador de stamina",
    "_opt_showSuppressed": "MOSTRAR SUPRESSÃO",
    "_opt_showSuppressed_desc": "Supressão que evita a recuperação do escudo e aumenta o desvio das balas.\n(Desvio de balas não está em efeito)",
    "_opt_showSwanSong": "MOSTRAR SWANSONG",
    "_opt_showSwanSong_desc": "Mostrar duração do Swansong ",
    "_opt_showTapeLoop": "MOSTRAR LOOP DE CÂMERA",
    "_opt_showTapeLoop_desc": "Duração do Loop de Câmera",
    "_opt_showTargets": "MOSTRAR ALVOS",
    "_opt_showTargets_desc": "Mostrar inimigos marcados",
    "_opt_showTransition": "MOSTRAR TRANSIÇÃO",
    "_opt_showTransition_desc": "Transições como troca de armas, recarga de melee",
    "_opt_showTriggerHappy": "MOSTRAR TRIGGER HAPPY",
    "_opt_showTriggerHappy_desc": "Mostrar a duração da skill \"Trigger happy\"",
    "_opt_showUnderdog": "MOSTRAR UNDERDOG",
    "_opt_showUnderdog_desc": "Duração de Underdog",
    "_opt_shuffleMusic": "MISTURAR MÚSICAS",
    "_opt_shuffleMusic_desc": "Misturar as músicas do jogo entre as ondas de assalto",
    "_opt_silentKitShortcut": "ATALHO PARA SILENT KIT",
    "_opt_silentKitShortcut_desc": "Ignorar a mensagem de sucesso dos atalhos dos Kits de Perfis",
    "_opt_simpleBusyIndicator": "INDICADOR DE OCUPADO SIMPLES",
    "_opt_simpleBusyIndicator_desc": "Trocar ícones de \"ocupado\" por um círculo vermelho simples na mira\nAssim como: Recarregando, Trocando de armas, melee",
    "_opt_simpleBusySize": "TAMANHO SIMPLES DE OCUPADO",
    "_opt_simpleBusySize_desc": "Definir tamanho do indicador SimpleBusy se o mesmo for utilizado",
    "_opt_size": "TAMANHO",
    "_opt_size_desc": "Tamanho da fonte",
    "_opt_sizeEnd": "FIM DO TAMANHO",
    "_opt_sizeEnd_desc": "Tamanho no final",
    "_opt_sizeStart": "TAMANHO START",
    "_opt_sizeStart_desc": "Tamanho no começo",
    "_opt_sortCrimenet": "ORGANIZAR CRIMENET",
    "_opt_sortCrimenet_desc": "Organizar os contratos da CrimeNET por dificuldade\nNota: requer CrimeNET em grade para funcionar como esperado",
    "_opt_style": "ESTILO",
    "_opt_style_desc": "Estilo do ícone de bônus",
    "_opt_subtitleFontColor": "COR DA FONTE DAS LEGENDAS",
    "_opt_subtitleFontColor_desc": "Cor da fonte das legendas",
    "_opt_subtitleFontSize": "TAMANHO DA FONTE DAS LEGENDAS",
    "_opt_subtitleFontSize_desc": "Tamanho da fonte das legendas",
    "_opt_subtitleOpacity": "OPACIDADE DAS LEGENDAS",
    "_opt_subtitleOpacity_desc": "Opacidade das legendas",
    "_opt_truncateNames": "NOMES COMPACTADOS",
    "_opt_truncateNames_desc": "Compactar nomes de jogadores pelo tamanho, se requisitado.",
    "_opt_truncateTags": "COMPACTAR TAGS",
    "_opt_truncateTags_desc_1": "Compactar tags de jogadores com colchetes.\nex.) [WFO]Queijo -> Queijo",
    "_opt_underneath": "ABAIXO",
    "_opt_underneath_desc": "Colocar a caixa de diálogo bem abaixo na tela",
    "_opt_uppercaseNames": "NOMES EM CAIXA ALTA",
    "_opt_uppercaseNames_desc": "Nome em caixa alta",
    "_opt_xPosition": "POSIÇÃO X",
    "_opt_xPosition_desc": "Ponto de origem X (% da esquerda da tela)",
    "_opt_yPosition": "POSIÇÃO Y",
    "_opt_yPosition_desc": "Ponto de origem Y (% do topo da tela)",
    "_rose_almost": "quase lá",
    "_rose_alright": "certo",
    "_rose_ammo": "preciso de munição",
    "_rose_anysecond": "A QUALQUER momento",
    "_rose_cable": "use os cableties",
    "_rose_cams": "pegue as câmeras",
    "_rose_cantstay": "não posso ficar aqui",
    "_rose_careful": "cuidado",
    "_rose_defended": "continue defendendo",
    "_rose_down": "caído aqui",
    "_rose_downstairs": "andar abaixo",
    "_rose_drill": "i pego a drill",
    "_rose_fewminutes": "alguns minutos a mais",
    "_rose_fuck": "ah porra",
    "_rose_getout": "saia",
    "_rose_halfway": "metade completa",
    "_rose_hurry": "anda logo",
    "_rose_inside": "dentro",
    "_rose_left": "Esquerda",
    "_rose_letsgo": "vamos logo",
    "_rose_medbag": "preciso de medbag",
    "_rose_overrun": "estamos fodidos",
    "_rose_right": "Direita",
    "_rose_shit": "merda",
    "_rose_shoot": "atire neles",
    "_rose_straight": "bem a frente",
    "_rose_thanks": "obrigado",
    "_rose_thisway": "por aqui",
    "_rose_timetogo": "hora de ir",
    "_rose_upstairs": "andar de cima",
    "_rose_whistle": "assovio",
    "_rose_wrong": "caminho errado",
    "_stat_crewKills": "[1]Equipe: [2]",
    "_tab_about": "Sobre",
    "_tab_buff": "Bônus",
    "_tab_chat": "Chat",
    "_tab_corner": "FPS/Relógio",
    "_tab_float": "Texto flutuante",
    "_tab_game": "Mecânica do jogo",
    "_tab_heistStatus": "Status do Assalto",
    "_tab_hit": "Indicador de dano",
    "_tab_Inspect": "Inspecionar jogadores",
    "_tab_juke_anticipation": "ANTECIPAÇÃO",
    "_tab_juke_assault": "ASSALTO",
    "_tab_juke_control": "CONTROLE",
    "_tab_juke_heist": "Música do assalto",
    "_tab_juke_menu": "Músicas do menu",
    "_tab_juke_shuffle_tip": "*Você pode usar o Auto shuffler via [Opções]-[PocoHud3]-[Shuffle Music]",
    "_tab_juke_stealth": "STEALTH",
    "_tab_juke_stop": "PARE",
    "_tab_jukebox": "Jukebox",
    "_tab_karma": "Karma List",
    "_tab_kitProfiler": "Kit de Perfis",
    "_tab_options": "Opções",
    "_tab_playerBottom": "Barra Inferior",
    "_tab_playerFloat": "Nome dos Jogadores",
    "_tab_popup": "PopUp",
    "_tab_root": "PocoHud3",
    "_tab_stat_day": "(DIA)",
    "_tab_stat_night": "(NOITE)",
    "_tab_stat_perday": "Por Dia",
    "_tab_stat_perheist": "Por Assalto",
    "_tab_statistics": "Estatísticas",
    "_tab_tools": "Ferramentas",
    "_tab_upgradeSkills": "Melhoras de Skills",
    "_upgr_crewBonusFrom": "Bônus de equipe por [1]",
    "_vanity_align": "nenhum,Começo,Meio,Fim",
    "_vanity_auto": "Auto",
    "_vanity_cantedsight": "N/A, Desligado, Sutil, Óbvio, Máximo",
    "_vanity_chatsend": "Ninguém, Apenas Eu, Todos-Host, Todos-DI, Todos-Sozinho, Todos-Sempre",
    "_vanity_corpse": "N/A, Mínimo, Pouco, Padrão, Muito, Demais, Exagerado, Massivo, Pra Caralho, Ridículo, Pra Caralho a beça com raio laser",
    "_vanity_desyncresolve": "N/A, Desligado, Rápido, Agressivo",
    "_vanity_midstat": "Nunca,50,100",
    "_vanity_resizeCrimenet": "60%,70%,80%,90%,100%",
    "_vanity_style": "N/A,PocoHud,Vanilla,Glow",
    "_vanity_truncatenames": "N/A, Desativado,3,6,9,12,15,18,21",
    "_vanity_verbose": "Nunca, Apenas Modo Detalhado, Sempre",
    "_word_a": "um(a)",
    "_word_ago": "atrás",
    "_word_an": "um(a)",
    "_word_broker": "Negociante",
    "_word_completed": "Completo",
    "_word_day": "Dia",
    "_word_days": "dias",
    "_word_heat": "Heat",
    "_word_heist": "Assalto",
    "_word_hr": "hr",
    "_word_hrs": "hrs",
    "_word_job": "Trabalho",
    "_word_level": "Nível",
    "_word_na": "N/D",
    "_word_no": "Não",
    "_word_not_completed": "Incompleto",
    "_word_save": "SALVAR",
    "_word_started": "Começou",
    "_word_sync": "Sync",
    "_word_synced": "Sincronizado",
    "_word_time": "Tempo",
    "_word_uid": "UID",
    "_word_unknown": "Desconhecido",
    "_word_yes": "Sim"
}