{
    "_about_colors": "Инф. по цветовым кодам",
    "_about_colors_hint": "Справочная информация со страницы MSDN \nо всевозможных цветовых кодах в PocoHud3",
    "_about_contributors": "Авторы",
    "_about_group_btn": "Обсудить/оставить комментарий в Steam группе PocoMods!",
    "_about_hold_shift": "Зажмите Shift чтобы открыть страницу в своём браузере.",
    "_about_loading_rss": "Загрузка канала RSS...",
    "_about_recent_updates": "Недавние публикации",
    "_about_trans_language": "Русский",
    "_about_trans_names": "BauxiticMule9, collboy, Hellsing, troskahtoh, Robertix",
    "_about_trans_presented": "Русский перевод сделан:",
    "_about_trans_special_thanks": "Особая благодарность:",
    "_about_trans_volunteers": " Переводчики-добровольцы",
    "_btn_apply_and_reload": "ПРИМЕНИТЬ И ПЕРЕЗАГРУЗИТЬ",
    "_btn_discard": "ОТМЕНИТЬ ИЗМЕНЕНИЯ",
    "_btn_reset": "СБРОСИТЬ",
    "_btn_reset_category": "Сбросить эту категорию",
    "_buff_bulletStormShort": "СД",
    "_buff_combatMedicDamageShort": "Урон+",
    "_buff_exhausted": "Устал",
    "_buff_first_aid_damage_reduction_upgrade": "-Урон",
    "_buff_lifeLeechShort": "ПЖ",
    "_buff_overkillShort": "Урон+",
    "_buff_painkillerShort": "ОБЗБ",
    "_buff_swanSongShort": "ЛП",
    "_buff_underdogShort": "Урон+",
    "_desc_apply_and_reload": "Некоторые настройки будут применены только при следующем запуске.",
    "_desc_discard": "Отменить изменения и вернуться к предыдущим настройкам.",
    "_desc_heist_count_completed": "Вышел:",
    "_desc_heist_count_started_1": "С начала:",
    "_desc_heist_count_started_2": "Присоединился:",
    "_desc_heist_day": "день [1]",
    "_desc_heist_dayalt": "день [1] альт.д. [2]",
    "_desc_heist_may_not_match": "* Значения могут не совпадать между Делами и Днями",
    "_desc_heist_time_average": "Среднее время:",
    "_desc_heist_time_hm": "[1]ч [2]м",
    "_desc_heist_time_m": "[1]м",
    "_desc_heist_time_ms": "[1]м [2]с",
    "_desc_heist_unlisted": "-- Не учитываемые  --",
    "_desc_no_upgrades_acquired": "Улучшения не приобретены",
    "_desc_not_in_effect": "Не задействовано",
    "_desc_reset": "Вернуть настройки по умолчанию.",
    "_desc_reset_ask": "Продолжить?",
    "_desc_reset_category": "Сбросить категорию",
    "_insp_achievements": "Достижения",
    "_insp_basic": "Общее",
    "_insp_fetch_achievements_btn": "Запросить статистику достижений",
    "_insp_fetch_pd2_btn": "Запросить статистику с сайта PD2Stats.com",
    "_insp_fetch_recent": "Запросить статистику последних игр",
    "_insp_game": "Игра [1]",
    "_insp_key": "Заголовок",
    "_insp_pd2_failed": "Не удалось подключится к PD2Stats.com",
    "_insp_pd2_legit": "Все в порядке",
    "_insp_pd2_success": "Информация с сайта PD2Stats.com была получена",
    "_insp_pd2_susp": "Подозрительный",
    "_insp_pd2_verdict": "Вердикт PD2Stats.com",
    "_insp_player": "Игрок [1] : [2]",
    "_insp_profile_denied": "Отклонено: Скрытый профиль?",
    "_insp_profile_success": "Получена статистика [1] игр с Steam-профиля игрока",
    "_insp_total_lately": "Всего: [1]ч, Недавно: [2]ч",
    "_insp_value": "Содержание",
    "_kit_categories": " НАБОР,ОСНОВНОЕ,ВТОРИЧНОЕ,БРОНЯ,СНАРЯЖЕНИЕ,БЛИЖНИЙ БОЙ",
    "_kit_color_edit_hint": "Установить цвет этого набора",
    "_kit_dblclick_to_equip": "* Дважды кликните чтобы использовать этот набор",
    "_kit_desc": "* Редактор Наборов напрямую зависит от вашего инвентаря. Любые его изменения (улучшения, продажа) отразятся и здесь.",
    "_kit_equip_btn_hint1": "Кликните чтобы",
    "_kit_equip_btn_hint2": "скопировать",
    "_kit_equip_btn_hint3": "Дважды кликните чтобы ",
    "_kit_equip_btn_hint4": "Удалить",
    "_kit_equip_btn_hint5": "этот набор",
    "_kit_key_combination": "CTRL + ALT + [1]",
    "_kit_key_edit_hint1": "Если задано, нажмите",
    "_kit_key_edit_hint2": "Ctrl + ALT + ЭТУ",
    "_kit_key_edit_hint3": "кнопку вне игры чтобы экипировать этот набор",
    "_kit_key_edit_hint4": "Пользовательская комбинация клавиш не доступна.\nСовпадающие комбинации могут привести к непредвиденным последствиям.\n(Только один Набор может быть экиперирован) ",
    "_kit_key_edit_hint5": "Backspace чтобы Удалить заданную кнопку",
    "_kit_keybind": "Макрос",
    "_kit_leave_as_is": "ОСТАВИТЬ КАК ЕСТЬ",
    "_kit_na_in_game": "Не доступно в игре",
    "_kit_name_edit_hint": "Задать отображаемое имя Набора",
    "_kit_not_available": "Нет доступных Наборов",
    "_kit_profiler_desc1": "Профили",
    "_kit_profiler_desc2": "Дважды кликните чтобы экипировать выбранный набор",
    "_kit_profiler_disabled_ingame": "Нельзя сделать во время игры.",
    "_kit_save_desc1": "Текущий Набор",
    "_kit_save_desc2": "Сохранить в Редакторе. Не отмеченные предметы будут удалены.",
    "_kit_save_hint1": "Добавить",
    "_kit_save_hint2": "перезаписать",
    "_kit_save_hint3": "в зависимости от названия Набора",
    "_kit_saved_kits_title1": "Сохраненные Наборы",
    "_kit_saved_kits_title2": "Редактировать или удалить Наборы",
    "_kit_tab_edit_kit": "РЕДАКТИРОВАТЬ НАБОР",
    "_kit_tab_use_kit": "ИСПОЛЬЗОВАТЬ НАБОР",
    "_line_youAndCrewsPerks": "Перки, действующие на всю команду",
    "_line_yourPerks": "Ваши перки",
    "_opt_24HourClock": "ЧАСЫ",
    "_opt_24HourClock_desc": "Использовать 24-часовой стандарт часов вместо 12-часового в нижнем углу интерфейса",
    "_opt_AiDamage": "УРОН ИИ",
    "_opt_AiDamage_desc": "Показывать урон ИИ",
    "_opt_buff": "Усиление",
    "_opt_buff_desc": "Показывает положительные эффекты",
    "_opt_buffSize": "РАЗМЕР ИНДИКАТОРА",
    "_opt_buffSize_desc": "Размер иконки (не учитывается при использовании Стандартного стиля)",
    "_opt_cantedSightCrook": "НАКЛОН УГЛОВОГО ПРИЦЕЛА",
    "_opt_cantedSightCrook_desc": "Индикатор углового прицела (как гаджета)",
    "_opt_chat_desc_1": "Если событие удовлетворяет условию, описанному ниже, PocoHud сообщит об этом в чате. Возможные получатели:",
    "_opt_chat_desc_2": "* Никто",
    "_opt_chat_desc_3": "* Только я",
    "_opt_chat_desc_4": "* Всем-Хост: Все, если я хост",
    "_opt_chat_desc_5": "* Всем-Всё Дело: Все, если я присутствовал с начала Дела",
    "_opt_chat_desc_6": "* Всем без PH: Все, если я один использую PocoHud",
    "_opt_chat_desc_7": "* Всем-Всегда: Все, независимо с PocoHud или нет",
    "_opt_color": "ЦВЕТ",
    "_opt_color_desc": "Цвет шрифта",
    "_opt_colorizeCrimenet": "ИЗМЕНИТЬ ЦВЕТ CRIME.NET",
    "_opt_colorizeCrimenet_desc": "Использовать цвета для обозначения сложности и снизить яркость бонуса Риска",
    "_opt_colorNegative": "НЕГАТИВНЫЙ ЦВЕТ",
    "_opt_colorNegative_desc": "Используется при обозначении негативных эффектов\n(Игнорируется в \"стандартном\" стиле, применяется после перезагрузки PH)",
    "_opt_colorPositive": "ПОЛОЖИТЕЛЬНЫЙ ЦВЕТ",
    "_opt_colorPositive_desc": "Используется при обозначении усилений\n(Игнорируется в \"стандартном\" стиле, применяется после перезагрузки PH)",
    "_opt_converted": "ОБРАЩЕН",
    "_opt_converted_desc": "Кто-то перевел полицейского на вашу сторону",
    "_opt_corner": "Угол",
    "_opt_corner_desc": "Текст, используемый для обозначения FPS / Системного времени",
    "_opt_corpseLimit": "КОЛИЧЕСТВО ТРУПОВ",
    "_opt_corpseLimit_desc": "Количество трупов\nПо-умолчанию - 8\nКаждый параметр умножает/делит на 2",
    "_opt_corpseRagdollTimeout": "ОТКЛЮЧЕНИЕ ФИЗИКИ ТЕЛ",
    "_opt_corpseRagdollTimeout_desc": "\"Замораживает\" физику тел\nПо-умолчанию - через 3 секунды. Каждый параметр добавляет/отнимает 1 секунду",
    "_opt_crewDamage": "УРОН КОМАНДЫ",
    "_opt_crewDamage_desc": "Показывать урон других игроков",
    "_opt_custody": "В ТЮРЬМЕ",
    "_opt_custody_desc": "Кто-то попал в тюрьму",
    "_opt_damageDecay": "ИНДИКАТОР УРОНА",
    "_opt_damageDecay_desc": "Время исчезновения индикатора урона",
    "_opt_defaultFont": "СТАНДАРТНЫЙ ШРИФТ",
    "_opt_defaultFont_desc": "Использовать стандартный шрифт",
    "_opt_detailedModeKey": "КНОПКА ДЛЯ ПОДРОБНОГО РЕЖИМА",
    "_opt_detailedModeKey_desc": "Кнопка для подробного режима.\nПо-умолчанию - ` (тильда)",
    "_opt_detailedModeToggle": "ПОДРОБНЫЙ РЕЖИМ",
    "_opt_detailedModeToggle_desc": "Сделать кнопку 'переключателем' данного режима.",
    "_opt_detailedOnly": "ТОЛЬКО В ПОДРОБНОМ РЕЖИМЕ",
    "_opt_detailedOnly_desc": "Убрать текст в углу, когда 'Подробный режим' не активирован",
    "_opt_dominated": "ВЗЯТ В ЗАЛОЖНИКИ",
    "_opt_dominated_desc": "Показывать когда ИИ одел на себя наручники",
    "_opt_downed": "УПАЛ",
    "_opt_downed_desc": "Кто-то упал",
    "_opt_downedWarning": "НЕСКОЛЬКО ПАДЕНИЙ",
    "_opt_downedWarning_desc": "Кто-то упал более 2-х раз",
    "_opt_drillAlmostDone": "ДРЕЛЬ ПОЧТИ ЗАКОНЧИЛА",
    "_opt_drillAlmostDone_desc": "До конца сверления осталось 10 секунд\n* Необходимо включить Плавающий текст - Показывать Дрели ",
    "_opt_drillDone": "ДРЕЛЬ ЗАКОНЧИЛА",
    "_opt_drillDone_desc": "Сверление закончено.\n* Необходимо включить Плавающий текст - Показывать Дрели",
    "_opt_duration": "ПРОДОЛЖИТЕЛЬНОСТЬ",
    "_opt_duration_desc": "Секунды. 0 - автоматически (основываясь на время восстановления брони)",
    "_opt_enable": "ВКЛЮЧИТЬ",
    "_opt_enable_desc": "Включить эту функцию",
    "_opt_endStat": "СТАТИСТИКА В КОНЦЕ",
    "_opt_endStat_desc": "Статистика после завершении игры",
    "_opt_endStatCredit": "РЕКЛАМА В СТАТИСТИКЕ",
    "_opt_endStatCredit_desc": "Прорекламировать группу PocoMods после статистики :)",
    "_opt_fallbackToMe": "ТОЛЬКО ДЛЯ МЕНЯ",
    "_opt_fallbackToMe_desc": "Если условие не выполнено, но должно быть отправлено всем игрокам, показать результат только мне.",
    "_opt_fasterAIDesyncResolve": "УСКОРИТЬ СИНХРОНИЗАЦИЮ ИИ",
    "_opt_fasterAIDesyncResolve_desc": "Игровая \"оболочка\" ИИ, при рассинхронизации, будет синхронизирована быстрее и будет точнее отображать ее позицию.",
    "_opt_fasterDesyncResolve": "УСКОРИТЬ СИНХРОНИЗАЦИЮ",
    "_opt_fasterDesyncResolve_desc": "Игровая \"оболочка\" игрока, при рассинхронизации, будет синхронизирована быстрее и будет точнее отображать позицию игрока.",
    "_opt_float_desc": "Плавающий текст в 3D-пространстве",
    "_opt_frame": "РАМКА",
    "_opt_frame_desc": "Альтернативная рамка для текста",
    "_opt_gainIndicator": "ИНДИКАТОР УСЛИЕНИЯ",
    "_opt_gainIndicator_desc": "Отображать полученное количество здоровья и брони из различных источников.",
    "_opt_game_desc": "Общие улучшения игры",
    "_opt_gap": "РАССТОЯНИЕ",
    "_opt_gap_desc": "Расстояние между иконками",
    "_opt_gridCrimenet": "УПОРЯДОЧИТЬ CRIME.NET",
    "_opt_gridCrimenet_desc": "Упорядочить контракты CRIME.NET по сетке",
    "_opt_handsUp": "СДАЛСЯ",
    "_opt_handsUp_desc": "Показать когда ИИ готов сдаться",
    "_opt_healthColor": "ЦВЕТ ЗДОРОВЬЯ",
    "_opt_healthColor_desc": "Цвет здоровья, полное",
    "_opt_healthColorDepleted": "ЦВЕТ ПОТРАЧЕННОГО ЗДОРОВ.",
    "_opt_healthColorDepleted_desc": "Цвет здоровья, на нуле.",
    "_opt_hideInteractionCircle": "СКРЫТЬ КРУГ ВЗАИМОДЕЙСТВИЯ",
    "_opt_hideInteractionCircle_desc": "Скрыть стандартный круг взаимодействия",
    "_opt_hit_desc": "Индикатор, показывающий с какой стороны вас атаковали.",
    "_opt_hostageChanged": "КОЛ-ВО ЗАЛОЖНИКОВ",
    "_opt_hostageChanged_desc": "Количество заложников изменилось\n* Еще не реализовано",
    "_opt_includeLocation": "ВКЛЮЧИТЬ МЕСТОНАХОЖДЕНИЕ",
    "_opt_includeLocation_desc": "Если доступна информация о местонахождении, добавить ее в сообщение в чате.",
    "_opt_ingameJoinRemaining": "ОСТАЛОСЬ ДО ПРИСОЕДИНЕНИЯ",
    "_opt_ingameJoinRemaining_desc": "В окне \"ИГРОК ПРИСОЕДИНЯЕТСЯ\" будет указано оставшееся время",
    "_opt_interactionClickStick": "УДЕРЖИВАНИЕ ВЗАИМОДЕЙСТВИЯ",
    "_opt_interactionClickStick_desc": "Прицеливание во время взаимодействия выполнит действие до конца, без удерживания кнопки. Прицельтесь еще раз чтобы отменить.",
    "_opt_justify": "ДОБАВЛЕНИЕ ИКОНОК",
    "_opt_justify_desc": "С какой стороны будут добавляться иконки (по вертикали для \"Стандартного\" стиля)",
    "_opt_keepOnScreen": "ОСТАВИТЬ НА ЭКРАНЕ",
    "_opt_keepOnScreen_desc": "Оставить плавающие поля (текст) на экране.",
    "_opt_keepOnScreenMarginX": "ОТСТУП X",
    "_opt_keepOnScreenMarginX_desc": "Изменение отступа слева и справа от экрана",
    "_opt_keepOnScreenMarginY": "ОТСТУП Y",
    "_opt_keepOnScreenMarginY_desc": "Изменение отступа сверху и снизу на экране",
    "_opt_language": "ЯЗЫК",
    "_opt_language_desc": "Язык PocoHud3\nсчитывается из  /poco/hud3_locale{язык}.json",
    "_opt_margin": "РАЗМЕР",
    "_opt_margin_desc": "Размер внутренней части окна",
    "_opt_maxFPS": "МАКСИМАЛЬНОЕ КОЛ-ВО FPS",
    "_opt_maxFPS_desc": "Ограничить FPS для уменьшения потери производительности",
    "_opt_messiah": "МЕССИЯ С ПИСТОЛЕТОМ",
    "_opt_messiah_desc": "Вы использовали заряд \"Мессия с пистолетом\"",
    "_opt_midStat": "ОБЪЯВЛЕНИЕ СТАТИСТИКИ",
    "_opt_midStat_desc": "Статистика во время игры (ограничено переменной ServerSend)",
    "_opt_midstatAnnounce": "ОБЪЯВЛЕНИЕ СТАТИСТИКИ",
    "_opt_midstatAnnounce_desc": "Объявлять о каждом X убийстве.",
    "_opt_minionLost": "СООБЩНИК УБИТ",
    "_opt_minionLost_desc": "Кто-то потерял сообщника. ",
    "_opt_minionShot": "СООБЩНИК АТАКОВАН",
    "_opt_minionShot_desc": "Кто-то атаковал сообщника.",
    "_opt_mirrorDirection": "ЗЕРКАЛЬНОЕ ОТОБРАЖЕНИЕ",
    "_opt_mirrorDirection_desc": "Отображать заполнение индикатора усиления по часовой стрелке",
    "_opt_myDamage": "МОЙ УРОН",
    "_opt_myDamage_desc": "Показывать урон игрока",
    "_opt_noSprintDelay": "БЕЗ ЗАДЕРЖКИ СПРИНТА",
    "_opt_noSprintDelay_desc": "Игнорировать задержку после спринта",
    "_opt_number": "ЦЕЛОЕ ЗНАЧЕНИЕ",
    "_opt_number_desc": "Показать округленное значение которое вы потеряли",
    "_opt_numberDefaultFont": "СТАНДАРТНЫЙ ШРИФТ ЦИФР",
    "_opt_numberDefaultFont_desc": "Цифры используют стандартный шрифт",
    "_opt_numberSize": "РАЗМЕР ЦИФР",
    "_opt_numberSize_desc": "Размер цифр",
    "_opt_offset": "СМЕЩЕНИЕ",
    "_opt_offset_desc": "Вертикальное положение, только если вам ОЧЕНЬ хочется изменить его.",
    "_opt_opacity": "ПРОЗРАЧНОСТЬ",
    "_opt_opacity_desc": "Прозрачность шрифта",
    "_opt_playerBottom_desc": "Полезная информация внизу интерфейса",
    "_opt_playerFloat_desc": "Информация над головами игроков",
    "_opt_pocoRoseHalt": "ОСТАНОВКА ВО ВРЕМЯ ИСПОЛЬЗОВАНИЯ POCOROSE",
    "_opt_pocoRoseHalt_desc": "При открытом PocoRose, вы не сможете двигаться",
    "_opt_pocoRoseKey": "КЛАВИША ДЛЯ POCOROSE",
    "_opt_pocoRoseKey_desc": "Клавиша для PocoRose.\nПо умолчанию: B",
    "_opt_popup_desc": "Показывает урон в 3D-пространстве",
    "_opt_rememberGadgetState": "ЗАПОМНИТЬ СОСТОЯНИЕ ГАДЖЕТА",
    "_opt_rememberGadgetState_desc": "Запоминает состояния гаджета (лазерного прицела, фонарика, углового прицела) при смене оружия",
    "_opt_replenished": "ПОПОЛНЕНИЕ",
    "_opt_replenished_desc": "Кто-то восстановил здоровье (обычно аптечкой)",
    "_opt_resizeCrimenet": "УМЕНЬШИТЬ CRIME.NET НА",
    "_opt_resizeCrimenet_desc": "Изменить размер шрифта в CRIME.NET",
    "_opt_romanInfamy": "РИМСКИЕ УРОВНИ",
    "_opt_romanInfamy_desc": "Отображать уровни 'Дурной Репутации' // 'Infamy' в виде Римских цифр",
    "_opt_root": "Корень",
    "_opt_root_desc": "Основные настройки PocoHud3",
    "_opt_shieldColor": "ЦВЕТ БРОНИ",
    "_opt_shieldColor_desc": "Цвет брони, полная",
    "_opt_shieldColorDepleted": "ЦВЕТ ПОТЕРЯННОЙ БРОНИ",
    "_opt_shieldColorDepleted_desc": "Цвет брони, на нуле.",
    "_opt_showArrow": "ПОКАЗЫВАТЬ СТРЕЛКУ",
    "_opt_showArrow_desc": "Стрелка, указывающая на позицию игрока.",
    "_opt_showAverageDamage": "ПОКАЗЫВАТЬ СР. УРОН",
    "_opt_showAverageDamage_desc": "Средний урон за пулю",
    "_opt_showBags": "ПОКАЗЫВАТЬ СУМКИ",
    "_opt_showBags_desc": "Показать сумки.\n* необходимо включить \"Показывать цели\"",
    "_opt_showBerserker": "ПОКАЗЫВАТЬ \"БЕРСЕРКЕР\"",
    "_opt_showBerserker_desc": "Индикатор умения 'Берсеркер' // 'Berserker'",
    "_opt_showBoost": "ПОКАЗЫВАТЬ УСКОРЕНИЕ",
    "_opt_showBoost_desc": "Длительность умения 'Вдохновление' // 'Inspire' (при использовании на вас)",
    "_opt_showBulletstorm": "ПОКАЗЫВАТЬ \"СВИНЦОВЫЙ ЛИВЕНЬ\"",
    "_opt_showBulletstorm_desc": "Длительность умения 'Свинцовый ливень' // 'Bullet Storm'",
    "_opt_showCarryDrop": "ПОКАЗЫВАТЬ \"ТРАСПОРТИРОВКУ\"",
    "_opt_showCarryDrop_desc": "Время до следующего возможного взаимодействия с сумкой",
    "_opt_showCharge": "ПОКАЗАТЬ РАЗМАХ",
    "_opt_showCharge_desc": "Индикатор замаха рукопашным оружием",
    "_opt_showClock": "ПОКАЗАТЬ ЧАСЫ",
    "_opt_showClock_desc": "Добавить часы на информационную панель игрока",
    "_opt_showClockIngame": "ПОКАЗЫВАТЬ ЧАСЫ В ИГРЕ",
    "_opt_showClockIngame_desc": "Показывать время в игре",
    "_opt_showClockOutgame": "ПОКАЗЫВАТЬ ЧАСЫ ВНЕ ИГРЫ",
    "_opt_showClockOutgame_desc": "Показывать время в меню",
    "_opt_showCloseCombat": "ПОКАЗЫВАТЬ \"ТЕХНИКУ БЛИЖНЕГО БОЯ\"",
    "_opt_showCloseCombat_desc": "Показывать 'Технику ближнего боя' // 'Close Combat'",
    "_opt_showCombatMedic": "ПОКАЗЫВАТЬ \"БОЕВОЙ МЕДИК\"",
    "_opt_showCombatMedic_desc": "Длительность умения 'Боевой медик' // 'Combat medic'",
    "_opt_showConvertedEnemy": "ЗДОРОВЬЕ ОБРАЩ. ПР.",
    "_opt_showConvertedEnemy_desc": "Показывать здоровье сообщника в процентах, если таковые имеются",
    "_opt_showConvertedEnemy_desc2": "Использовать цвет игрока на его сообщнике.",
    "_opt_showDistance": "ПОКАЗЫВАТЬ ДИСТАНЦИЮ",
    "_opt_showDistance_desc": "например) 25м",
    "_opt_showDowns": "ПОКАЗЫВАТЬ ПАДЕНИЯ",
    "_opt_showDowns_desc": "Счётчик падений",
    "_opt_showDrills": "ПОКАЗЫВАТЬ ДРЕЛИ",
    "_opt_showDrills_desc": "Показать активные дрели",
    "_opt_showECM": "ПОКАЗЫВАТЬ ECM",
    "_opt_showECM_desc": "Длительность 'Генератора помех' // 'ECM'",
    "_opt_showFeedback": "ПОКАЗЫВАТЬ \"ПОМЕХИ ЕСМ\"",
    "_opt_showFeedback_desc": "Длительность умения 'Помехи ECM' // ' ECM Feedback'",
    "_opt_showFirstAid": "ПОКАЗЫВАТЬ \"АПТЕЧКИ ПЕРВОЙ ПОМОЩИ\"",
    "_opt_showFirstAid_desc": "Показывать длительность положительного эффекта 'Скорая помощь' // 'Quick fix'",
    "_opt_showFPS": "ПОКАЗЫВАТЬ FPS",
    "_opt_showFPS_desc": "Показывать FPS",
    "_opt_showHighlighted": "ПОКАЗЫВАТЬ ПОДСВЕЧИВАНИЕ",
    "_opt_showHighlighted_desc": "Показывать информацию при подсвечивании.\nТакже показывает таймер ответа на пейджер.",
    "_opt_showHostages": "ОТОБРАЖАТЬ ЗАЛОЖНИКОВ",
    "_opt_showHostages_desc": "Показать количество связанных заложников",
    "_opt_showIcon": "ПОКАЗЫВАТЬ ЗНАЧОК",
    "_opt_showIcon_desc": "Показывать значок 'Дурной репутации' // 'Infamy'",
    "_opt_showInspire": "ПОКАЗЫВАТЬ \"ВДОХНОВЛЕНИЕ\"",
    "_opt_showInspire_desc": "Перезарядка умения 'Вдохновление' // 'Inspire' (при использовании)",
    "_opt_showInspire_desc2": "Показывать эффект ускорения \"Вдохновления\"",
    "_opt_showInteract": "ПОКАЗЫВАТЬ ВЗАИМОДЕЙСТВИЕ",
    "_opt_showInteract_desc": "Перезарядка крика",
    "_opt_showInteraction": "ПОКАЗЫВАТЬ ДЕЙСТВИЕ",
    "_opt_showInteraction_desc": "Таймер взаимодействия при нажатии кнопки \"использовать\"",
    "_opt_showInteractionTime": "ПОКАЗЫВАТЬ ВРЕМЯ ВЗАИМ.",
    "_opt_showInteractionTime_desc": "Сколько осталось времени",
    "_opt_showKill": "ПОКАЗЫВАТЬ УБИЙСТВА",
    "_opt_showKill_desc": "Счётчик убийств",
    "_opt_showLifeLeech": "ПОКАЗЫВАТЬ ПОХИЩЕНИЕ ЖИЗНИ",
    "_opt_showLifeLeech_desc": "Показывать перезарядку 'Похищение жизни' // 'Life Drain'",
    "_opt_showMusicTitle": "ПОКАЗЫВАТЬ НАЗВАНИЕ КОМПОЗИЦИИ",
    "_opt_showMusicTitle_desc": "Показать название музыки когда она начинается",
    "_opt_showMusicTitlePrefix": "ПОКАЗЫВАТЬ ЗАГОЛОВОК",
    "_opt_showMusicTitlePrefix_desc": "Префикс для музыкальных композиций",
    "_opt_showOverkill": "ПОКАЗЫВАТЬ \"OVERKILL\"",
    "_opt_showOverkill_desc": "Длительность умения \"Overkill\"",
    "_opt_showPainkiller": "ПОКАЗАТЬ ОБЕЗБОЛИВАЮЩЕЕ",
    "_opt_showPainkiller_desc": "Показать длительность умения 'Обезболивающее' // 'Painkiller'",
    "_opt_showPing": "ОТОБРАЖАТЬ ПИНГ",
    "_opt_showPing_desc": "Задержка в миллисекундах ",
    "_opt_showPosition": "ПОКАЗЫВАТЬ ПОЗИЦИЮ",
    "_opt_showPosition_desc": "Показать позицию игрока.\n* Бета-функция",
    "_opt_showRank": "ОТОБРАЖАТЬ УРОВЕНЬ",
    "_opt_showRank_desc": "например) V-100",
    "_opt_showRankInKickMenu": "ПОКАЗЫВАТЬ УРОВЕНЬ",
    "_opt_showRankInKickMenu_desc": "Отображать уровень игрока в меню \"Выгнать игрока\"",
    "_opt_showReload": "ОТОБРАЖАТЬ ПЕРЕЗАРЯДКУ",
    "_opt_showReload_desc": "Отображать индикатор перезарядки",
    "_opt_showShield": "ПОКАЗЫВАТЬ БРОНЮ",
    "_opt_showShield_desc": "Время восстановления брони",
    "_opt_showSpecial": "ПОКАЗЫВАТЬ ОСОБЫХ ВРАГОВ",
    "_opt_showSpecial_desc": "Счетчик убийств особых врагов",
    "_opt_showStamina": "ПОКАЗЫВАТЬ ЗАПАС СИЛ",
    "_opt_showStamina_desc": "Индикатор запаса сил",
    "_opt_showSuppressed": "ПОКАЗЫВАТЬ ПОДАВЛЕНИЕ",
    "_opt_showSuppressed_desc": "Подавление, которое предотвращает восстановление брони и увеличивает разброс пуль.\n(Разброс пуль не воплощен в игре)",
    "_opt_showSwanSong": "ПОКАЗЫВАТЬ \"ЛЕБЕДИНАЯ ПЕСНЯ\"",
    "_opt_showSwanSong_desc": "Показывать длительность умения 'Лебединая песня' // 'Swansong'",
    "_opt_showTapeLoop": "ПОКАЗЫВАТЬ \"ЗАЦИКЛИВАНИЕ\"",
    "_opt_showTapeLoop_desc": "Длительность умения 'Зацикливание' // 'Tapeloop'",
    "_opt_showTargets": "ПОКАЗЫВАТЬ ЦЕЛИ",
    "_opt_showTargets_desc": "Показывать подсвеченных врагов",
    "_opt_showTransition": "ПОКАЗЫВАТЬ ПЕРЕХОД",
    "_opt_showTransition_desc": "Переходы, такие как смена оружия и замах рукопашным оружием",
    "_opt_showTriggerHappy": "ПОКАЗЫВАТЬ \"НЕУДЕРЖИМЫЙ СТРЕЛОК\"",
    "_opt_showTriggerHappy_desc": "Показывать длительность умения 'Неудержимый стрелок' // 'Trigger happy'",
    "_opt_showUnderdog": "ПОКАЗЫВАТЬ \"ЗАГНАННЫЙ ЗВЕРЬ\"",
    "_opt_showUnderdog_desc": "Длительность умения 'Загнанный зверь' // 'Underdog'",
    "_opt_shuffleMusic": "ПЕРЕМЕШИВАТЬ МУЗЫКУ",
    "_opt_shuffleMusic_desc": "Перемешать музыку перед каждой новой волной штурма",
    "_opt_silentKitShortcut": "НЕ ПОКАЗЫВАТЬ СМЕНУ НАБОРА",
    "_opt_silentKitShortcut_desc": "Игнорировать сообщения об удачной смене набора",
    "_opt_simpleBusyIndicator": "УПРОЩЕННАЯ ИКОНКА \"ЗАНЯТ\"",
    "_opt_simpleBusyIndicator_desc": "Заменить иконки занятости простым красным кругом на прицеле.\nНапример: при перезарядке, смене оружия, рукопашном бою.",
    "_opt_simpleBusySize": "РАЗМЕР \"ЗАНЯТ\"",
    "_opt_simpleBusySize_desc": "Задать размер упрощенной иконки занятости, если таковая используется.",
    "_opt_size": "РАЗМЕР",
    "_opt_size_desc": "Размер шрифта",
    "_opt_sizeEnd": "РАЗМЕР В КОНЦЕ",
    "_opt_sizeEnd_desc": "Размер в конце",
    "_opt_sizeStart": "РАЗМЕР В НАЧАЛЕ",
    "_opt_sizeStart_desc": "Размер в начале",
    "_opt_sortCrimenet": "СОРТИРОВАТЬ КОНТРАКТЫ CRIME.NET",
    "_opt_sortCrimenet_desc": "Сортировка контрактов по сложности\nЗамечание: работает только в сети",
    "_opt_style": "СТИЛЬ ИКОНОК",
    "_opt_style_desc": "Стиль иконок",
    "_opt_subtitleFontColor": "ЦВЕТ ШРИФТА СУБТИТРОВ",
    "_opt_subtitleFontColor_desc": "Цвет шрифта субтитров",
    "_opt_subtitleFontSize": "РАЗМЕР СУБТИТРОВ",
    "_opt_subtitleFontSize_desc": "Размер шрифта субтитров",
    "_opt_subtitleOpacity": "ПРОЗРАЧНОСТЬ СУБТИТРОВ",
    "_opt_subtitleOpacity_desc": "Прозрачность субтитров",
    "_opt_truncateNames": "СОКРАТИТЬ НИКНЕЙМЫ",
    "_opt_truncateNames_desc": "Если потребуется, обрезать никнеймы игроков",
    "_opt_truncateTags": "ОБРЕЗАТЬ ТЕГИ",
    "_opt_truncateTags_desc_1": "Обрезать теги игроков с квадратными скобками.\nнапример)",
    "_opt_underneath": "ВНИЗУ ЭКРАНА",
    "_opt_underneath_desc": "Поместить информацию игрока на самый низ экрана",
    "_opt_uppercaseNames": "НИКИ ЗАГЛАВНЫМИ БУКВАМИ",
    "_opt_uppercaseNames_desc": "Отображать никнеймы заглавными буквами",
    "_opt_xPosition": "X ПОЗИЦИЯ",
    "_opt_xPosition_desc": "Точка отсчета X (в % начиная слева от экрана)",
    "_opt_yPosition": "Y ПОЗИЦИЯ",
    "_opt_yPosition_desc": "Точка отсчета Y (в % начиная сверху экрана)",
    "_rose_almost": "Почти пришли",
    "_rose_alright": "Хорошо",
    "_rose_ammo": "Нужны патроны",
    "_rose_anysecond": "В ЛЮБУЮ секунду",
    "_rose_cable": "Используйте \nстяжки ",
    "_rose_cams": "Уберите камеры",
    "_rose_cantstay": "Здесь нельзя \nоставаться",
    "_rose_careful": "Осторожно",
    "_rose_defended": "Обороняйтесь",
    "_rose_down": "Здесь внизу",
    "_rose_downstairs": "Вниз",
    "_rose_drill": "Я чиню дрель",
    "_rose_fewminutes": "Еще несколько \nминут",
    "_rose_fuck": "О чёрт",
    "_rose_getout": "Уходим",
    "_rose_halfway": "Наполовину готово",
    "_rose_hurry": "Поторопитесь",
    "_rose_inside": "Внутри",
    "_rose_left": "Налево",
    "_rose_letsgo": "Пошли",
    "_rose_medbag": "Нужна аптечка ",
    "_rose_overrun": "Мы окружены",
    "_rose_right": "Направо",
    "_rose_shit": "Блин",
    "_rose_shoot": "Стреляйте",
    "_rose_straight": "Впереди",
    "_rose_thanks": "Спасибо",
    "_rose_thisway": "Сюда",
    "_rose_timetogo": "Пора идти",
    "_rose_upstairs": "Наверху",
    "_rose_whistle": "\"Свист\"",
    "_rose_wrong": "Не сюда",
    "_stat_crewKills": "[1]Всего убийств: [2]",
    "_tab_about": "o PocoHud",
    "_tab_buff": "Баффы",
    "_tab_chat": "Чат",
    "_tab_corner": "Текст в углу",
    "_tab_float": "Индикаторы",
    "_tab_game": "Общие настройки",
    "_tab_heistStatus": "Статистика ограблений",
    "_tab_hit": "Индикатор попадания",
    "_tab_Inspect": "Проверить игрока",
    "_tab_juke_anticipation": "ПОДГОТОВКА",
    "_tab_juke_assault": "ШТУРМ",
    "_tab_juke_control": "КОНТРОЛЬ",
    "_tab_juke_heist": "Треки из ограблений",
    "_tab_juke_menu": "Треки из меню",
    "_tab_juke_shuffle_tip": "* Вы также можете использовать перемешивание треков \n[Опции]-[PocoHud3]-[Перемешивание музыки]",
    "_tab_juke_stealth": "СТЕЛС",
    "_tab_juke_stop": "ПАУЗА",
    "_tab_jukebox": "Проигрыватель",
    "_tab_karma": "Список Кармы",
    "_tab_kitProfiler": "Редактор Наборов",
    "_tab_options": "Опции",
    "_tab_playerBottom": "Нижняя инфо. панель",
    "_tab_playerFloat": "Инфо. над игроками",
    "_tab_popup": "Всплывающая информация",
    "_tab_root": "PocoHud3",
    "_tab_stat_day": "(ДЕНЬ)",
    "_tab_stat_night": "(НОЧЬ)",
    "_tab_stat_perday": "За День",
    "_tab_stat_perheist": "За Дело",
    "_tab_statistics": "Статистика",
    "_tab_tools": "Инструменты",
    "_tab_upgradeSkills": "Улучшения и умения",
    "_upgr_crewBonusFrom": "Усиление команды от [1]",
    "_vanity_align": "нет,Начало,Середина,Конец",
    "_vanity_auto": "Автоматически",
    "_vanity_cantedsight": "Н/Д,ОТКЛ,УМЕРЕННО,ЗАМЕТНО,МАКС",
    "_vanity_chatsend": "Никто,Только я, Всем-Хост, Всем-Всё Дело, Всем без PH, Всем-Всегда",
    "_vanity_corpse": "Н/Д,Мин,Мало,Стандарт,Больше,Много,Приемлемо,Очень много,Слишком много,Чертовски много,Гора трупов",
    "_vanity_desyncresolve": "Н/Д,Выкл,Быстро,Агрессивно",
    "_vanity_midstat": "Никогда,50,100",
    "_vanity_resizeCrimenet": "60%,70%,80%,90%,100%",
    "_vanity_style": "Н/Д,PocoHud,Стандартный,Подсвечивание",
    "_vanity_truncatenames": "Н/Д,Выкл,3,6,9,12,15,18,21",
    "_vanity_verbose": "Никогда,в Подробном режиме,Всегда",
    "_word_a": " ",
    "_word_ago": "назад",
    "_word_an": " ",
    "_word_broker": "Брокер",
    "_word_completed": "Завершено",
    "_word_day": "День",
    "_word_days": "дней",
    "_word_heat": "Риск",
    "_word_heist": "Ограбление",
    "_word_hr": "ч",
    "_word_hrs": "ч",
    "_word_job": "Работа",
    "_word_level": "Уровень",
    "_word_na": "Н/Д",
    "_word_no": "Нет",
    "_word_not_completed": "Не закончена",
    "_word_save": "СОХРАНИТЬ",
    "_word_started": "Начато",
    "_word_sync": "Синхронизация",
    "_word_synced": "Синхронизирован",
    "_word_time": "Время",
    "_word_uid": "UID",
    "_word_unknown": "Неизвестно",
    "_word_yes": "Да"
}
