{
	"alex_1": {
		"aroundEscapeArea": [{
			"x": -516,
			"y": -2052,
			"z": 867
		}, {
			"x": 1171,
			"y": -261,
			"z": 1209
		}],
		"balcony": [{
			"x": 2313,
			"y": 283,
			"z": 1726
		}, {
			"x": 2464,
			"y": 1029,
			"z": 2018
		}],
		"basement": [{
			"x": 1563,
			"y": 360,
			"z": 924
		}, {
			"x": 2263,
			"y": 1461,
			"z": 1224
		}],
		"basementEntrance": [{
			"x": 1716,
			"y": 1504,
			"z": 924
		}, {
			"x": 2312,
			"y": 2380,
			"z": 1562
		}],
		"escapeArea": [{
			"x": -2420,
			"y": -3043,
			"z": 913
		}, {
			"x": -517,
			"y": -1521,
			"z": 1393
		}],
		"firstFloor": [{
			"x": 1563,
			"y": 361,
			"z": 1324
		}, {
			"x": 2038,
			"y": 1461,
			"z": 1624
		}],
		"frontOuthouse": [{
			"x": 900,
			"y": -675,
			"z": 1224
		}, {
			"x": 1150,
			"y": -225,
			"z": 1524
		}],
		"kitchen": [{
			"x": 1993,
			"y": 1145,
			"z": 1324
		}, {
			"x": 2263,
			"y": 1461,
			"z": 1624
		}],
		"leftEntrance": [{
			"x": 58,
			"y": -201,
			"z": 1120
		}, {
			"x": 1513,
			"y": 820,
			"z": 1810
		}],
		"leftYard": [{
			"x": 1174,
			"y": -1972,
			"z": 867
		}, {
			"x": 2690,
			"y": 336,
			"z": 1522
		}],
		"playground": [{
			"x": 2314,
			"y": 1497,
			"z": 1123
		}, {
			"x": 3851,
			"y": 2309,
			"z": 1432
		}],
		"rearOuthouse": [{
			"x": 2313,
			"y": 362,
			"z": 1125
		}, {
			"x": 3846,
			"y": 1492,
			"z": 1441
		}],
		"rightEntrance": [{
			"x": -531,
			"y": 821,
			"z": 1125
		}, {
			"x": 1710,
			"y": 2205,
			"z": 1625
		}],
		"secondFloor": [{
			"x": 1562,
			"y": 360,
			"z": 1724
		}, {
			"x": 2039,
			"y": 1144,
			"z": 2024
		}],
		"staircase": [{
			"x": 2039,
			"y": 361,
			"z": 1324
		}, {
			"x": 2263,
			"y": 1144,
			"z": 2024
		}],
		"street": [{
			"x": -2362,
			"y": -1509,
			"z": 936
		}, {
			"x": -518,
			"y": 2116,
			"z": 2291
		}],
		"truck": [{
			"x": 2706,
			"y": -1975,
			"z": 866
		}, {
			"x": 3850,
			"y": 318,
			"z": 1277
		}],
		"vantagePoint": [{
			"x": -970,
			"y": -137,
			"z": 2026
		}, {
			"x": 3309,
			"y": 2324,
			"z": 2401
		}]
	},
	"alex_2": {
		"aroundTruck": [{
			"x": 924,
			"y": 1324,
			"z": -800
		}, {
			"x": 2325,
			"y": 3325,
			"z": 292
		}],
		"becauseReasons": [{
			"x": 3655,
			"y": 1512,
			"z": -114
		}, {
			"x": 4317,
			"y": 3590,
			"z": 396
		}],
		"betweenLeftAndMiddleBuilding": [{
			"x": -675,
			"y": 3000,
			"z": -600
		}, {
			"x": 923,
			"y": 4895,
			"z": -222
		}],
		"betweenRightAndFrontBuilding": [{
			"x": 4083,
			"y": 390,
			"z": -400
		}, {
			"x": 4317,
			"y": 2790,
			"z": -14
		}],
		"betweenRightAndFrontBuildingStairs": [{
			"x": 2331,
			"y": 2250,
			"z": -600
		}, {
			"x": 4078,
			"y": 3901,
			"z": -146
		}],
		"betweenVanAndTruck": [{
			"x": 375,
			"y": -224,
			"z": -800
		}, {
			"x": 1125,
			"y": 1399,
			"z": -15
		}],
		"bridge": [{
			"x": 2347,
			"y": 2807,
			"z": -170
		}, {
			"x": 3655,
			"y": 3324,
			"z": 610
		}],
		"escapeArea": [{
			"x": -871,
			"y": -1548,
			"z": -800
		}, {
			"x": 1350,
			"y": -225,
			"z": 560
		}],
		"frontBuildingEntrance": [{
			"x": 920,
			"y": 3429,
			"z": -600
		}, {
			"x": 3103,
			"y": 4588,
			"z": -301
		}],
		"frontBuildingStairs": [{
			"x": 2250,
			"y": 4646,
			"z": -801
		}, {
			"x": 3196,
			"y": 5246,
			"z": 1076
		}],
		"frontBuildingThirdFloor": [{
			"x": 2070,
			"y": 3324,
			"z": 201
		}, {
			"x": 3250,
			"y": 4588,
			"z": 498
		}],
		"leftBuildingFirstFloor": [{
			"x": -1344,
			"y": -222,
			"z": -800
		}, {
			"x": 228,
			"y": 950,
			"z": -503
		}],
		"leftBuildingMiddleEntrance": [{
			"x": -1338,
			"y": 1666,
			"z": -800
		}, {
			"x": 128,
			"y": 3000,
			"z": -146
		}],
		"leftBuildingStairs": [{
			"x": -1175,
			"y": 1002,
			"z": -1001
		}, {
			"x": -375,
			"y": 1602,
			"z": 504
		}],
		"leftBuildingThirdFloor": [{
			"x": -1755,
			"y": 1424,
			"z": 0
		}, {
			"x": 924,
			"y": 2200,
			"z": 299
		}],
		"rightBuildingLowerEntrance": [{
			"x": 1128,
			"y": 525,
			"z": -800
		}, {
			"x": 3388,
			"y": 1319,
			"z": -500
		}],
		"rightBuildingSecondFloor": [{
			"x": 1962,
			"y": 546,
			"z": 3
		}, {
			"x": 3450,
			"y": 2787,
			"z": 299
		}],
		"rightBuildingStairs": [{
			"x": 3447,
			"y": 576,
			"z": -1001
		}, {
			"x": 4047,
			"y": 1524,
			"z": 876
		}],
		"rightBuildingUpperEntrance": [{
			"x": 2325,
			"y": 1221,
			"z": -601
		}, {
			"x": 3395,
			"y": 2626,
			"z": -302
		}]
	},
	"alex_3": {
		"aheadBus": [{
			"x": 6353,
			"y": 22986,
			"z": 1745
		}, {
			"x": 10041,
			"y": 25311,
			"z": 2619
		}],
		"aroundHeliPoint": [{
			"x": 11232,
			"y": 22988,
			"z": 1971
		}, {
			"x": 15464,
			"y": 25311,
			"z": 2769
		}],
		"aroundVantagePoint": [{
			"x": 15463,
			"y": 22988,
			"z": 2062
		}, {
			"x": 18420,
			"y": 25314,
			"z": 2800
		}],
		"escapeArea": [{
			"x": 18421,
			"y": 22984,
			"z": 2062
		}, {
			"x": 20157,
			"y": 25315,
			"z": 2817
		}],
		"insideBus": [{
			"x": 10030,
			"y": 23700,
			"z": 1943
		}, {
			"x": 11217,
			"y": 23950,
			"z": 2252
		}],
		"leftBus": [{
			"x": 10026,
			"y": 22986,
			"z": 1910
		}, {
			"x": 11232,
			"y": 23701,
			"z": 2245
		}],
		"rightBus": [{
			"x": 10043,
			"y": 23939,
			"z": 1911
		}, {
			"x": 11238,
			"y": 25311,
			"z": 2732
		}],
		"vantagePoint": [{
			"x": 15998,
			"y": 22710,
			"z": 2907
		}, {
			"x": 17134,
			"y": 23200,
			"z": 3576
		}]
	},
	"big": {
		"cafeteria": [{
			"x": 20,
			"y": -1900,
			"z": -1000
		}, {
			"x": 1580,
			"y": -600,
			"z": -680
		}],
		"conferenceRoom": [{
			"x": -4000,
			"y": 800,
			"z": -600
		}, {
			"x": -2780,
			"y": 1600,
			"z": -280
		}],
		"constructionArea": [{
			"x": -7760,
			"y": 860,
			"z": -600
		}, {
			"x": -3000,
			"y": 2400,
			"z": -300
		}],
		"consultingRoom": [{
			"x": 820,
			"y": 1040,
			"z": -600
		}, {
			"x": 3240,
			"y": 2000,
			"z": 140
		}],
		"crane": [{
			"x": -500,
			"y": -3960,
			"z": 2880
		}, {
			"x": 460,
			"y": -3440,
			"z": 3520
		}],
		"elevatorEscapeArea": [{
			"x": -2540,
			"y": -920,
			"z": -1480
		}, {
			"x": -460,
			"y": 520,
			"z": -1040
		}],
		"entrance": [{
			"x": 3920,
			"y": -2400,
			"z": -1220
		}, {
			"x": 4960,
			"y": 2380,
			"z": -580
		}],
		"escapeElevator": [{
			"x": -1400,
			"y": -1300,
			"z": -1800
		}, {
			"x": -600,
			"y": -920,
			"z": -600
		}],
		"garage": [{
			"x": 1980,
			"y": -2300,
			"z": -1200
		}, {
			"x": 3900,
			"y": -1620,
			"z": -700
		}],
		"leftSecurityRoom": [{
			"x": -3200,
			"y": -2320,
			"z": -600
		}, {
			"x": -2800,
			"y": -2000,
			"z": -300
		}],
		"leftServerRoom": [{
			"x": 1180,
			"y": -2220,
			"z": -1000
		}, {
			"x": 1580,
			"y": -1900,
			"z": -700
		}],
		"leftSurveillanceRoom": [{
			"x": -2800,
			"y": -1200,
			"z": -600
		}, {
			"x": -2000,
			"y": -420,
			"z": -300
		}],
		"leftVaultStairs": [{
			"x": -3100,
			"y": -800,
			"z": -1000
		}, {
			"x": -2820,
			"y": 0,
			"z": -220
		}],
		"leftVaultway": [{
			"x": -3600,
			"y": -2280,
			"z": -600
		}, {
			"x": -2800,
			"y": -800,
			"z": 100
		}],
		"lowerElevatorAisle": [{
			"x": 20,
			"y": -700,
			"z": -1000
		}, {
			"x": 1000,
			"y": 1140,
			"z": -680
		}],
		"lowerVaultAreaEntrance": [{
			"x": -420,
			"y": -800,
			"z": -1000
		}, {
			"x": 20,
			"y": 1560,
			"z": -680
		}],
		"mainHallBottomFloor": [{
			"x": 1480,
			"y": -200,
			"z": -1240
		}, {
			"x": 2080,
			"y": 200,
			"z": -1000
		}],
		"mainHallLowerFloor": [{
			"x": 600,
			"y": -1400,
			"z": -1000
		}, {
			"x": 4000,
			"y": 2000,
			"z": -600
		}],
		"mainHallUpperFloor": [{
			"x": 400,
			"y": -1360,
			"z": -600
		}, {
			"x": 4760,
			"y": 2000,
			"z": 140
		}],
		"management": [{
			"x": 220,
			"y": -2180,
			"z": -600
		}, {
			"x": 2020,
			"y": -1000,
			"z": 140
		}],
		"meetingRoom": [{
			"x": -2800,
			"y": -2360,
			"z": -600
		}, {
			"x": -2020,
			"y": -1200,
			"z": -280
		}],
		"midServerRoom": [{
			"x": 80,
			"y": -1420,
			"z": -600
		}, {
			"x": 400,
			"y": -1020,
			"z": -300
		}],
		"office": [{
			"x": 1020,
			"y": 1140,
			"z": -1000
		}, {
			"x": 3020,
			"y": 2000,
			"z": -680
		}],
		"parkingLot": [{
			"x": -4420,
			"y": -9180,
			"z": -480
		}, {
			"x": -1220,
			"y": -2400,
			"z": -40
		}],
		"rightSecurityRoom": [{
			"x": -4040,
			"y": 1300,
			"z": -1000
		}, {
			"x": -3660,
			"y": 1620,
			"z": -700
		}],
		"rightServerRoom": [{
			"x": 580,
			"y": 1100,
			"z": -1000
		}, {
			"x": 980,
			"y": 1420,
			"z": -700
		}],
		"rightSurveillanceRoom": [{
			"x": -2780,
			"y": 520,
			"z": -600
		}, {
			"x": -2000,
			"y": 1600,
			"z": -280
		}],
		"rightSurveillanceRoomStairs": [{
			"x": -2400,
			"y": 1180,
			"z": -1000
		}, {
			"x": -2000,
			"y": 1800,
			"z": -280
		}],
		"rightVaultStairs": [{
			"x": -4800,
			"y": 400,
			"z": -1000
		}, {
			"x": -4500,
			"y": 1400,
			"z": -260
		}],
		"rightVaultway": [{
			"x": -4800,
			"y": 0,
			"z": -600
		}, {
			"x": -4000,
			"y": 1400,
			"z": 100
		}],
		"roofAccess": [{
			"x": 2020,
			"y": -2380,
			"z": -600
		}, {
			"x": 3980,
			"y": -1600,
			"z": 520
		}],
		"roofAccessStairs": [{
			"x": 1580,
			"y": -2240,
			"z": -1000
		}, {
			"x": 2020,
			"y": -1460,
			"z": -300
		}],
		"rooftop": [{
			"x": -200,
			"y": -2360,
			"z": 220
		}, {
			"x": 4180,
			"y": 2580,
			"z": 1060
		}],
		"street": [{
			"x": 4960,
			"y": -2420,
			"z": -1220
		}, {
			"x": 7180,
			"y": 2380,
			"z": -660
		}],
		"tellerDesk": [{
			"x": 1000,
			"y": 720,
			"z": -1000
		}, {
			"x": 3040,
			"y": 1140,
			"z": -660
		}],
		"upperElevatorAisle": [{
			"x": 400,
			"y": -1000,
			"z": -600
		}, {
			"x": 800,
			"y": 2020,
			"z": -240
		}],
		"upperVaultAreaEntrance": [{
			"x": -420,
			"y": -800,
			"z": -600
		}, {
			"x": 400,
			"y": 1560,
			"z": -280
		}],
		"vault": [{
			"x": -5400,
			"y": -2200,
			"z": -1000
		}, {
			"x": -3100,
			"y": -20,
			"z": -300
		}],
		"vaultAreaCountingMachines": [{
			"x": -2800,
			"y": -400,
			"z": -1000
		}, {
			"x": -2000,
			"y": 520,
			"z": -280
		}],
		"vaultAreaEntranceStairs": [{
			"x": -400,
			"y": -1400,
			"z": -1000
		}, {
			"x": 0,
			"y": -800,
			"z": -280
		}],
		"vaultAreaMainHall": [{
			"x": -2000,
			"y": -900,
			"z": -1000
		}, {
			"x": -420,
			"y": 1180,
			"z": -280
		}],
		"vaultAreaOffice": [{
			"x": -2020,
			"y": -2000,
			"z": -600
		}, {
			"x": -1400,
			"y": -900,
			"z": -280
		}],
		"vaultDesk": [{
			"x": -3780,
			"y": -820,
			"z": -1000
		}, {
			"x": -3100,
			"y": 240,
			"z": -300
		}],
		"vaultDeskHall": [{
			"x": -4800,
			"y": 0,
			"z": -1000
		}, {
			"x": -2800,
			"y": 1300,
			"z": 100
		}]
	},
	"cage": {
		"downstairs": [
			{
				"x": -1260,
				"y": -1800,
				"z": -260
			},
			{
				"x": 3100,
				"y": 1400,
				"z": 120
			}
		],
		"kitchen": [
			{
				"x": 1120,
				"y": -1200,
				"z": 140
			},
			{
				"x": 2300,
				"y": -620,
				"z": 480
			}
		],
		"lowerOffices": [
			{
				"x": 2340,
				"y": 200,
				"z": -260
			},
			{
				"x": 3100,
				"y": 1000,
				"z": 60
			}
		],
		"outside": [
			{
				"x": -6140,
				"y": -4440,
				"z": -280
			},
			{
				"x": 4440,
				"y": 4280,
				"z": 120
			}
		],
		"rooftop": [
			{
				"x": -1240,
				"y": -1800,
				"z": 540
			},
			{
				"x": 3120,
				"y": 1820,
				"z": 840
			}
		],
		"sideaccess": [
			{
				"x": 1940,
				"y": 1020,
				"z": -260
			},
			{
				"x": 3100,
				"y": 1700,
				"z": 80
			}
		],
		"stairs": [
			{
				"x": 2320,
				"y": -1800,
				"z": -260
			},
			{
				"x": 3100,
				"y": -1020,
				"z": 840
			}
		],
		"upperOffices": [
			{
				"x": 360,
				"y": -180,
				"z": 140
			},
			{
				"x": 1160,
				"y": 500,
				"z": 480
			}
		],
		"upstairs": [
			{
				"x": -1260,
				"y": -1800,
				"z": 140
			},
			{
				"x": 2720,
				"y": 1400,
				"z": 480
			}
		]
	},
	"dinner": {
		"apartment": [
			{
				"x": -5500,
				"y": 5140,
				"z": 1560
			},
			{
				"x": -4540,
				"y": 5920,
				"z": 1860
			}
		],
		"back_exit": [
			{
				"x": -14440,
				"y": 6100,
				"z": 0
			},
			{
				"x": -13980,
				"y": 7620,
				"z": 320
			}
		],
		"courtyard": [
			{
				"x": -15960,
				"y": 5420,
				"z": -80
			},
			{
				"x": -14440,
				"y": 8080,
				"z": 280
			}
		],
		"entry": [
			{
				"x": -8080,
				"y": 4200,
				"z": 0
			},
			{
				"x": -6600,
				"y": 5500,
				"z": 300
			}
		],
		"kitchen": [
			{
				"x": -11960,
				"y": 6300,
				"z": 320
			},
			{
				"x": -11180,
				"y": 6780,
				"z": 620
			}
		],
		"lockers": [
			{
				"x": -10960,
				"y": 6220,
				"z": 320
			},
			{
				"x": -9560,
				"y": 6780,
				"z": 620
			}
		],
		"off_duty": [
			{
				"x": -11560,
				"y": 6220,
				"z": 320
			},
			{
				"x": -9560,
				"y": 7980,
				"z": 620
			}
		],
		"office": [
			{
				"x": -8740,
				"y": 7580,
				"z": 0
			},
			{
				"x": -7980,
				"y": 8360,
				"z": 620
			}
		],
		"outside": [
			{
				"x": -6560,
				"y": 1680,
				"z": 1060
			},
			{
				"x": -2500,
				"y": 9160,
				"z": 1480
			}
		],
		"rollers": [
			{
				"x": -13960,
				"y": 5480,
				"z": 0
			},
			{
				"x": -9520,
				"y": 7800,
				"z": 300
			}
		],
		"rooftop": [
			{
				"x": -4700,
				"y": 1680,
				"z": 1480
			},
			{
				"x": -2980,
				"y": 5920,
				"z": 1860
			}
		],
		"shipping": [
			{
				"x": -23860,
				"y": 4840,
				"z": -80
			},
			{
				"x": -15960,
				"y": 9420,
				"z": 1020
			}
		],
		"slaughterhouse": [
			{
				"x": -9520,
				"y": 5520,
				"z": 0
			},
			{
				"x": -6960,
				"y": 9080,
				"z": 780
			}
		]
	},
	"election_day_1": {
		"backYard": [{
			"x": -640,
			"y": 2660,
			"z": 0
		}, {
			"x": 1320,
			"y": 3980,
			"z": 780
		}],
		"dock": [{
			"x": 4460,
			"y": 2360,
			"z": 0
		}, {
			"x": 6360,
			"y": 4000,
			"z": 1000
		}],
		"entrance": [{
			"x": 2600,
			"y": -1640,
			"z": 0
		}, {
			"x": 6380,
			"y": 2360,
			"z": 1000
		}],
		"frontYard": [{
			"x": 1320,
			"y": -760,
			"z": 20
		}, {
			"x": 2600,
			"y": 4000,
			"z": 780
		}],
		"leftWarehouse": [{
			"x": -280,
			"y": 240,
			"z": 0
		}, {
			"x": 1320,
			"y": 2660,
			"z": 1020
		}],
		"leftWarehouseLowerRoom": [{
			"x": -220,
			"y": 820,
			"z": 0
		}, {
			"x": 340,
			"y": 1980,
			"z": 380
		}],
		"leftWarehouseUpperRoom": [{
			"x": -220,
			"y": 820,
			"z": 400
		}, {
			"x": 340,
			"y": 1980,
			"z": 780
		}],
		"parkingLot": [{
			"x": -820,
			"y": -4360,
			"z": 0
		}, {
			"x": 1360,
			"y": 240,
			"z": 780
		}],
		"rightWarehouse": [{
			"x": 2500,
			"y": 2400,
			"z": 0
		}, {
			"x": 4400,
			"y": 3900,
			"z": 1020
		}],
		"rightWarehouseLowerRoom": [{
			"x": 3680,
			"y": 2400,
			"z": 0
		}, {
			"x": 4400,
			"y": 2800,
			"z": 380
		}],
		"rightWarehouseUpperRoom": [{
			"x": 3680,
			"y": 2400,
			"z": 400
		}, {
			"x": 4400,
			"y": 2780,
			"z": 780
		}],
		"startingPoint": [{
			"x": 2980,
			"y": -5360,
			"z": 0
		}, {
			"x": 6380,
			"y": -1660,
			"z": 1040
		}],
		"vantagePoint": [{
			"x": 1860,
			"y": -720,
			"z": 540
		}, {
			"x": 4100,
			"y": 1540,
			"z": 920
		}]
	},
	"election_day_2": {
		"entrance": [{
			"x": -2680,
			"y": -860,
			"z": 0
		}, {
			"x": 4100,
			"y": 1120,
			"z": 880
		}],
		"frontyard": [{
			"x": -1100,
			"y": -2440,
			"z": 0
		}, {
			"x": 1700,
			"y": -860,
			"z": 500
		}],
		"frontyardRoof": [{
			"x": -1080,
			"y": -2440,
			"z": 360
		}, {
			"x": 1700,
			"y": -840,
			"z": 900
		}],
		"leftCage": [{
			"x": 3220,
			"y": -4080,
			"z": 100
		}, {
			"x": 3620,
			"y": -2480,
			"z": 460
		}],
		"leftSideEntrance": [{
			"x": 3300,
			"y": -2440,
			"z": -80
		}, {
			"x": 4100,
			"y": -860,
			"z": 880
		}],
		"leftStorageLowerFloor": [{
			"x": 1720,
			"y": -4080,
			"z": 100
		}, {
			"x": 3220,
			"y": -2460,
			"z": 500
		}],
		"leftStorageUpperFloor": [{
			"x": 1720,
			"y": -4280,
			"z": 520
		}, {
			"x": 3320,
			"y": -2480,
			"z": 900
		}],
		"leftWingLowerFloor": [{
			"x": 1720,
			"y": -2460,
			"z": 100
		}, {
			"x": 3280,
			"y": -880,
			"z": 480
		}],
		"leftWingUpperOffice": [{
			"x": 1720,
			"y": -2440,
			"z": 500
		}, {
			"x": 3280,
			"y": -880,
			"z": 800
		}],
		"lockerRoom": [{
			"x": -2680,
			"y": -2060,
			"z": 100
		}, {
			"x": -1920,
			"y": -880,
			"z": 480
		}],
		"midStorageLowerFloor": [{
			"x": -1120,
			"y": -4280,
			"z": 100
		}, {
			"x": 1720,
			"y": -2480,
			"z": 500
		}],
		"midStorageUpperFloor": [{
			"x": -1120,
			"y": -4280,
			"z": 500
		}, {
			"x": 1720,
			"y": -2480,
			"z": 900
		}],
		"rightCage": [{
			"x": -3020,
			"y": -4080,
			"z": 100
		}, {
			"x": -2620,
			"y": -2480,
			"z": 400
		}],
		"rightStorageLowerFloor": [{
			"x": -2620,
			"y": -4040,
			"z": 100
		}, {
			"x": -1120,
			"y": -2480,
			"z": 500
		}],
		"rightStorageUpperFloor": [{
			"x": -2720,
			"y": -4280,
			"z": 520
		}, {
			"x": -1120,
			"y": -2480,
			"z": 900
		}],
		"rightWingLowerFloor": [{
			"x": -2680,
			"y": -2440,
			"z": 100
		}, {
			"x": -1120,
			"y": -880,
			"z": 480
		}],
		"rightWingUpperOffice": [{
			"x": -2680,
			"y": -2440,
			"z": 500
		}, {
			"x": -1120,
			"y": -880,
			"z": 800
		}],
		"startingPoint": [{
			"x": -1360,
			"y": 2700,
			"z": 0
		}, {
			"x": 100,
			"y": 4680,
			"z": 400
		}],
		"street": [{
			"x": -2700,
			"y": 1160,
			"z": -20
		}, {
			"x": 4160,
			"y": 3160,
			"z": 420
		}]
	},
	"firestarter_1": {
		"aboveRightFirstCargo": [{
			"x": -3235,
			"y": 979,
			"z": 591
		}, {
			"x": -842,
			"y": 3732,
			"z": 1353
		}],
		"aboveRightSecondCargo": [{
			"x": -3384,
			"y": -1259,
			"z": 591
		}, {
			"x": -1339,
			"y": 978,
			"z": 1256
		}],
		"escapeArea": [{
			"x": -4551,
			"y": 6777,
			"z": 1088
		}, {
			"x": -3392,
			"y": 7846,
			"z": 1789
		}],
		"hill": [{
			"x": -4550,
			"y": 3913,
			"z": 211
		}, {
			"x": -1876,
			"y": 6770,
			"z": 2222
		}],
		"inFrontOfLeftFirstCargo": [{
			"x": -445,
			"y": 1500,
			"z": -1
		}, {
			"x": 1240,
			"y": 3672,
			"z": 594
		}],
		"inFrontOfLeftSecondCargo": [{
			"x": 1245,
			"y": 1500,
			"z": -1
		}, {
			"x": 4388,
			"y": 3671,
			"z": 746
		}],
		"inFrontOfRightFirstCargo": [{
			"x": -1373,
			"y": 747,
			"z": -8
		}, {
			"x": 800,
			"y": 2698,
			"z": 576
		}],
		"inFrontOfRightSecondCargo": [{
			"x": -1373,
			"y": -1901,
			"z": -8
		}, {
			"x": 800,
			"y": 749,
			"z": 579
		}],
		"leftBackAlley": [{
			"x": -425,
			"y": 5527,
			"z": 0
		}, {
			"x": 3243,
			"y": 6500,
			"z": 500
		}],
		"leftEntrance": [{
			"x": -1878,
			"y": 3900,
			"z": 0
		}, {
			"x": -445,
			"y": 5900,
			"z": 557
		}],
		"leftFirstCargo": [{
			"x": -401,
			"y": 3650,
			"z": -1
		}, {
			"x": 1194,
			"y": 5325,
			"z": 569
		}],
		"leftMidAlley": [{
			"x": 1245,
			"y": 3672,
			"z": -1
		}, {
			"x": 1556,
			"y": 5525,
			"z": 322
		}],
		"leftSecondCargo": [{
			"x": 1561,
			"y": 3672,
			"z": 0
		}, {
			"x": 3243,
			"y": 5511,
			"z": 532
		}],
		"leftSecondCargoYard": [{
			"x": 3245,
			"y": 3673,
			"z": 0
		}, {
			"x": 4550,
			"y": 5800,
			"z": 578
		}],
		"rightBackAlley": [{
			"x": -3635,
			"y": -1889,
			"z": -200
		}, {
			"x": -3028,
			"y": 3900,
			"z": 458
		}],
		"rightEntrance": [{
			"x": -3021,
			"y": 2743,
			"z": -200
		}, {
			"x": -1373,
			"y": 3900,
			"z": 569
		}],
		"rightFirstCargo": [{
			"x": -3212,
			"y": 1099,
			"z": 0
		}, {
			"x": -1350,
			"y": 2694,
			"z": 550
		}],
		"rightMidAlley": [{
			"x": -3028,
			"y": 745,
			"z": -200
		}, {
			"x": -1375,
			"y": 1055,
			"z": 572
		}],
		"rightSecondCargo": [{
			"x": -3212,
			"y": -901,
			"z": 0
		}, {
			"x": -1351,
			"y": 694,
			"z": 537
		}],
		"rightSecondCargoYard": [{
			"x": -3020,
			"y": -1889,
			"z": -1
		}, {
			"x": -1373,
			"y": -945,
			"z": 581
		}],
		"runway": [{
			"x": -1373,
			"y": 2699,
			"z": -1
		}, {
			"x": -445,
			"y": 3898,
			"z": 598
		}]
	},
	"firestarter_2": {
		"cafeteria": [{
			"x": -2800,
			"y": -1800,
			"z": 400
		}, {
			"x": -1000,
			"y": -50,
			"z": 700
		}],
		"cafeteriaTable": [{
			"x": -3200,
			"y": -1800,
			"z": 400
		}, {
			"x": -2800,
			"y": -400,
			"z": 700
		}],
		"cameraFeedOutlet": [{
			"x": 1900,
			"y": 100,
			"z": -50
		}, {
			"x": 2000,
			"y": 650,
			"z": 700
		}],
		"chiefOfficeRoom": [{
			"x": 200,
			"y": 0,
			"z": 400
		}, {
			"x": 1800,
			"y": 750,
			"z": 700
		}],
		"conferenceRoom": [{
			"x": -1400,
			"y": -3600,
			"z": 400
		}, {
			"x": 800,
			"y": -1800,
			"z": 700
		}],
		"elevator": [{
			"x": -1600,
			"y": -850,
			"z": -50
		}, {
			"x": 0,
			"y": -50,
			"z": 350
		}],
		"escapeArea": [{
			"x": -200,
			"y": 4400,
			"z": 0
		}, {
			"x": 1750,
			"y": 6050,
			"z": 300
		}],
		"evidenceRoom": [{
			"x": 0,
			"y": -850,
			"z": 0
		}, {
			"x": 400,
			"y": -100,
			"z": 300
		}],
		"inFrontOfEscapeArea": [{
			"x": 650,
			"y": 3600,
			"z": 0
		}, {
			"x": 2300,
			"y": 4400,
			"z": 300
		}],
		"leftFrontYard": [{
			"x": 150,
			"y": 800,
			"z": -50
		}, {
			"x": 2000,
			"y": 1900,
			"z": 400
		}],
		"leftSecondFloorServerRoom": [{
			"x": 800,
			"y": -3300,
			"z": 300
		}, {
			"x": 1750,
			"y": -2650,
			"z": 800
		}],
		"leftServerRoom": [{
			"x": 900,
			"y": -3050,
			"z": 0
		}, {
			"x": 1650,
			"y": -2250,
			"z": 300
		}],
		"leftYard": [{
			"x": 2000,
			"y": -2300,
			"z": -50
		}, {
			"x": 2850,
			"y": 1900,
			"z": 700
		}],
		"mainEntrance": [{
			"x": -1800,
			"y": -50,
			"z": -50
		}, {
			"x": 250,
			"y": 1900,
			"z": 400
		}],
		"mainEntranceBridge": [{
			"x": -2400,
			"y": -100,
			"z": 400
		}, {
			"x": 200,
			"y": 400,
			"z": 650
		}],
		"mainOffice": [{
			"x": 250,
			"y": -2300,
			"z": -50
		}, {
			"x": 2000,
			"y": 400,
			"z": 300
		}],
		"mainOfficeSecondFloor": [{
			"x": 0,
			"y": -2200,
			"z": 400
		}, {
			"x": 1800,
			"y": -50,
			"z": 750
		}],
		"middleServerRoom": [{
			"x": -2700,
			"y": -4050,
			"z": 350
		}, {
			"x": -2150,
			"y": -3250,
			"z": 650
		}],
		"middleStairs": [{
			"x": -1000,
			"y": -2200,
			"z": 0
		}, {
			"x": 0,
			"y": -850,
			"z": 700
		}],
		"monitorRoom": [{
			"x": -3200,
			"y": -3200,
			"z": 400
		}, {
			"x": -1400,
			"y": -1800,
			"z": 700
		}],
		"rightFrontYard": [{
			"x": -3500,
			"y": 800,
			"z": -50
		}, {
			"x": -1800,
			"y": 1900,
			"z": 400
		}],
		"rightServerRoom": [{
			"x": -3250,
			"y": -400,
			"z": 400
		}, {
			"x": -2450,
			"y": 550,
			"z": 700
		}],
		"rightStairs": [{
			"x": -2400,
			"y": -800,
			"z": -50
		}, {
			"x": -1600,
			"y": -400,
			"z": 400
		}],
		"street": [{
			"x": -3500,
			"y": 1900,
			"z": -50
		}, {
			"x": 3600,
			"y": 3600,
			"z": 750
		}],
		"toilet": [{
			"x": -2400,
			"y": 350,
			"z": 0
		}, {
			"x": -1650,
			"y": 800,
			"z": 300
		}]
	},
	"firestarter_3": {
		"aboveRearEntrance": [{
			"x": -800,
			"y": 1660,
			"z": 400
		}, {
			"x": 0,
			"y": 3220,
			"z": 800
		}],
		"backDoor": [{
			"x": -1220,
			"y": 2420,
			"z": 0
		}, {
			"x": -820,
			"y": 3220,
			"z": 300
		}],
		"copierRoom": [{
			"x": -1900,
			"y": 1620,
			"z": 0
		}, {
			"x": -1220,
			"y": 1980,
			"z": 300
		}],
		"farRightStreet": [{
			"x": -8460,
			"y": -4800,
			"z": -40
		}, {
			"x": -6020,
			"y": -1600,
			"z": 400
		}],
		"frontAlley": [{
			"x": -1200,
			"y": -3120,
			"z": 0
		}, {
			"x": -800,
			"y": -1680,
			"z": 380
		}],
		"frontStreet": [{
			"x": -4800,
			"y": -1680,
			"z": -20
		}, {
			"x": 3340,
			"y": 0,
			"z": 400
		}],
		"leftAlley": [{
			"x": 1820,
			"y": 3280,
			"z": 0
		}, {
			"x": 3000,
			"y": 3800,
			"z": 400
		}],
		"leftStreet": [{
			"x": 0,
			"y": -320,
			"z": -20
		}, {
			"x": 1820,
			"y": 4580,
			"z": 440
		}],
		"mainReception": [{
			"x": -2000,
			"y": 80,
			"z": 0
		}, {
			"x": -1200,
			"y": 1600,
			"z": 360
		}],
		"managerRoom": [{
			"x": -540,
			"y": 2420,
			"z": 0
		}, {
			"x": -80,
			"y": 2980,
			"z": 300
		}],
		"midAlley": [{
			"x": -4000,
			"y": -2640,
			"z": 0
		}, {
			"x": -3600,
			"y": -1680,
			"z": 400
		}],
		"midSecurityRoom": [{
			"x": -1600,
			"y": 2420,
			"z": 0
		}, {
			"x": -1220,
			"y": 2880,
			"z": 300
		}],
		"middleStairs": [{
			"x": -1420,
			"y": 2880,
			"z": 0
		}, {
			"x": -1020,
			"y": 3400,
			"z": 700
		}],
		"rearArea": [{
			"x": -1200,
			"y": 860,
			"z": 0
		}, {
			"x": -40,
			"y": 2400,
			"z": 320
		}],
		"rearEntrance": [{
			"x": -1600,
			"y": 3220,
			"z": 0
		}, {
			"x": -60,
			"y": 4500,
			"z": 460
		}],
		"rearParkingLot": [{
			"x": -5340,
			"y": 2800,
			"z": 0
		}, {
			"x": -1600,
			"y": 4500,
			"z": 380
		}],
		"rightAlley": [{
			"x": -5200,
			"y": -2380,
			"z": 0
		}, {
			"x": -4820,
			"y": -1600,
			"z": 400
		}],
		"rightStreet": [{
			"x": -8040,
			"y": -1600,
			"z": 0
		}, {
			"x": -4800,
			"y": 0,
			"z": 320
		}],
		"rooftop": [{
			"x": -2820,
			"y": -20,
			"z": 400
		}, {
			"x": 0,
			"y": 1660,
			"z": 800
		}],
		"sideEntrance": [{
			"x": -3200,
			"y": 560,
			"z": 0
		}, {
			"x": -2420,
			"y": 1200,
			"z": 400
		}],
		"sideParkingLot": [{
			"x": -4940,
			"y": 0,
			"z": 0
		}, {
			"x": -3200,
			"y": 2800,
			"z": 400
		}],
		"sideSecurityRoom": [{
			"x": -3200,
			"y": 1300,
			"z": 0
		}, {
			"x": -2740,
			"y": 2080,
			"z": 300
		}],
		"sideStairs": [{
			"x": -3200,
			"y": -20,
			"z": 0
		}, {
			"x": -2800,
			"y": 560,
			"z": 460
		}],
		"switchRoom": [{
			"x": -1920,
			"y": 1940,
			"z": 400
		}, {
			"x": -1620,
			"y": 2500,
			"z": 700
		}],
		"treeBench": [{
			"x": -1180,
			"y": 20,
			"z": 0
		}, {
			"x": 20,
			"y": 780,
			"z": 400
		}],
		"upstairs": [{
			"x": -1600,
			"y": 1660,
			"z": 400
		}, {
			"x": -800,
			"y": 2860,
			"z": 800
		}],
		"vantagePoint": [{
			"x": -2020,
			"y": -2060,
			"z": 800
		}, {
			"x": -1200,
			"y": -1640,
			"z": 1280
		}],
		"vault": [{
			"x": -2500,
			"y": 1800,
			"z": 0
		}, {
			"x": -1800,
			"y": 2500,
			"z": 300
		}]
	},
	"flat": {
		"1stfloor": [
			{
				"x": -1960,
				"y": -380,
				"z": 40
			},
			{
				"x": 480,
				"y": 1560,
				"z": 340
			}
		],
		"2nd_floor": [
			{
				"x": -1980,
				"y": -380,
				"z": 340
			},
			{
				"x": 480,
				"y": 1580,
				"z": 680
			}
		],
		"3rd_floor": [
			{
				"x": -1980,
				"y": -380,
				"z": 680
			},
			{
				"x": 480,
				"y": 1580,
				"z": 1000
			}
		],
		"4th_floor": [
			{
				"x": -1960,
				"y": -80,
				"z": 1000
			},
			{
				"x": 480,
				"y": 1580,
				"z": 1320
			}
		],
		"5th_floor": [
			{
				"x": -1980,
				"y": -80,
				"z": 1320
			},
			{
				"x": 480,
				"y": 1560,
				"z": 1640
			}
		],
		"balcony": [
			{
				"x": -2000,
				"y": -520,
				"z": 1020
			},
			{
				"x": 500,
				"y": -100,
				"z": 1760
			}
		],
		"basement_stairs": [
			{
				"x": -1140,
				"y": 1600,
				"z": -320
			},
			{
				"x": -140,
				"y": 1800,
				"z": 0
			}
		],
		"below_panic_room": [
			{
				"x": -1980,
				"y": 780,
				"z": 380
			},
			{
				"x": -940,
				"y": 1580,
				"z": 680
			}
		],
		"deal_room": [
			{
				"x": -880,
				"y": 900,
				"z": 60
			},
			{
				"x": -240,
				"y": 1560,
				"z": 340
			}
		],
		"outside": [
			{
				"x": -3700,
				"y": -360,
				"z": -20
			},
			{
				"x": 1100,
				"y": 2200,
				"z": 360
			}
		],
		"panic_room": [
			{
				"x": -1980,
				"y": 800,
				"z": 700
			},
			{
				"x": -1120,
				"y": 1560,
				"z": 1000
			}
		],
		"rear_stairs": [
			{
				"x": -1620,
				"y": 1600,
				"z": 700
			},
			{
				"x": 0,
				"y": 1860,
				"z": 1760
			}
		],
		"rooftop": [
			{
				"x": -1980,
				"y": -80,
				"z": 1640
			},
			{
				"x": 480,
				"y": 1580,
				"z": 1960
			}
		]
	},
	"four_stores": {
		"backAlley": [{
			"x": -1100,
			"y": -1000,
			"z": 20
		}, {
			"x": 1860,
			"y": -400,
			"z": 420
		}],
		"backEscapeArea": [{
			"x": -2800,
			"y": -1000,
			"z": 20
		}, {
			"x": -1120,
			"y": 180,
			"z": 420
		}],
		"betweenCafeAndKungBo": [{
			"x": -140,
			"y": -6320,
			"z": 20
		}, {
			"x": 260,
			"y": -4180,
			"z": 340
		}],
		"cafe": [{
			"x": -1720,
			"y": -5880,
			"z": 20
		}, {
			"x": -200,
			"y": -4220,
			"z": 480
		}],
		"convenientStore": [{
			"x": -520,
			"y": -2520,
			"z": 20
		}, {
			"x": 620,
			"y": -1040,
			"z": 320
		}],
		"frontEscapeArea": [{
			"x": -140,
			"y": -7800,
			"z": 20
		}, {
			"x": 660,
			"y": -6320,
			"z": 340
		}],
		"kungBo": [{
			"x": 300,
			"y": -6300,
			"z": -20
		}, {
			"x": 1780,
			"y": -4200,
			"z": 280
		}],
		"midAlley": [{
			"x": -940,
			"y": -2580,
			"z": 20
		}, {
			"x": -560,
			"y": -1000,
			"z": 420
		}],
		"parkingLot": [{
			"x": 1860,
			"y": -2560,
			"z": 20
		}, {
			"x": 3400,
			"y": 580,
			"z": 400
		}],
		"pearStore": [{
			"x": 680,
			"y": -2380,
			"z": 20
		}, {
			"x": 1780,
			"y": -1060,
			"z": 420
		}],
		"street": [{
			"x": -2620,
			"y": -4180,
			"z": 0
		}, {
			"x": 3480,
			"y": -2580,
			"z": 360
		}]
	},
	"framing_frame_1": {
		"frontYard": [{
			"x": 1600,
			"y": 800,
			"z": -100
		}, {
			"x": 2680,
			"y": 2460,
			"z": 480
		}],
		"hallA": [{
			"x": -800,
			"y": -2440,
			"z": 0
		}, {
			"x": 800,
			"y": -840,
			"z": 600
		}],
		"hallAEntrance": [{
			"x": 860,
			"y": -1580,
			"z": 0
		}, {
			"x": 1180,
			"y": -820,
			"z": 280
		}],
		"hallB": [{
			"x": -2420,
			"y": -2440,
			"z": 0
		}, {
			"x": -820,
			"y": -840,
			"z": 600
		}],
		"hallC": [{
			"x": -2420,
			"y": -820,
			"z": 0
		}, {
			"x": -820,
			"y": 780,
			"z": 580
		}],
		"hallD": [{
			"x": -2420,
			"y": 800,
			"z": 0
		}, {
			"x": -820,
			"y": 2400,
			"z": 600
		}],
		"hallE": [{
			"x": -800,
			"y": 800,
			"z": 0
		}, {
			"x": 800,
			"y": 2400,
			"z": 600
		}],
		"hallEEntrance": [{
			"x": 860,
			"y": 800,
			"z": 0
		}, {
			"x": 1200,
			"y": 1580,
			"z": 280
		}],
		"lowerParkingLot": [{
			"x": 1600,
			"y": -2460,
			"z": -120
		}, {
			"x": 2700,
			"y": -800,
			"z": 140
		}],
		"mainEntrance": [{
			"x": 860,
			"y": -820,
			"z": 0
		}, {
			"x": 2400,
			"y": 800,
			"z": 480
		}],
		"parkingLotStairs": [{
			"x": 3240,
			"y": -3220,
			"z": -100
		}, {
			"x": 4400,
			"y": -2500,
			"z": 640
		}],
		"restroom": [{
			"x": 880,
			"y": 1400,
			"z": 0
		}, {
			"x": 1480,
			"y": 2420,
			"z": 300
		}],
		"restroomEntrance": [{
			"x": 400,
			"y": 2460,
			"z": -100
		}, {
			"x": 2700,
			"y": 3460,
			"z": 640
		}],
		"rooftop": [{
			"x": -3200,
			"y": -2500,
			"z": 480
		}, {
			"x": 2400,
			"y": 3240,
			"z": 1440
		}],
		"securityRoom": [{
			"x": -800,
			"y": -840,
			"z": 0
		}, {
			"x": 200,
			"y": 780,
			"z": 300
		}],
		"startingPoint": [{
			"x": 4380,
			"y": 880,
			"z": -120
		}, {
			"x": 6160,
			"y": 2040,
			"z": 340
		}],
		"street": [{
			"x": 2700,
			"y": -2500,
			"z": -120
		}, {
			"x": 4720,
			"y": 3460,
			"z": 640
		}],
		"upperParkingLot": [{
			"x": 820,
			"y": -5020,
			"z": 100
		}, {
			"x": 3240,
			"y": -2460,
			"z": 640
		}]
	},
	"framing_frame_2": {
		"beforeWarehouse": [{
			"x": -580,
			"y": -1360,
			"z": -20
		}, {
			"x": 1560,
			"y": 1080,
			"z": 380
		}],
		"escapeArea": [{
			"x": 8220,
			"y": 840,
			"z": -20
		}, {
			"x": 8920,
			"y": 1460,
			"z": 320
		}],
		"leftTrain": [{
			"x": 2320,
			"y": -160,
			"z": 80
		}, {
			"x": 4460,
			"y": 200,
			"z": 320
		}],
		"rightTrain": [{
			"x": 2360,
			"y": -1680,
			"z": 80
		}, {
			"x": 4580,
			"y": -1400,
			"z": 300
		}],
		"sewer": [{
			"x": 380,
			"y": -3000,
			"z": -820
		}, {
			"x": 4360,
			"y": -520,
			"z": -220
		}],
		"staircase": [{
			"x": 4160,
			"y": -3520,
			"z": -560
		}, {
			"x": 4560,
			"y": -2740,
			"z": 280
		}],
		"startingPoint": [{
			"x": -4020,
			"y": -2220,
			"z": -20
		}, {
			"x": -800,
			"y": -80,
			"z": 360
		}],
		"street": [{
			"x": 5300,
			"y": -2800,
			"z": -40
		}, {
			"x": 8320,
			"y": 2500,
			"z": 460
		}],
		"train": [{
			"x": -800,
			"y": -1680,
			"z": 100
		}, {
			"x": 1480,
			"y": -1380,
			"z": 340
		}],
		"warehouse": [{
			"x": 1600,
			"y": -2680,
			"z": -20
		}, {
			"x": 5200,
			"y": 1220,
			"z": 980
		}]
	},
	"framing_frame_3": {
		"bedroom": [{
			"x": -4980,
			"y": 3820,
			"z": 3000
		}, {
			"x": -4220,
			"y": 4820,
			"z": 3320
		}],
		"bedroomVault": [{
			"x": -4840,
			"y": 4860,
			"z": 3000
		}, {
			"x": -4440,
			"y": 5520,
			"z": 3300
		}],
		"betweenKitchenAndEpicenter": [{
			"x": -5000,
			"y": 2620,
			"z": 3000
		}, {
			"x": -4400,
			"y": 3400,
			"z": 3320
		}],
		"epicenter": [{
			"x": -5400,
			"y": 1000,
			"z": 3000
		}, {
			"x": -2600,
			"y": 2600,
			"z": 3300
		}],
		"epicenterBalcony": [{
			"x": -5560,
			"y": 840,
			"z": 3000
		}, {
			"x": -2420,
			"y": 1000,
			"z": 3220
		}],
		"epicenterLeftBalcony": [{
			"x": -2600,
			"y": 840,
			"z": 3000
		}, {
			"x": -2400,
			"y": 2400,
			"z": 3300
		}],
		"epicenterRightBalcony": [{
			"x": -5600,
			"y": 1000,
			"z": 3000
		}, {
			"x": -5400,
			"y": 2700,
			"z": 3300
		}],
		"epicenterSecondFloor": [{
			"x": -4320,
			"y": 1820,
			"z": 3400
		}, {
			"x": -2400,
			"y": 2600,
			"z": 3720
		}],
		"epicenterVault": [{
			"x": -4800,
			"y": 2640,
			"z": 2600
		}, {
			"x": -4200,
			"y": 4120,
			"z": 3000
		}],
		"kitchen": [{
			"x": -4400,
			"y": 2620,
			"z": 3000
		}, {
			"x": -3000,
			"y": 3800,
			"z": 3320
		}],
		"kitchenServerRoom": [{
			"x": -3340,
			"y": 4220,
			"z": 3000
		}, {
			"x": -3040,
			"y": 4620,
			"z": 3320
		}],
		"leftStairs": [{
			"x": -2980,
			"y": 2620,
			"z": 3000
		}, {
			"x": -2600,
			"y": 4200,
			"z": 3720
		}],
		"livingRoom": [{
			"x": -5000,
			"y": 2620,
			"z": 3400
		}, {
			"x": -3000,
			"y": 3800,
			"z": 3720
		}],
		"mainStairs": [{
			"x": -4200,
			"y": 4700,
			"z": 2800
		}, {
			"x": -3800,
			"y": 5300,
			"z": 4100
		}],
		"middleServerRoom": [{
			"x": -5000,
			"y": 3420,
			"z": 3000
		}, {
			"x": -4420,
			"y": 3800,
			"z": 3300
		}],
		"office": [{
			"x": -5060,
			"y": 4120,
			"z": 3400
		}, {
			"x": -4220,
			"y": 5760,
			"z": 3700
		}],
		"officeServerRoom": [{
			"x": -4200,
			"y": 5400,
			"z": 3400
		}, {
			"x": -3820,
			"y": 5700,
			"z": 3700
		}],
		"officeUpperfloor": [{
			"x": -5060,
			"y": 4120,
			"z": 3700
		}, {
			"x": -4220,
			"y": 5760,
			"z": 4080
		}],
		"officeVault": [{
			"x": -2580,
			"y": 3800,
			"z": 3400
		}, {
			"x": -1880,
			"y": 4200,
			"z": 3720
		}],
		"rightStairs": [{
			"x": -5380,
			"y": 2620,
			"z": 3000
		}, {
			"x": -5020,
			"y": 3820,
			"z": 3720
		}],
		"rooftop": [{
			"x": -5380,
			"y": 1020,
			"z": 3800
		}, {
			"x": -2600,
			"y": 4280,
			"z": 4100
		}],
		"rooftopStairs": [{
			"x": -5400,
			"y": 1820,
			"z": 3400
		}, {
			"x": -4020,
			"y": 3000,
			"z": 4060
		}],
		"startingPoint": [{
			"x": -3860,
			"y": 5460,
			"z": 4200
		}, {
			"x": -2000,
			"y": 6400,
			"z": 4620
		}],
		"topmostRooftop": [{
			"x": -5000,
			"y": 4000,
			"z": 4100
		}, {
			"x": -2620,
			"y": 5780,
			"z": 4420
		}],
		"vantagePoint": [{
			"x": -1280,
			"y": -1800,
			"z": 3460
		}, {
			"x": -700,
			"y": -200,
			"z": 4260
		}],
		"vault": [{
			"x": -4840,
			"y": 4860,
			"z": 3000
		}, {
			"x": -4440,
			"y": 5520,
			"z": 3300
		}]
	},
	"gallery": "framing_frame_1",
	"haunted": "safehouse",
	"hox_2": {
		"archives": [{
			"x": -1180,
			"y": 2080,
			"z": -900
		}, {
			"x": 1460,
			"y": 3720,
			"z": -580
		}],
		"archivesEntrance": [{
			"x": 820,
			"y": 3100,
			"z": -500
		}, {
			"x": 1420,
			"y": 4540,
			"z": -180
		}],
		"armory": [{
			"x": 820,
			"y": 3260,
			"z": -100
		}, {
			"x": 1960,
			"y": 4420,
			"z": 240
		}],
		"directorsOffice": [{
			"x": -560,
			"y": 4480,
			"z": -100
		}, {
			"x": 280,
			"y": 5020,
			"z": 280
		}],
		"escape": [{
			"x": -1680,
			"y": 3760,
			"z": -960
		}, {
			"x": 940,
			"y": 5300,
			"z": -540
		}],
		"floor1": [{
			"x": -2840,
			"y": -820,
			"z": -100
		}, {
			"x": 2020,
			"y": 6100,
			"z": 240
		}],
		"floor2": [{
			"x": -1180,
			"y": -740,
			"z": 300
		}, {
			"x": 2000,
			"y": 4440,
			"z": 640
		}],
		"forensics": [{
			"x": -2020,
			"y": 420,
			"z": -100
		}, {
			"x": -1220,
			"y": 1820,
			"z": 640
		}],
		"forensicsEntrance": [{
			"x": -1200,
			"y": 1220,
			"z": -100
		}, {
			"x": -660,
			"y": 2420,
			"z": 240
		}],
		"forensicsLab": [{
			"x": -2820,
			"y": 820,
			"z": -100
		}, {
			"x": -2040,
			"y": 1820,
			"z": 240
		}],
		"forensicsStairs": [{
			"x": -1920,
			"y": 2020,
			"z": -100
		}, {
			"x": -1220,
			"y": 2420,
			"z": 640
		}],
		"forensicsStorage": [{
			"x": -2820,
			"y": 20,
			"z": -100
		}, {
			"x": -1300,
			"y": 800,
			"z": 220
		}],
		"frontCorridor": [{
			"x": -1200,
			"y": 2020,
			"z": -100
		}, {
			"x": 2000,
			"y": 2420,
			"z": 240
		}],
		"groundFloor": [{
			"x": -1200,
			"y": 2460,
			"z": -500
		}, {
			"x": 800,
			"y": 4440,
			"z": -160
		}],
		"itDepartment": [{
			"x": 420,
			"y": 4480,
			"z": -100
		}, {
			"x": 1380,
			"y": 6240,
			"z": 280
		}],
		"leftSkyway": [{
			"x": 1980,
			"y": 1560,
			"z": -100
		}, {
			"x": 2360,
			"y": 1940,
			"z": 200
		}],
		"lobby": [{
			"x": -800,
			"y": 2500,
			"z": -500
		}, {
			"x": 380,
			"y": 4440,
			"z": 1020
		}],
		"mainOffice": [{
			"x": -800,
			"y": -380,
			"z": -100
		}, {
			"x": 1580,
			"y": 2000,
			"z": 220
		}],
		"mainOfficeStairs": [{
			"x": -320,
			"y": -780,
			"z": -100
		}, {
			"x": 380,
			"y": -380,
			"z": 640
		}],
		"rearCorridor": [{
			"x": 400,
			"y": -780,
			"z": -100
		}, {
			"x": 1560,
			"y": -400,
			"z": 240
		}],
		"rightSkyway": [{
			"x": 1960,
			"y": -760,
			"z": -100
		}, {
			"x": 2340,
			"y": -400,
			"z": 200
		}],
		"securityOffice": [{
			"x": -1600,
			"y": 4060,
			"z": -500
		}, {
			"x": -1220,
			"y": 4440,
			"z": -180
		}],
		"serverRoom": [{
			"x": -400,
			"y": -300,
			"z": 0
		}, {
			"x": 200,
			"y": 20,
			"z": 340
		}],
		"sideCorridor": [{
			"x": 1600,
			"y": -780,
			"z": -100
		}, {
			"x": 1980,
			"y": 2420,
			"z": 240
		}],
		"staffPhysiscian": [{
			"x": 1200,
			"y": 2460,
			"z": -100
		}, {
			"x": 1980,
			"y": 3200,
			"z": 280
		}],
		"startingPoint": [{
			"x": -2540,
			"y": 4440,
			"z": -500
		}, {
			"x": 60,
			"y": 6400,
			"z": -120
		}]
	},
	"jewelry_store": {
		"backAlley": [{
			"x": -1480,
			"y": -2900,
			"z": 20
		}, {
			"x": 2180,
			"y": -1840,
			"z": 500
		}],
		"farStreet": [{
			"x": -3600,
			"y": 360,
			"z": 0
		}, {
			"x": -1940,
			"y": 5980,
			"z": 420
		}],
		"frontStreet": [{
			"x": -2360,
			"y": 1160,
			"z": 0
		}, {
			"x": 2020,
			"y": 2760,
			"z": 420
		}],
		"leftSideAlley": [{
			"x": 880,
			"y": -1840,
			"z": 20
		}, {
			"x": 2180,
			"y": 1160,
			"z": 500
		}],
		"mainLobby": [{
			"x": -380,
			"y": -600,
			"z": 20
		}, {
			"x": 820,
			"y": 1160,
			"z": 340
		}],
		"managerOffice": [{
			"x": 60,
			"y": -1800,
			"z": 20
		}, {
			"x": 840,
			"y": -1000,
			"z": 320
		}],
		"parkingLot": [{
			"x": -1920,
			"y": 2740,
			"z": 40
		}, {
			"x": 1280,
			"y": 4440,
			"z": 1260
		}],
		"rightSideAlley": [{
			"x": -1580,
			"y": -1840,
			"z": 20
		}, {
			"x": -1120,
			"y": 1160,
			"z": 320
		}],
		"staffEntrance": [{
			"x": -340,
			"y": -1500,
			"z": 20
		}, {
			"x": 60,
			"y": -600,
			"z": 320
		}],
		"staffOffice": [{
			"x": -1080,
			"y": -1600,
			"z": 20
		}, {
			"x": -340,
			"y": -800,
			"z": 320
		}],
		"startingPoint": [{
			"x": 1280,
			"y": 2760,
			"z": 20
		}, {
			"x": 1680,
			"y": 4400,
			"z": 500
		}],
		"startingPointAlley": [{
			"x": 1280,
			"y": 4400,
			"z": 20
		}, {
			"x": 1680,
			"y": 5980,
			"z": 500
		}],
		"street": [{
			"x": -4840,
			"y": 1160,
			"z": 0
		}, {
			"x": 4020,
			"y": 2800,
			"z": 420
		}],
		"vantagePoint": [{
			"x": -320,
			"y": 4360,
			"z": 1220
		}, {
			"x": 1280,
			"y": 5180,
			"z": 1720
		}]
	},
	"kenaz": {
		"Entry": [{
			"x": -1200,
			"y": -7380,
			"z": 0
		}, {
			"x": 1200,
			"y": -6360,
			"z": 500
		}],
		"Front_rooms": [{
			"x": -1580,
			"y": -6580,
			"z": 700
		}, {
			"x": 1620,
			"y": -4800,
			"z": 1200
		}],
		"Ladies": [{
			"x": 1860,
			"y": -1700,
			"z": 0
		}, {
			"x": 2860,
			"y": -900,
			"z": 300
		}],
		"Mens": [{
			"x": -2800,
			"y": -1780,
			"z": 0
		}, {
			"x": -1800,
			"y": -780,
			"z": 300
		}],
		"Pool": [{
			"x": -5000,
			"y": -7000,
			"z": 0
		}, {
			"x": -1800,
			"y": -1800,
			"z": 320
		}],
		"Reception": [{
			"x": -1600,
			"y": -6380,
			"z": 0
		}, {
			"x": 1600,
			"y": -4540,
			"z": 520
		}],
		"RedCarpet": [{
			"x": -200,
			"y": -10080,
			"z": -400
		}, {
			"x": 200,
			"y": -7420,
			"z": 340
		}],
		"SmokingArea": [{
			"x": 1840,
			"y": -3380,
			"z": 0
		}, {
			"x": 3740,
			"y": -1720,
			"z": 500
		}],
		"VIP": [{
			"x": 1860,
			"y": -4540,
			"z": 0
		}, {
			"x": 3200,
			"y": -3400,
			"z": 580
		}],
		"archives": [{
			"x": -4880,
			"y": 1940,
			"z": -300
		}, {
			"x": -1800,
			"y": 2560,
			"z": 400
		}],
		"back_rooms": [{
			"x": -1580,
			"y": 420,
			"z": 600
		}, {
			"x": 1620,
			"y": 2180,
			"z": 1100
		}],
		"deliveries": [{
			"x": 1220,
			"y": 2580,
			"z": 100
		}, {
			"x": 2420,
			"y": 3360,
			"z": 460
		}],
		"downstairs": [{
			"x": -1780,
			"y": -4520,
			"z": -140
		}, {
			"x": 1820,
			"y": -20,
			"z": 580
		}],
		"employee_area": [{
			"x": -2780,
			"y": 0,
			"z": 0
		}, {
			"x": 2820,
			"y": 2540,
			"z": 500
		}],
		"lockers": [{
			"x": 1840,
			"y": 1760,
			"z": -300
		}, {
			"x": 4620,
			"y": 2560,
			"z": 400
		}],
		"managers": [{
			"x": -380,
			"y": 2220,
			"z": 100
		}, {
			"x": 420,
			"y": 3820,
			"z": 400
		}],
		"rear_staircase": [{
			"x": 1860,
			"y": -700,
			"z": 0
		}, {
			"x": 3060,
			"y": -100,
			"z": 900
		}],
		"security": [{
			"x": -1140,
			"y": 20,
			"z": 100
		}, {
			"x": 1200,
			"y": 1160,
			"z": 460
		}],
		"servers": [{
			"x": -1780,
			"y": 2580,
			"z": 100
		}, {
			"x": -480,
			"y": 3380,
			"z": 500
		}],
		"showers": [{
			"x": 3660,
			"y": 2580,
			"z": -300
		}, {
			"x": 4620,
			"y": 2960,
			"z": 0
		}],
		"storage": [{
			"x": 720,
			"y": 1820,
			"z": 100
		}, {
			"x": 1120,
			"y": 2220,
			"z": 460
		}],
		"storage2": [{
			"x": -1060,
			"y": 1820,
			"z": 100
		}, {
			"x": -680,
			"y": 2220,
			"z": 460
		}],
		"terrace": [{
			"x": 1860,
			"y": -4520,
			"z": 600
		}, {
			"x": 3200,
			"y": -800,
			"z": 1080
		}],
		"upstairs": [{
			"x": -1780,
			"y": -4600,
			"z": 600
		}, {
			"x": 1820,
			"y": 0,
			"z": 1100
		}],
		"vault": [{
			"x": -180,
			"y": -1380,
			"z": -900
		}, {
			"x": 220,
			"y": -1100,
			"z": -620
		}],
		"vault_stairs": [{
			"x": -280,
			"y": -1100,
			"z": -900
		}, {
			"x": 520,
			"y": 800,
			"z": 100
		}]
	},
	"kosugi": {
		"backAlley": [{
			"x": -4980,
			"y": -3220,
			"z": 980
		}, {
			"x": -3800,
			"y": -1200,
			"z": 2180
		}],
		"backDoorRoom": [{
			"x": -1140,
			"y": -5420,
			"z": 580
		}, {
			"x": 400,
			"y": -4620,
			"z": 880
		}],
		"backRoof": [{
			"x": -3380,
			"y": -6040,
			"z": 1380
		}, {
			"x": -180,
			"y": -5640,
			"z": 1780
		}],
		"backYard": [{
			"x": -5360,
			"y": -7460,
			"z": 560
		}, {
			"x": -1160,
			"y": -5620,
			"z": 1360
		}],
		"cagesFirstFloor": [{
			"x": -380,
			"y": -5020,
			"z": 980
		}, {
			"x": 600,
			"y": -3620,
			"z": 1280
		}],
		"cagesSecondFloor": [{
			"x": -380,
			"y": -5020,
			"z": 1380
		}, {
			"x": 600,
			"y": -3620,
			"z": 1740
		}],
		"escapeArea": [{
			"x": 4600,
			"y": 40,
			"z": 960
		}, {
			"x": 7740,
			"y": 5200,
			"z": 1900
		}],
		"exteriorStairs": [{
			"x": 3400,
			"y": 2440,
			"z": 980
		}, {
			"x": 4600,
			"y": 4020,
			"z": 2500
		}],
		"frontYard": [{
			"x": 1460,
			"y": -3980,
			"z": 980
		}, {
			"x": 4600,
			"y": 2420,
			"z": 1720
		}],
		"helipad": [{
			"x": -920,
			"y": -5640,
			"z": 1780
		}, {
			"x": 640,
			"y": -1200,
			"z": 2280
		}],
		"innerMachineRoom": [{
			"x": 660,
			"y": -5200,
			"z": 980
		}, {
			"x": 1460,
			"y": -2820,
			"z": 1280
		}],
		"kitchen": [{
			"x": -940,
			"y": -3600,
			"z": 980
		}, {
			"x": -180,
			"y": -2840,
			"z": 1280
		}],
		"largeVantagePoint": [{
			"x": 600,
			"y": 2420,
			"z": 1700
		}, {
			"x": 3400,
			"y": 4020,
			"z": 2500
		}],
		"lockerRoom": [{
			"x": -940,
			"y": -4840,
			"z": 980
		}, {
			"x": -400,
			"y": -3620,
			"z": 1280
		}],
		"machineRoomAlley": [{
			"x": -5360,
			"y": -5620,
			"z": 580
		}, {
			"x": -4600,
			"y": -3240,
			"z": 1360
		}],
		"machineRoomLowerFloor": [{
			"x": -4580,
			"y": -5620,
			"z": 580
		}, {
			"x": -3820,
			"y": -4020,
			"z": 980
		}],
		"machineRoomRooftop": [{
			"x": -4640,
			"y": -5260,
			"z": 1380
		}, {
			"x": -3800,
			"y": -3200,
			"z": 1760
		}],
		"machineRoomRooftop2": [{
			"x": -4640,
			"y": -5260,
			"z": 960
		}, {
			"x": -3800,
			"y": -4420,
			"z": 1600
		}],
		"machineRoomUpperFloor": [{
			"x": -4580,
			"y": -4400,
			"z": 980
		}, {
			"x": -3820,
			"y": -3240,
			"z": 1380
		}],
		"mainEntrance": [{
			"x": 4620,
			"y": -3180,
			"z": 960
		}, {
			"x": 6600,
			"y": 20,
			"z": 1900
		}],
		"mainStairs": [{
			"x": 220,
			"y": -5600,
			"z": 580
		}, {
			"x": 620,
			"y": -5020,
			"z": 1680
		}],
		"officeRoom": [{
			"x": -140,
			"y": -3600,
			"z": 980
		}, {
			"x": 600,
			"y": -2840,
			"z": 1280
		}],
		"rearDoor": [{
			"x": -1140,
			"y": -6860,
			"z": 580
		}, {
			"x": 140,
			"y": -5440,
			"z": 1360
		}],
		"roofStairs": [{
			"x": -2760,
			"y": -5620,
			"z": 1380
		}, {
			"x": -2200,
			"y": -5220,
			"z": 2080
		}],
		"securityRoom": [{
			"x": -140,
			"y": -3600,
			"z": 1380
		}, {
			"x": 600,
			"y": -2840,
			"z": 1680
		}],
		"securityRoomSide": [{
			"x": -940,
			"y": -4840,
			"z": 1380
		}, {
			"x": -180,
			"y": -2840,
			"z": 1680
		}],
		"serverRoom": [{
			"x": -3540,
			"y": -5620,
			"z": 1380
		}, {
			"x": -2780,
			"y": -4860,
			"z": 1680
		}],
		"serverRoomSide": [{
			"x": -2740,
			"y": -5620,
			"z": 1380
		}, {
			"x": -1580,
			"y": -4860,
			"z": 1680
		}],
		"sewerBelowEntrance": [{
			"x": 1000,
			"y": -3660,
			"z": 160
		}, {
			"x": 5000,
			"y": -3280,
			"z": 980
		}],
		"sewerBelowMachineRoom": [{
			"x": -4200,
			"y": -3660,
			"z": 160
		}, {
			"x": -2200,
			"y": -3260,
			"z": 980
		}],
		"sewerBelowStorageRoom": [{
			"x": -2140,
			"y": -7460,
			"z": 200
		}, {
			"x": -980,
			"y": -3320,
			"z": 560
		}],
		"sewerBelowWarehouse": [{
			"x": -980,
			"y": -4860,
			"z": 160
		}, {
			"x": 1000,
			"y": -3280,
			"z": 640
		}],
		"sewerEntrance": [{
			"x": 4620,
			"y": -4380,
			"z": 980
		}, {
			"x": 6200,
			"y": -3200,
			"z": 1340
		}],
		"sideAlley": [{
			"x": 1460,
			"y": -4600,
			"z": 980
		}, {
			"x": 4620,
			"y": -4000,
			"z": 1760
		}],
		"sideAlleyStairs": [{
			"x": 660,
			"y": -6860,
			"z": 580
		}, {
			"x": 2460,
			"y": -4000,
			"z": 1020
		}],
		"sideYard": [{
			"x": -4980,
			"y": -1200,
			"z": 980
		}, {
			"x": 1460,
			"y": 2400,
			"z": 1940
		}],
		"slantedRooftop": [{
			"x": 640,
			"y": -5240,
			"z": 1380
		}, {
			"x": 1500,
			"y": -3620,
			"z": 1860
		}],
		"smallVantagePoint": [{
			"x": 2060,
			"y": -4820,
			"z": 1580
		}, {
			"x": 3660,
			"y": -4400,
			"z": 1920
		}],
		"staircaseRooftop": [{
			"x": -3780,
			"y": -5640,
			"z": 1780
		}, {
			"x": -920,
			"y": -4820,
			"z": 2180
		}],
		"storageRoomFirstFloor": [{
			"x": -1540,
			"y": -5600,
			"z": 980
		}, {
			"x": 20,
			"y": -4840,
			"z": 1280
		}],
		"storageRoomSecondFloor": [{
			"x": -1540,
			"y": -5600,
			"z": 1380
		}, {
			"x": 20,
			"y": -4840,
			"z": 1740
		}],
		"vault": [{
			"x": -3480,
			"y": -5640,
			"z": 980
		}, {
			"x": -2640,
			"y": -4860,
			"z": 1280
		}],
		"vaultDoor": [{
			"x": -2600,
			"y": -5620,
			"z": 980
		}, {
			"x": -1580,
			"y": -4840,
			"z": 1320
		}],
		"warehouse": [{
			"x": -3780,
			"y": -4840,
			"z": 980
		}, {
			"x": -960,
			"y": -1220,
			"z": 1760
		}],
		"warehouseEntrance": [{
			"x": -960,
			"y": -2820,
			"z": 980
		}, {
			"x": 1460,
			"y": -1200,
			"z": 1760
		}],
		"warehouseRailing": [{
			"x": -3780,
			"y": -4820,
			"z": 1780
		}, {
			"x": -980,
			"y": -2020,
			"z": 2180
		}],
		"warehouseRooftop": [{
			"x": -3780,
			"y": -2020,
			"z": 1780
		}, {
			"x": -940,
			"y": -1200,
			"z": 2200
		}]
	},
	"mallcrasher": {
		"backEscalator": [{
			"x": -1040,
			"y": -4420,
			"z": 0
		}, {
			"x": 180,
			"y": -3200,
			"z": 840
		}],
		"carDealership": [{
			"x": 260,
			"y": -2360,
			"z": 400
		}, {
			"x": 1160,
			"y": -780,
			"z": 700
		}],
		"clothingStore": [{
			"x": -1840,
			"y": -3160,
			"z": 400
		}, {
			"x": -1020,
			"y": -1640,
			"z": 740
		}],
		"cosmeticsShop": [{
			"x": -1600,
			"y": -3480,
			"z": 0
		}, {
			"x": -820,
			"y": -1600,
			"z": 300
		}],
		"entrance": [{
			"x": -1900,
			"y": 860,
			"z": -400
		}, {
			"x": 480,
			"y": 3340,
			"z": 340
		}],
		"frontEscalator": [{
			"x": -1020,
			"y": -400,
			"z": -400
		}, {
			"x": 180,
			"y": 860,
			"z": 340
		}],
		"frontStairs": [{
			"x": 180,
			"y": -400,
			"z": -400
		}, {
			"x": 1280,
			"y": 300,
			"z": 720
		}],
		"gym": [{
			"x": -1020,
			"y": -5880,
			"z": 400
		}, {
			"x": 940,
			"y": -4080,
			"z": 740
		}],
		"hairSalon": [{
			"x": -2400,
			"y": -2380,
			"z": 0
		}, {
			"x": -1680,
			"y": -1600,
			"z": 340
		}],
		"jewelryStore": [{
			"x": -1740,
			"y": -800,
			"z": 400
		}, {
			"x": -1100,
			"y": -40,
			"z": 740
		}],
		"lowerArcade": [{
			"x": -820,
			"y": -3200,
			"z": 0
		}, {
			"x": -20,
			"y": 0,
			"z": 380
		}],
		"luxuryStore": [{
			"x": -1820,
			"y": -3960,
			"z": 400
		}, {
			"x": -1020,
			"y": -3180,
			"z": 740
		}],
		"pearStore": [{
			"x": 260,
			"y": -4060,
			"z": 400
		}, {
			"x": 1420,
			"y": -2440,
			"z": 740
		}],
		"potStore": [{
			"x": -2940,
			"y": -1560,
			"z": 0
		}, {
			"x": -2500,
			"y": -840,
			"z": 340
		}],
		"restrooms": [{
			"x": 180,
			"y": -4020,
			"z": 0
		}, {
			"x": 1680,
			"y": -3140,
			"z": 380
		}],
		"shoesStore": [{
			"x": -1580,
			"y": -800,
			"z": 0
		}, {
			"x": -840,
			"y": -60,
			"z": 340
		}],
		"sideEntrance": [{
			"x": 480,
			"y": 960,
			"z": -420
		}, {
			"x": 3560,
			"y": 3340,
			"z": 100
		}],
		"sideEscalator": [{
			"x": -2620,
			"y": -1600,
			"z": 0
		}, {
			"x": -1040,
			"y": -800,
			"z": 780
		}],
		"street": [{
			"x": -3340,
			"y": 3340,
			"z": -420
		}, {
			"x": 3560,
			"y": 5760,
			"z": 340
		}],
		"upperArcade": [{
			"x": -1080,
			"y": -4400,
			"z": 400
		}, {
			"x": 180,
			"y": 0,
			"z": 840
		}],
		"wineStore": [{
			"x": -3440,
			"y": -1600,
			"z": 400
		}, {
			"x": -2620,
			"y": -800,
			"z": 700
		}]
	},
	"mia_1": {
		"backAlley": [{
			"x": -1100,
			"y": -5140,
			"z": 20
		}, {
			"x": 6140,
			"y": -4060,
			"z": 500
		}],
		"basement": [{
			"x": 2660,
			"y": -4100,
			"z": -480
		}, {
			"x": 4360,
			"y": -1900,
			"z": -180
		}],
		"cornerEntrance": [{
			"x": 2920,
			"y": -4920,
			"z": -480
		}, {
			"x": 4320,
			"y": -3720,
			"z": -80
		}],
		"cornerStairs": [{
			"x": -620,
			"y": -2120,
			"z": 20
		}, {
			"x": 460,
			"y": -1900,
			"z": 820
		}],
		"frontYard": [{
			"x": -660,
			"y": -3520,
			"z": 0
		}, {
			"x": 4680,
			"y": -560,
			"z": 720
		}],
		"gasStation": [{
			"x": -4280,
			"y": -4060,
			"z": 0
		}, {
			"x": -660,
			"y": -560,
			"z": 820
		}],
		"midEntrance": [{
			"x": 1220,
			"y": -4940,
			"z": -480
		}, {
			"x": 2880,
			"y": -2720,
			"z": -80
		}],
		"middleStairs": [{
			"x": 1820,
			"y": -4420,
			"z": 20
		}, {
			"x": 2200,
			"y": -3340,
			"z": 800
		}],
		"room101": [{
			"x": 4700,
			"y": -2140,
			"z": 20
		}, {
			"x": 5580,
			"y": -1360,
			"z": 320
		}],
		"room102": [{
			"x": 4700,
			"y": -3620,
			"z": 20
		}, {
			"x": 5580,
			"y": -2760,
			"z": 320
		}],
		"room103": [{
			"x": 4700,
			"y": -4540,
			"z": 20
		}, {
			"x": 5580,
			"y": -3680,
			"z": 320
		}],
		"room104": [{
			"x": 3360,
			"y": -4420,
			"z": 20
		}, {
			"x": 4220,
			"y": -3540,
			"z": 320
		}],
		"room105": [{
			"x": 2420,
			"y": -4420,
			"z": 20
		}, {
			"x": 3300,
			"y": -3540,
			"z": 320
		}],
		"room106": [{
			"x": 900,
			"y": -4420,
			"z": 20
		}, {
			"x": 1780,
			"y": -3580,
			"z": 320
		}],
		"room107": [{
			"x": -20,
			"y": -4420,
			"z": 20
		}, {
			"x": 860,
			"y": -3540,
			"z": 320
		}],
		"room108": [{
			"x": -620,
			"y": -3080,
			"z": 20
		}, {
			"x": 240,
			"y": -2280,
			"z": 320
		}],
		"room201": [{
			"x": 4700,
			"y": -2220,
			"z": 420
		}, {
			"x": 5580,
			"y": -1360,
			"z": 720
		}],
		"room202": [{
			"x": 4700,
			"y": -3620,
			"z": 420
		}, {
			"x": 5580,
			"y": -2760,
			"z": 720
		}],
		"room203": [{
			"x": 4700,
			"y": -4540,
			"z": 420
		}, {
			"x": 5580,
			"y": -3680,
			"z": 720
		}],
		"room204": [{
			"x": 3360,
			"y": -4420,
			"z": 420
		}, {
			"x": 4220,
			"y": -3540,
			"z": 720
		}],
		"room205": [{
			"x": 2420,
			"y": -4420,
			"z": 420
		}, {
			"x": 3300,
			"y": -3540,
			"z": 720
		}],
		"room206": [{
			"x": 900,
			"y": -4420,
			"z": 420
		}, {
			"x": 1760,
			"y": -3540,
			"z": 720
		}],
		"room207": [{
			"x": -20,
			"y": -4420,
			"z": 420
		}, {
			"x": 860,
			"y": -3540,
			"z": 720
		}],
		"room208": [{
			"x": -620,
			"y": -3080,
			"z": 420
		}, {
			"x": 240,
			"y": -2280,
			"z": 720
		}],
		"scannerRoom": [{
			"x": 2500,
			"y": -2300,
			"z": -480
		}, {
			"x": 3500,
			"y": -1120,
			"z": -180
		}],
		"sideAlley": [{
			"x": 5600,
			"y": -5080,
			"z": 20
		}, {
			"x": 6140,
			"y": -560,
			"z": 820
		}],
		"sideEntrance": [{
			"x": 4360,
			"y": -4940,
			"z": -480
		}, {
			"x": 6120,
			"y": -1620,
			"z": -80
		}],
		"sideStairs": [{
			"x": 4260,
			"y": -2700,
			"z": 20
		}, {
			"x": 5540,
			"y": -2340,
			"z": 800
		}],
		"storageRoom": [{
			"x": 3520,
			"y": -1900,
			"z": -480
		}, {
			"x": 4300,
			"y": -1120,
			"z": -180
		}],
		"street": [{
			"x": -4260,
			"y": -560,
			"z": -20
		}, {
			"x": 6040,
			"y": 2120,
			"z": 600
		}],
		"upperFloor": [{
			"x": -620,
			"y": -4440,
			"z": 420
		}, {
			"x": 5600,
			"y": -1320,
			"z": 800
		}]
	},
	"mia_2": {
		"courtyard": [{
			"x": -1160,
			"y": -780,
			"z": 0
		}, {
			"x": 780,
			"y": 1140,
			"z": 280
		}],
		"courtyardAccess": [{
			"x": -380,
			"y": -2780,
			"z": 0
		}, {
			"x": -20,
			"y": -620,
			"z": 300
		}],
		"eastStairwell": [{
			"x": 1420,
			"y": -100,
			"z": 0
		}, {
			"x": 1840,
			"y": 500,
			"z": 2000
		}],
		"floor1": [{
			"x": -2620,
			"y": -2800,
			"z": 400
		}, {
			"x": 2220,
			"y": 3200,
			"z": 700
		}],
		"floor1East": [{
			"x": 1200,
			"y": -2880,
			"z": 400
		}, {
			"x": 2220,
			"y": 3280,
			"z": 700
		}],
		"floor1EastCorridor": [{
			"x": 800,
			"y": -2800,
			"z": 400
		}, {
			"x": 1200,
			"y": 3200,
			"z": 700
		}],
		"floor1North": [{
			"x": -2620,
			"y": 2400,
			"z": 400
		}, {
			"x": 2220,
			"y": 3280,
			"z": 700
		}],
		"floor1NorthCorridor": [{
			"x": -1600,
			"y": 2000,
			"z": 400
		}, {
			"x": 1200,
			"y": 2400,
			"z": 700
		}],
		"floor1South": [{
			"x": -2620,
			"y": -2880,
			"z": 400
		}, {
			"x": 2220,
			"y": -2000,
			"z": 700
		}],
		"floor1SouthCorridor": [{
			"x": -1600,
			"y": -2000,
			"z": 400
		}, {
			"x": 1200,
			"y": -1600,
			"z": 700
		}],
		"floor1West": [{
			"x": -2620,
			"y": -2880,
			"z": 400
		}, {
			"x": -1600,
			"y": 3220,
			"z": 700
		}],
		"floor1WestCorridor": [{
			"x": -1600,
			"y": -2800,
			"z": 400
		}, {
			"x": -1200,
			"y": 3200,
			"z": 700
		}],
		"floor2": [{
			"x": -2620,
			"y": -2820,
			"z": 800
		}, {
			"x": 2220,
			"y": 3200,
			"z": 1100
		}],
		"floor2East": [{
			"x": 1200,
			"y": -2880,
			"z": 800
		}, {
			"x": 2420,
			"y": 3220,
			"z": 1100
		}],
		"floor2EastCorridor": [{
			"x": 800,
			"y": -2800,
			"z": 800
		}, {
			"x": 1200,
			"y": 3200,
			"z": 1100
		}],
		"floor2North": [{
			"x": -2620,
			"y": 2400,
			"z": 800
		}, {
			"x": 2220,
			"y": 3220,
			"z": 1100
		}],
		"floor2NorthCorridor": [{
			"x": -1600,
			"y": 2000,
			"z": 800
		}, {
			"x": 1200,
			"y": 2400,
			"z": 1100
		}],
		"floor2South": [{
			"x": -2620,
			"y": -2800,
			"z": 800
		}, {
			"x": 2220,
			"y": -2000,
			"z": 1100
		}],
		"floor2SouthCorridor": [{
			"x": -1600,
			"y": -2000,
			"z": 800
		}, {
			"x": 1200,
			"y": -1600,
			"z": 1060
		}],
		"floor2West": [{
			"x": -2620,
			"y": -2880,
			"z": 800
		}, {
			"x": -1600,
			"y": 3280,
			"z": 1100
		}],
		"floor2WestCorridor": [{
			"x": -1600,
			"y": -2800,
			"z": 800
		}, {
			"x": -1200,
			"y": 3200,
			"z": 1100
		}],
		"floor3": [{
			"x": -2600,
			"y": -2820,
			"z": 1200
		}, {
			"x": 2220,
			"y": 3280,
			"z": 1500
		}],
		"floor3East": [{
			"x": 1200,
			"y": -2800,
			"z": 1220
		}, {
			"x": 2220,
			"y": 3280,
			"z": 1500
		}],
		"floor3EastCorridor": [{
			"x": 800,
			"y": -2800,
			"z": 1200
		}, {
			"x": 1200,
			"y": 3200,
			"z": 1500
		}],
		"floor3North": [{
			"x": -2620,
			"y": 2400,
			"z": 1200
		}, {
			"x": 2220,
			"y": 3220,
			"z": 1500
		}],
		"floor3NorthCorridor": [{
			"x": -1600,
			"y": 2000,
			"z": 1200
		}, {
			"x": 1200,
			"y": 2400,
			"z": 1500
		}],
		"floor3South": [{
			"x": -2620,
			"y": -2820,
			"z": 1200
		}, {
			"x": 2220,
			"y": -2000,
			"z": 1500
		}],
		"floor3SouthCorridor": [{
			"x": -1600,
			"y": -2000,
			"z": 1200
		}, {
			"x": 1200,
			"y": -1600,
			"z": 1500
		}],
		"floor3West": [{
			"x": -2620,
			"y": -2880,
			"z": 1200
		}, {
			"x": -1600,
			"y": 3280,
			"z": 1500
		}],
		"floor3WestCorridor": [{
			"x": -1600,
			"y": -2800,
			"z": 1200
		}, {
			"x": -1200,
			"y": 3200,
			"z": 1500
		}],
		"floor4East": [{
			"x": 600,
			"y": -200,
			"z": 1600
		}, {
			"x": 1400,
			"y": 1600,
			"z": 1900
		}],
		"floor4North": [{
			"x": -1600,
			"y": 1120,
			"z": 1600
		}, {
			"x": 1200,
			"y": 1600,
			"z": 1900
		}],
		"floor4West": [{
			"x": -1800,
			"y": -200,
			"z": 1600
		}, {
			"x": -1000,
			"y": 1600,
			"z": 1900
		}],
		"groundEntrance": [{
			"x": 600,
			"y": -200,
			"z": 0
		}, {
			"x": 1840,
			"y": 600,
			"z": 300
		}],
		"leftBalcony": [{
			"x": -1980,
			"y": 2200,
			"z": 1600
		}, {
			"x": -880,
			"y": 3180,
			"z": 1980
		}],
		"leftRoom": [{
			"x": -1200,
			"y": 1640,
			"z": 1600
		}, {
			"x": -820,
			"y": 2180,
			"z": 1900
		}],
		"rightBalcony": [{
			"x": 0,
			"y": 2200,
			"z": 1600
		}, {
			"x": 1580,
			"y": 3180,
			"z": 2040
		}],
		"rightRoom": [{
			"x": 420,
			"y": 1600,
			"z": 1600
		}, {
			"x": 800,
			"y": 2180,
			"z": 1900
		}],
		"vault": [{
			"x": -400,
			"y": 2400,
			"z": 1600
		}, {
			"x": 0,
			"y": 2800,
			"z": 1900
		}],
		"vaultRoom": [{
			"x": -800,
			"y": 1620,
			"z": 1600
		}, {
			"x": 400,
			"y": 3080,
			"z": 1900
		}],
		"wasteManagement": [{
			"x": -1680,
			"y": -2600,
			"z": 0
		}, {
			"x": -380,
			"y": -1420,
			"z": 300
		}],
		"westStairwell": [{
			"x": -2280,
			"y": -120,
			"z": 0
		}, {
			"x": -1820,
			"y": 520,
			"z": 2000
		}]
	},
	"mus": {
		"Ancient Mysteries": [{
			"x": -1040,
			"y": 1580,
			"z": -300
		}, {
			"x": 940,
			"y": 2680,
			"z": 300
		}],
		"Archives": [{
			"x": -3100,
			"y": -3440,
			"z": -1200
		}, {
			"x": -1900,
			"y": -1380,
			"z": -900
		}],
		"Basement Corridor": [{
			"x": -2500,
			"y": 160,
			"z": -1200
		}, {
			"x": -1900,
			"y": 3760,
			"z": -900
		}],
		"Basement Stairs1": [{
			"x": -1900,
			"y": -200,
			"z": -1080
		}, {
			"x": -1100,
			"y": 320,
			"z": -400
		}],
		"Basement Stairs2": [{
			"x": -1900,
			"y": 2640,
			"z": -1120
		}, {
			"x": -120,
			"y": 4320,
			"z": -340
		}],
		"Corridor Back": [{
			"x": 1000,
			"y": -2380,
			"z": -340
		}, {
			"x": 1400,
			"y": 2780,
			"z": 120
		}],
		"Corridor Front": [{
			"x": -1500,
			"y": -2380,
			"z": -340
		}, {
			"x": -1100,
			"y": 2780,
			"z": 120
		}],
		"Corridor Left": [{
			"x": -1100,
			"y": 2720,
			"z": -300
		}, {
			"x": 1000,
			"y": 3080,
			"z": 160
		}],
		"Corridor Right": [{
			"x": -1100,
			"y": -2680,
			"z": -300
		}, {
			"x": 1000,
			"y": -2320,
			"z": 160
		}],
		"Courtyard": [{
			"x": -1040,
			"y": -1120,
			"z": -360
		}, {
			"x": 940,
			"y": 1520,
			"z": 100
		}],
		"Curators Office": [{
			"x": -3200,
			"y": 1360,
			"z": -1200
		}, {
			"x": -2540,
			"y": 3680,
			"z": -900
		}],
		"Diamond Exhibition": [{
			"x": 5920,
			"y": -620,
			"z": -600
		}, {
			"x": 9080,
			"y": 1000,
			"z": -40
		}],
		"Egyptian Room": [{
			"x": -1040,
			"y": -2280,
			"z": -300
		}, {
			"x": 940,
			"y": -1180,
			"z": 300
		}],
		"Exhibition Room 1-E": [{
			"x": -2640,
			"y": -2940,
			"z": -300
		}, {
			"x": -1560,
			"y": -960,
			"z": 180
		}],
		"Lobby": [{
			"x": -3800,
			"y": -540,
			"z": -700
		}, {
			"x": -1900,
			"y": 960,
			"z": -380
		}],
		"Lower Exhibition Halls": [{
			"x": -3140,
			"y": -2940,
			"z": -800
		}, {
			"x": 440,
			"y": -1360,
			"z": -400
		}],
		"Lower Staircase": [{
			"x": 500,
			"y": -3920,
			"z": -800
		}, {
			"x": 1400,
			"y": -2720,
			"z": 140
		}],
		"Main Entrance": [{
			"x": -7140,
			"y": -1000,
			"z": -1000
		}, {
			"x": -3900,
			"y": 1400,
			"z": -460
		}],
		"Mongolian Room": [{
			"x": 1460,
			"y": -2140,
			"z": -300
		}, {
			"x": 2540,
			"y": -460,
			"z": 280
		}],
		"North Hall": [{
			"x": 2800,
			"y": -1400,
			"z": -600
		}, {
			"x": 5600,
			"y": 1800,
			"z": 280
		}],
		"Outside Left": [{
			"x": -7140,
			"y": 1460,
			"z": -1000
		}, {
			"x": -3300,
			"y": 3840,
			"z": -540
		}],
		"Outside North Hall": [{
			"x": 1800,
			"y": -400,
			"z": -300
		}, {
			"x": 2300,
			"y": 800,
			"z": 100
		}],
		"Outside Right": [{
			"x": -6740,
			"y": -3540,
			"z": -1000
		}, {
			"x": -3300,
			"y": -1040,
			"z": -240
		}],
		"Power Central": [{
			"x": -2820,
			"y": 460,
			"z": -1200
		}, {
			"x": -2520,
			"y": 1060,
			"z": -900
		}],
		"Roman Room": [{
			"x": 1460,
			"y": 860,
			"z": -300
		}, {
			"x": 2540,
			"y": 2540,
			"z": 300
		}],
		"Storage": [{
			"x": -3100,
			"y": -1340,
			"z": -1200
		}, {
			"x": -1900,
			"y": 160,
			"z": -900
		}]
	},
	"nightclub": {
		"basement": [{
			"x": 1325,
			"y": -8225,
			"z": -425
		}, {
			"x": 2099,
			"y": -6850,
			"z": -126
		}],
		"basementStairs": [{
			"x": 2026,
			"y": -8026,
			"z": -425
		}, {
			"x": 2775,
			"y": -7849,
			"z": 273
		}],
		"cloakRoom": [{
			"x": 300,
			"y": -5524,
			"z": -26
		}, {
			"x": 724,
			"y": -4480,
			"z": 276
		}],
		"djStage": [{
			"x": 2783,
			"y": -7600,
			"z": -26
		}, {
			"x": 3063,
			"y": -5228,
			"z": 425
		}],
		"entrance": [{
			"x": 724,
			"y": -4867,
			"z": -26
		}, {
			"x": 1948,
			"y": -4203,
			"z": 275
		}],
		"escapeHallway": [{
			"x": -1350,
			"y": -2598,
			"z": 24
		}, {
			"x": -551,
			"y": -899,
			"z": 384
		}],
		"escapeLargeHallway": [{
			"x": 1746,
			"y": -2594,
			"z": 25
		}, {
			"x": 3443,
			"y": -196,
			"z": 417
		}],
		"gamblingRoom": [{
			"x": 1250,
			"y": -7818,
			"z": -26
		}, {
			"x": 1997,
			"y": -7225,
			"z": 274
		}],
		"kitchen": [{
			"x": 2075,
			"y": -7761,
			"z": -25
		}, {
			"x": 2773,
			"y": -6752,
			"z": 275
		}],
		"leftEscapeArea": [{
			"x": -1620,
			"y": -897,
			"z": 25
		}, {
			"x": -155,
			"y": 600,
			"z": 425
		}],
		"loungeBar": [{
			"x": 1575,
			"y": -6700,
			"z": -26
		}, {
			"x": 2772,
			"y": -6454,
			"z": 250
		}],
		"mainLounge": [{
			"x": 1152,
			"y": -6452,
			"z": -76
		}, {
			"x": 2771,
			"y": -4928,
			"z": 442
		}],
		"managementRoomLedge": [{
			"x": 2636,
			"y": -5968,
			"z": 477
		}, {
			"x": 2764,
			"y": -4925,
			"z": 677
		}],
		"managementRoomLowerFloor": [{
			"x": 3100,
			"y": -7600,
			"z": -26
		}, {
			"x": 3447,
			"y": -6430,
			"z": 479
		}],
		"managementRoomUpperFloor": [{
			"x": 2803,
			"y": -7222,
			"z": 475
		}, {
			"x": 3472,
			"y": -5261,
			"z": 825
		}],
		"officeLowerFloor": [{
			"x": 791,
			"y": -7199,
			"z": -25
		}, {
			"x": 1550,
			"y": -6800,
			"z": 370
		}],
		"officeUpperFloor": [{
			"x": 181,
			"y": -7213,
			"z": 377
		}, {
			"x": 1372,
			"y": -6578,
			"z": 675
		}],
		"rearEscapeArea": [{
			"x": 2250,
			"y": -10600,
			"z": 25
		}, {
			"x": 3294,
			"y": -9525,
			"z": 422
		}],
		"rearEscapeDoor": [{
			"x": 2025,
			"y": -9500,
			"z": -26
		}, {
			"x": 2649,
			"y": -8055,
			"z": 422
		}],
		"rearParkingLot": [{
			"x": 1149,
			"y": -9525,
			"z": -26
		}, {
			"x": 2025,
			"y": -7848,
			"z": 374
		}],
		"restroomStairs": [{
			"x": 1953,
			"y": -4872,
			"z": -20
		}, {
			"x": 2772,
			"y": -4528,
			"z": 535
		}],
		"restrooms": [{
			"x": 2802,
			"y": -5125,
			"z": -25
		}, {
			"x": 3400,
			"y": -4475,
			"z": 275
		}],
		"rightAlley": [{
			"x": -150,
			"y": -5475,
			"z": 24
		}, {
			"x": 279,
			"y": -4200,
			"z": 418
		}],
		"rightEscapeArea": [{
			"x": 1846,
			"y": -190,
			"z": 24
		}, {
			"x": 2799,
			"y": 700,
			"z": 417
		}],
		"roofTopBalcony": [{
			"x": 2705,
			"y": -4750,
			"z": 425
		}, {
			"x": 3421,
			"y": -4126,
			"z": 749
		}],
		"roofTopBar": [{
			"x": 291,
			"y": -5000,
			"z": 425
		}, {
			"x": 1450,
			"y": -4227,
			"z": 782
		}],
		"secondFloor": [{
			"x": 802,
			"y": -6515,
			"z": 375
		}, {
			"x": 1566,
			"y": -5953,
			"z": 675
		}],
		"secondFloorLedge": [{
			"x": 1102,
			"y": -5953,
			"z": 391
		}, {
			"x": 1579,
			"y": -5004,
			"z": 675
		}],
		"storageRoom": [{
			"x": 2675,
			"y": -8800,
			"z": -25
		}, {
			"x": 3450,
			"y": -7625,
			"z": 274
		}],
		"street": [{
			"x": -1760,
			"y": -4200,
			"z": 5
		}, {
			"x": 3474,
			"y": -2600,
			"z": 424
		}]
	},
	"rat": "alex_1",
	"roberts": {
		"carRepairShop": [{
			"x": -2200,
			"y": 400,
			"z": -80
		}, {
			"x": 300,
			"y": 2600,
			"z": 760
		}],
		"dirtDeposit": [{
			"x": 2320,
			"y": -5100,
			"z": -60
		}, {
			"x": 3780,
			"y": -3120,
			"z": 260
		}],
		"escapeArea": [{
			"x": -9280,
			"y": -4620,
			"z": 160
		}, {
			"x": -7280,
			"y": -2220,
			"z": 520
		}],
		"frontDoor": [{
			"x": -340,
			"y": -1980,
			"z": -60
		}, {
			"x": 280,
			"y": -340,
			"z": 420
		}],
		"gasParkingLot": [{
			"x": 2320,
			"y": -3100,
			"z": -80
		}, {
			"x": 5040,
			"y": -1000,
			"z": 480
		}],
		"gasStation": [{
			"x": 2320,
			"y": -1000,
			"z": -80
		}, {
			"x": 5040,
			"y": 3480,
			"z": 460
		}],
		"groceryParkingLot": [{
			"x": -1240,
			"y": -3660,
			"z": -80
		}, {
			"x": 300,
			"y": -2020,
			"z": 420
		}],
		"groceryStore": [{
			"x": -1780,
			"y": -5820,
			"z": -80
		}, {
			"x": 300,
			"y": -3660,
			"z": 1060
		}],
		"innerLadder": [{
			"x": -1500,
			"y": -2020,
			"z": -60
		}, {
			"x": -1200,
			"y": -1800,
			"z": 520
		}],
		"parkingLot": [{
			"x": -4420,
			"y": -3340,
			"z": -80
		}, {
			"x": -1520,
			"y": 720,
			"z": 580
		}],
		"rearDoor": [{
			"x": -1520,
			"y": -1780,
			"z": -80
		}, {
			"x": -1200,
			"y": 400,
			"z": 260
		}],
		"reception": [{
			"x": -1200,
			"y": -2000,
			"z": -60
		}, {
			"x": -340,
			"y": -340,
			"z": 320
		}],
		"rooftop": [{
			"x": -1780,
			"y": -2600,
			"z": 320
		}, {
			"x": 580,
			"y": -340,
			"z": 900
		}],
		"sewerBelowBank": [{
			"x": -1780,
			"y": -3600,
			"z": -660
		}, {
			"x": 240,
			"y": 20,
			"z": -160
		}],
		"sewerBelowEscapeArea": [{
			"x": -7780,
			"y": -2780,
			"z": -680
		}, {
			"x": -6100,
			"y": -2380,
			"z": 160
		}],
		"sewerBelowGasStation": [{
			"x": 2240,
			"y": -2780,
			"z": -680
		}, {
			"x": 4640,
			"y": -780,
			"z": -160
		}],
		"sewerBelowParkingLot": [{
			"x": -6100,
			"y": -3360,
			"z": -660
		}, {
			"x": -1780,
			"y": 20,
			"z": -160
		}],
		"sewerBelowStreet": [{
			"x": 260,
			"y": -3580,
			"z": -660
		}, {
			"x": 2240,
			"y": 1640,
			"z": -160
		}],
		"sideDoor": [{
			"x": -1520,
			"y": -3660,
			"z": -80
		}, {
			"x": -1240,
			"y": -2020,
			"z": 420
		}],
		"street": [{
			"x": 300,
			"y": -5140,
			"z": -80
		}, {
			"x": 2360,
			"y": 2640,
			"z": 320
		}],
		"vault": [{
			"x": -1420,
			"y": -780,
			"z": -60
		}, {
			"x": -1200,
			"y": -380,
			"z": 320
		}]
	},
	"safehouse": {
		"backyard": [{
			"x": -4830,
			"y": 950,
			"z": 0
		}, {
			"x": -3371,
			"y": 3299,
			"z": 592
		}],
		"basement": [{
			"x": -1980,
			"y": 2320,
			"z": -400
		}, {
			"x": -380,
			"y": 4700,
			"z": 0
		}],
		"cameraRoom": [{
			"x": -979,
			"y": 2711,
			"z": -399
		}, {
			"x": -404,
			"y": 3403,
			"z": -149
		}],
		"doorsRoom": [{
			"x": -3154,
			"y": 3636,
			"z": -399
		}, {
			"x": -1979,
			"y": 4861,
			"z": -99
		}],
		"entrance": [{
			"x": -3926,
			"y": 4649,
			"z": -1
		}, {
			"x": -1271,
			"y": 6612,
			"z": 349
		}],
		"garage": [{
			"x": -3321,
			"y": 1381,
			"z": 0
		}, {
			"x": -2375,
			"y": 2436,
			"z": 400
		}],
		"groundBackRoomA": [{
			"x": -3321,
			"y": 2461,
			"z": 0
		}, {
			"x": -2832,
			"y": 3160,
			"z": 346
		}],
		"groundBackRoomB": [{
			"x": -2807,
			"y": 2486,
			"z": 0
		}, {
			"x": -2375,
			"y": 3160,
			"z": 400
		}],
		"kitchen": [{
			"x": -2350,
			"y": 1865,
			"z": 0
		}, {
			"x": -1851,
			"y": 2829,
			"z": 300
		}],
		"livingRoom": [{
			"x": -1826,
			"y": 1743,
			"z": 0
		}, {
			"x": -1002,
			"y": 2829,
			"z": 300
		}],
		"middleHallway": [{
			"x": -2350,
			"y": 2854,
			"z": 0
		}, {
			"x": -625,
			"y": 3186,
			"z": 300
		}],
		"outerHall": [{
			"x": -3960,
			"y": 3180,
			"z": 0
		}, {
			"x": -1600,
			"y": 4660,
			"z": 400
		}],
		"roomA": [{
			"x": -977,
			"y": 1726,
			"z": 0
		}, {
			"x": -755,
			"y": 2196,
			"z": 300
		}],
		"roomB": [{
			"x": -977,
			"y": 2221,
			"z": 0
		}, {
			"x": -625,
			"y": 2829,
			"z": 300
		}],
		"safesRoom": [{
			"x": -379,
			"y": 3236,
			"z": -399
		}, {
			"x": 296,
			"y": 3636,
			"z": -99
		}],
		"shootingRange": [{
			"x": -379,
			"y": 4186,
			"z": -399
		}, {
			"x": 71,
			"y": 6204,
			"z": -69
		}],
		"staircase": [{
			"x": -1345,
			"y": 2499,
			"z": -399
		}, {
			"x": -1241,
			"y": 2773,
			"z": -1
		}],
		"vault": [{
			"x": -1825,
			"y": 4700,
			"z": -400
		}, {
			"x": -626,
			"y": 5803,
			"z": -100
		}]
	},
	"ukrainian_job": {
		"backAlley": [{
			"x": -1480,
			"y": -2900,
			"z": 20
		}, {
			"x": 2180,
			"y": -1840,
			"z": 500
		}],
		"farStreet": [{
			"x": -3600,
			"y": 360,
			"z": 0
		}, {
			"x": -1940,
			"y": 5980,
			"z": 420
		}],
		"frontStreet": [{
			"x": -2360,
			"y": 1160,
			"z": 0
		}, {
			"x": 2020,
			"y": 2760,
			"z": 420
		}],
		"leftSideAlley": [{
			"x": 880,
			"y": -1840,
			"z": 20
		}, {
			"x": 2180,
			"y": 1160,
			"z": 500
		}],
		"mainLobby": [{
			"x": -380,
			"y": -600,
			"z": 20
		}, {
			"x": 820,
			"y": 1160,
			"z": 340
		}],
		"managerOffice": [{
			"x": 60,
			"y": -1800,
			"z": 20
		}, {
			"x": 840,
			"y": -1000,
			"z": 320
		}],
		"parkingLot": [{
			"x": -1920,
			"y": 2740,
			"z": 40
		}, {
			"x": 1280,
			"y": 4440,
			"z": 1260
		}],
		"rightSideAlley": [{
			"x": -1580,
			"y": -1840,
			"z": 20
		}, {
			"x": -1120,
			"y": 1160,
			"z": 320
		}],
		"staffEntrance": [{
			"x": -340,
			"y": -1500,
			"z": 20
		}, {
			"x": 60,
			"y": -600,
			"z": 320
		}],
		"staffOffice": [{
			"x": -1080,
			"y": -1600,
			"z": 20
		}, {
			"x": -340,
			"y": -800,
			"z": 320
		}],
		"startingPoint": [{
			"x": 1280,
			"y": 2760,
			"z": 20
		}, {
			"x": 1680,
			"y": 4400,
			"z": 500
		}],
		"startingPointAlley": [{
			"x": 1280,
			"y": 4400,
			"z": 20
		}, {
			"x": 1680,
			"y": 5980,
			"z": 500
		}],
		"street": [{
			"x": -4840,
			"y": 1160,
			"z": 0
		}, {
			"x": 4020,
			"y": 2800,
			"z": 420
		}],
		"vantagePoint": [{
			"x": -320,
			"y": 4360,
			"z": 1220
		}, {
			"x": 1280,
			"y": 5180,
			"z": 1720
		}]
	},
	"watchdogs_1": {
		"acrossMainRoom": [{
			"x": 150,
			"y": 1298,
			"z": 400
		}, {
			"x": 1749,
			"y": 3200,
			"z": 777
		}],
		"backAlleyToRightStreet": [{
			"x": -1046,
			"y": 3200,
			"z": -1
		}, {
			"x": 949,
			"y": 4071,
			"z": 764
		}],
		"backRoom": [{
			"x": 1800,
			"y": 949,
			"z": 401
		}, {
			"x": 2550,
			"y": 2450,
			"z": 788
		}],
		"behindTruck": [{
			"x": 1013,
			"y": -875,
			"z": -1
		}, {
			"x": 2550,
			"y": 1215,
			"z": 408
		}],
		"belowCrane": [{
			"x": 24,
			"y": -1683,
			"z": -1
		}, {
			"x": 1525,
			"y": -877,
			"z": 386
		}],
		"bridge": [{
			"x": -3652,
			"y": 2168,
			"z": 800
		}, {
			"x": -1038,
			"y": 2396,
			"z": 1057
		}],
		"craneSecondFloor": [{
			"x": -800,
			"y": -2900,
			"z": 400
		}, {
			"x": 1525,
			"y": -707,
			"z": 824
		}],
		"craneTop": [{
			"x": -995,
			"y": -3300,
			"z": 800
		}, {
			"x": 397,
			"y": -1908,
			"z": 1192
		}],
		"crossroad": [{
			"x": -2848,
			"y": -728,
			"z": -20
		}, {
			"x": -1255,
			"y": 1088,
			"z": 419
		}],
		"frontStreet": [{
			"x": -4626,
			"y": -800,
			"z": -20
		}, {
			"x": -2847,
			"y": 800,
			"z": 467
		}],
		"frontTruck": [{
			"x": -1252,
			"y": -900,
			"z": 0
		}, {
			"x": 133,
			"y": 813,
			"z": 386
		}],
		"insideTrolley": [{
			"x": 139,
			"y": 55,
			"z": 113
		}, {
			"x": 702,
			"y": 244,
			"z": 330
		}],
		"leftStreet": [{
			"x": -2836,
			"y": -3684,
			"z": -20
		}, {
			"x": -400,
			"y": -732,
			"z": 386
		}],
		"leftTruck": [{
			"x": 26,
			"y": -877,
			"z": -1
		}, {
			"x": 1012,
			"y": 32,
			"z": 354
		}],
		"lockedRoom": [{
			"x": 1800,
			"y": 2475,
			"z": 401
		}, {
			"x": 2525,
			"y": 3275,
			"z": 775
		}],
		"mainRoomBalcony": [{
			"x": 1804,
			"y": -700,
			"z": 399
		}, {
			"x": 2942,
			"y": 899,
			"z": 820
		}],
		"midAlley": [{
			"x": 1350,
			"y": 1218,
			"z": 10
		}, {
			"x": 1785,
			"y": 3335,
			"z": 385
		}],
		"rightStreet": [{
			"x": -2850,
			"y": 1090,
			"z": -20
		}, {
			"x": -1050,
			"y": 4379,
			"z": 386
		}],
		"rightTruck": [{
			"x": -637,
			"y": 267,
			"z": -1
		}, {
			"x": 1347,
			"y": 1620,
			"z": 386
		}],
		"rooftop": [{
			"x": -1040,
			"y": 1606,
			"z": 799
		}, {
			"x": 342,
			"y": 3192,
			"z": 1187
		}],
		"rooftopAcrossBridge": [{
			"x": -4447,
			"y": 2183,
			"z": 800
		}, {
			"x": -3654,
			"y": 3077,
			"z": 1061
		}]
	},
	"watchdogs_1_night": "watchdogs_1",
	"watchdogs_2": {
		"aroundDockEight": [{
			"x": 3250,
			"y": -550,
			"z": -1
		}, {
			"x": 4400,
			"y": 950,
			"z": 388
		}],
		"aroundDockSeven": [{
			"x": 2437,
			"y": 1000,
			"z": 0
		}, {
			"x": 4402,
			"y": 2273,
			"z": 770
		}],
		"belowBalcony": [{
			"x": 2450,
			"y": -2456,
			"z": -1
		}, {
			"x": 3225,
			"y": -175,
			"z": 387
		}],
		"dockEight": [{
			"x": 4399,
			"y": -599,
			"z": 16
		}, {
			"x": 5086,
			"y": 2273,
			"z": 356
		}],
		"dockNine": [{
			"x": 3200,
			"y": -2485,
			"z": 16
		}, {
			"x": 5085,
			"y": -600,
			"z": 401
		}],
		"dockNineBalcony": [{
			"x": 2206,
			"y": -1187,
			"z": 410
		}, {
			"x": 4393,
			"y": -600,
			"z": 795
		}],
		"dockNineUpperFloor": [{
			"x": 2450,
			"y": -550,
			"z": 400
		}, {
			"x": 4350,
			"y": 224,
			"z": 739
		}],
		"dockSeven": [{
			"x": 2319,
			"y": 2273,
			"z": 16
		}, {
			"x": 5084,
			"y": 3485,
			"z": 674
		}],
		"dockSevenUpperFloor": [{
			"x": 2450,
			"y": 229,
			"z": 400
		}, {
			"x": 4350,
			"y": 950,
			"z": 739
		}],
		"frontYard": [{
			"x": -939,
			"y": 403,
			"z": -1
		}, {
			"x": 1531,
			"y": 1930,
			"z": 804
		}],
		"leftYard": [{
			"x": -1700,
			"y": -2448,
			"z": -1
		}, {
			"x": 1580,
			"y": 402,
			"z": 423
		}],
		"lootTruck": [{
			"x": -2900,
			"y": -451,
			"z": -1
		}, {
			"x": -939,
			"y": 6251,
			"z": 424
		}],
		"outofWarehouse": [{
			"x": 1581,
			"y": -2485,
			"z": -1
		}, {
			"x": 2405,
			"y": 1965,
			"z": 796
		}],
		"rightYard": [{
			"x": -938,
			"y": 1931,
			"z": -1
		}, {
			"x": 2310,
			"y": 5502,
			"z": 330
		}],
		"switchRoom": [{
			"x": 2450,
			"y": 575,
			"z": 0
		}, {
			"x": 3425,
			"y": 950,
			"z": 387
		}],
		"warehouseEntrance": [{
			"x": 2462,
			"y": -137,
			"z": -1
		}, {
			"x": 3249,
			"y": 550,
			"z": 350
		}]
	},
	"watchdogs_2_day": "watchdogs_2",
	"welcome_to_the_jungle_1": {
		"backyard": [{
			"x": -60,
			"y": -7080,
			"z": 0
		}, {
			"x": 2600,
			"y": -1560,
			"z": 720
		}],
		"balcony": [{
			"x": 2460,
			"y": -4180,
			"z": 580
		}, {
			"x": 3580,
			"y": -3100,
			"z": 900
		}],
		"basementGarage": [{
			"x": 2540,
			"y": -4120,
			"z": -200
		}, {
			"x": 3880,
			"y": -3400,
			"z": 200
		}],
		"basementRoom": [{
			"x": 2760,
			"y": -3340,
			"z": -200
		}, {
			"x": 3860,
			"y": -2640,
			"z": 100
		}],
		"cameraRoom": [{
			"x": 3540,
			"y": -3360,
			"z": 600
		}, {
			"x": 3860,
			"y": -2640,
			"z": 900
		}],
		"farOuthouse": [{
			"x": -60,
			"y": -7100,
			"z": 0
		}, {
			"x": 560,
			"y": -5980,
			"z": 380
		}],
		"frontyard": [{
			"x": 3900,
			"y": -4140,
			"z": -200
		}, {
			"x": 6360,
			"y": -1560,
			"z": 720
		}],
		"groundKitchen": [{
			"x": 2760,
			"y": -3380,
			"z": 200
		}, {
			"x": 3860,
			"y": -2640,
			"z": 500
		}],
		"groundLivingroom": [{
			"x": 2520,
			"y": -4120,
			"z": 200
		}, {
			"x": 3580,
			"y": -3400,
			"z": 460
		}],
		"junkyard": [{
			"x": 2600,
			"y": -7100,
			"z": -40
		}, {
			"x": 6360,
			"y": -4160,
			"z": 720
		}],
		"leftBoat": [{
			"x": -2020,
			"y": -2660,
			"z": 20
		}, {
			"x": -60,
			"y": -1520,
			"z": 380
		}],
		"mainDoor": [{
			"x": 3860,
			"y": -2800,
			"z": 0
		}, {
			"x": 4180,
			"y": -2500,
			"z": 500
		}],
		"midOuthouse": [{
			"x": 2460,
			"y": -7100,
			"z": 0
		}, {
			"x": 3500,
			"y": -6480,
			"z": 380
		}],
		"outerYard": [{
			"x": 3540,
			"y": -8340,
			"z": 0
		}, {
			"x": 6360,
			"y": -7100,
			"z": 640
		}],
		"patio": [{
			"x": 2100,
			"y": -4180,
			"z": 0
		}, {
			"x": 2700,
			"y": -2880,
			"z": 580
		}],
		"restroom": [{
			"x": 2480,
			"y": -3400,
			"z": 200
		}, {
			"x": 3160,
			"y": -3120,
			"z": 500
		}],
		"sideDoor": [{
			"x": 2620,
			"y": -2620,
			"z": 0
		}, {
			"x": 3280,
			"y": -2300,
			"z": 880
		}],
		"sideyard": [{
			"x": 2620,
			"y": -2600,
			"z": 0
		}, {
			"x": 3900,
			"y": -1560,
			"z": 720
		}],
		"street": [{
			"x": 6360,
			"y": -9340,
			"z": -20
		}, {
			"x": 7560,
			"y": -2700,
			"z": 640
		}],
		"streetBoat": [{
			"x": 6360,
			"y": -2700,
			"z": 0
		}, {
			"x": 7820,
			"y": -1520,
			"z": 420
		}],
		"upperFloor": [{
			"x": 2760,
			"y": -3400,
			"z": 500
		}, {
			"x": 3540,
			"y": -2640,
			"z": 900
		}]
	},
	"welcome_to_the_jungle_1_night": "welcome_to_the_jungle_1",
	"welcome_to_the_jungle_2": {
		"backStairs": [{
			"x": -20,
			"y": -1800,
			"z": 0
		}, {
			"x": 560,
			"y": -1600,
			"z": 720
		}],
		"balcony": [{
			"x": -380,
			"y": -660,
			"z": 0
		}, {
			"x": 1420,
			"y": 640,
			"z": 700
		}],
		"belowBalcony": [{
			"x": 600,
			"y": -1800,
			"z": -700
		}, {
			"x": 2360,
			"y": 640,
			"z": -140
		}],
		"belowPool": [{
			"x": 400,
			"y": -4160,
			"z": -580
		}, {
			"x": 2680,
			"y": -1820,
			"z": -140
		}],
		"billiards": [{
			"x": -780,
			"y": -2420,
			"z": 0
		}, {
			"x": 380,
			"y": -1620,
			"z": 320
		}],
		"byway": [{
			"x": -780,
			"y": 640,
			"z": -720
		}, {
			"x": 1400,
			"y": 3880,
			"z": 420
		}],
		"cornerBathroom": [{
			"x": -2400,
			"y": -2400,
			"z": 400
		}, {
			"x": -2000,
			"y": -1600,
			"z": 700
		}],
		"drawingRoom": [{
			"x": -2400,
			"y": -2420,
			"z": 0
		}, {
			"x": -1780,
			"y": -1200,
			"z": 320
		}],
		"entrance": [{
			"x": -3160,
			"y": -2440,
			"z": 0
		}, {
			"x": -2480,
			"y": 480,
			"z": 380
		}],
		"entranceLowerFloor": [{
			"x": -2400,
			"y": -1300,
			"z": 0
		}, {
			"x": -980,
			"y": -680,
			"z": 300
		}],
		"entranceUpperfloor": [{
			"x": -2540,
			"y": -2000,
			"z": 400
		}, {
			"x": -600,
			"y": -420,
			"z": 740
		}],
		"exhibition": [{
			"x": -600,
			"y": -2420,
			"z": 0
		}, {
			"x": 1200,
			"y": -420,
			"z": 700
		}],
		"guestRoom": [{
			"x": -400,
			"y": 0,
			"z": 400
		}, {
			"x": 820,
			"y": 640,
			"z": 680
		}],
		"gym": [{
			"x": -2460,
			"y": -700,
			"z": 0
		}, {
			"x": -1100,
			"y": 460,
			"z": 300
		}],
		"hill": [{
			"x": -5400,
			"y": -2360,
			"z": -300
		}, {
			"x": -3160,
			"y": 7800,
			"z": 2080
		}],
		"kitchen": [{
			"x": -1780,
			"y": -2420,
			"z": 0
		}, {
			"x": -800,
			"y": -1320,
			"z": 320
		}],
		"lab": [{
			"x": -1920,
			"y": -2420,
			"z": -400
		}, {
			"x": 320,
			"y": -1220,
			"z": 0
		}],
		"labStairs": [{
			"x": -980,
			"y": -2020,
			"z": -400
		}, {
			"x": -620,
			"y": -700,
			"z": 300
		}],
		"library": [{
			"x": -820,
			"y": -420,
			"z": 400
		}, {
			"x": 800,
			"y": 20,
			"z": 700
		}],
		"masterBedroom": [{
			"x": -2020,
			"y": -2420,
			"z": 400
		}, {
			"x": -1000,
			"y": -1600,
			"z": 700
		}],
		"midBathroom": [{
			"x": -820,
			"y": 20,
			"z": 400
		}, {
			"x": -380,
			"y": 480,
			"z": 700
		}],
		"midServerRoom": [{
			"x": -640,
			"y": -380,
			"z": 0
		}, {
			"x": -320,
			"y": 100,
			"z": 300
		}],
		"officeRoom": [{
			"x": -580,
			"y": -2420,
			"z": 400
		}, {
			"x": 300,
			"y": -1820,
			"z": 720
		}],
		"outerFence": [{
			"x": -3160,
			"y": 3880,
			"z": -360
		}, {
			"x": -780,
			"y": 5780,
			"z": 1100
		}],
		"parkingLot": [{
			"x": -3140,
			"y": 480,
			"z": 0
		}, {
			"x": -780,
			"y": 3880,
			"z": 700
		}],
		"parkingLotEntrance": [{
			"x": -1120,
			"y": -680,
			"z": 0
		}, {
			"x": -380,
			"y": 640,
			"z": 260
		}],
		"parkinglotSideServerRoom": [{
			"x": -2400,
			"y": 60,
			"z": 400
		}, {
			"x": -1800,
			"y": 440,
			"z": 700
		}],
		"pool": [{
			"x": 400,
			"y": -3800,
			"z": -240
		}, {
			"x": 2600,
			"y": -1800,
			"z": 700
		}],
		"poolSideServerRoom": [{
			"x": -1000,
			"y": -2420,
			"z": 400
		}, {
			"x": -600,
			"y": -2000,
			"z": 720
		}],
		"projecterRoom": [{
			"x": -300,
			"y": -300,
			"z": 0
		}, {
			"x": 380,
			"y": 220,
			"z": 320
		}],
		"runway": [{
			"x": -10100,
			"y": -4300,
			"z": -140
		}, {
			"x": -5380,
			"y": 7580,
			"z": 2020
		}],
		"sideStreet": [{
			"x": -5400,
			"y": -3720,
			"z": 0
		}, {
			"x": -2480,
			"y": -2340,
			"z": 380
		}],
		"sidebalcony": [{
			"x": -2480,
			"y": -4160,
			"z": -240
		}, {
			"x": 400,
			"y": -2440,
			"z": 360
		}],
		"smallBedroom": [{
			"x": -2460,
			"y": -600,
			"z": 400
		}, {
			"x": -1580,
			"y": 460,
			"z": 720
		}],
		"tvRoom": [{
			"x": -1600,
			"y": -560,
			"z": 400
		}, {
			"x": -820,
			"y": 620,
			"z": 720
		}]
	}
}