{
    "_about_colors": "Referenssida för färgkoder ",
    "_about_colors_hint": "Visa MSDNs referessida för färgkoder som PocoHud3 kan använda",
    "_about_contributors": "Bidragande",
    "_about_group_btn": "Diskutera och ge förslag i PocoMods Steam-grupp!",
    "_about_hold_shift": "Håll nere Shift för att öppna i webbläsaren utanför spelet.",
    "_about_loading_rss": "Laddar RSS...",
    "_about_recent_updates": "PocoHud-uppdateringar",
    "_about_trans_language": "Svenska",
    "_about_trans_names": "TheLovinator, KillYoy, kao172",
    "_about_trans_presented": "Den svenska översättningen är gjord av:",
    "_about_trans_special_thanks": "Stort tack till:",
    "_about_trans_volunteers": "Översättare",
    "_btn_apply_and_reload": "VERKSTÄLL OCH LÄS IN PÅ NYTT",
    "_btn_discard": "KASSERA ÄNDRINGAR",
    "_btn_reset": "ÅTERSTÄLL",
    "_btn_reset_category": "ÅTERSTÄLL DEN HÄR KATEGORIN",
    "_buff_bulletStormShort": "BS",
    "_buff_combatMedicDamageShort": "Skada+",
    "_buff_exhausted": "Utmattad",
    "_buff_first_aid_damage_reduction_upgrade": "-Skada",
    "_buff_lifeLeechShort": "LD",
    "_buff_overkillShort": "Skada+",
    "_buff_painkillerShort": "PK",
    "_buff_swanSongShort": "SS",
    "_buff_underdogShort": "Skada+",
    "_desc_apply_and_reload": "Vissa ändringar kommer att göras efter omstart.",
    "_desc_discard": "Ta bort temporära ändringar och återställ till tidigare inställningar",
    "_desc_heist_count_completed": "Lämnade:",
    "_desc_heist_count_started_1": "Ifrån början:",
    "_desc_heist_count_started_2": "Hoppade in:",
    "_desc_heist_day": "dag [1]",
    "_desc_heist_dayalt": "dag [1] alt [2]",
    "_desc_heist_may_not_match": "* Numren kanske inte stämmer överens mellan rån och dagar",
    "_desc_heist_time_average": "Genomsnitt:",
    "_desc_heist_time_hm": "[1]h [2]m",
    "_desc_heist_time_m": "[1]m",
    "_desc_heist_time_ms": "[1]m [2]s",
    "_desc_heist_unlisted": "-- Rån som inte visas --",
    "_desc_no_upgrades_acquired": "Inga uppgraderingar tillgängliga.",
    "_desc_not_in_effect": "Inte i kraft",
    "_desc_reset": "Återställ till standardinställningarna.",
    "_desc_reset_ask": "Fortsätt?",
    "_desc_reset_category": "Återställ den här kategorin till standardinställningarna.",
    "_insp_achievements": "Prestationer",
    "_insp_basic": "Grundläggande",
    "_insp_fetch_achievements_btn": "Hämta information om prestationer",
    "_insp_fetch_pd2_btn": "Hämta information ifrån PD2Stats.com",
    "_insp_fetch_recent": "Hämta nyligen spelade matcher",
    "_insp_game": "Spel [1]",
    "_insp_key": "Nyckel",
    "_insp_pd2_failed": "Misslyckades med att hämta information ifrån PD2Stats.com",
    "_insp_pd2_legit": "Verkar trovärdigt.",
    "_insp_pd2_success": "Lyckades hämta information ifrån PD2Stats.com",
    "_insp_pd2_susp": "Misstänksam.",
    "_insp_pd2_verdict": "Slutsats ifrån PD2Stats",
    "_insp_player": "Spelare [1] : [2]",
    "_insp_profile_denied": "Nekad: Privat/Bara-medlemmar-profil",
    "_insp_profile_success": "Tog emot [1] spel ifrån Steam-profilen.",
    "_insp_total_lately": "Totalt: [1]h, Nyligen: [2]h",
    "_insp_value": "Värde",
    "_kit_categories": "SÄTT NAMN,PRIMÄR,SEKUNDÄR,SKÖLD,VAPENTILLBEHÖR,NÄRSTRID",
    "_kit_color_edit_hint": "Bestäm kit:ets färg för dig",
    "_kit_dblclick_to_equip": "* Dubbelklicka för att använda här föremålet",
    "_kit_desc": "* Kit-ändraren är beroende av ditt förråd. Eventuella förändringar i ditt förråd (modifikationer, säljning) kommer att ändra kitet.",
    "_kit_equip_btn_hint1": "Klicka för att",
    "_kit_equip_btn_hint2": "kopiera",
    "_kit_equip_btn_hint3": "Dubbelklicka för att",
    "_kit_equip_btn_hint4": "Ta bort",
    "_kit_equip_btn_hint5": "detta föremål.",
    "_kit_key_combination": "CTRL + ALT + [1]",
    "_kit_key_edit_hint1": "Om inställd, tryck på",
    "_kit_key_edit_hint2": "Ctrl + Alt+ DENNA",
    "_kit_key_edit_hint3": "för att sätta på ett kit utanför spelet.",
    "_kit_key_edit_hint4": "Anpassade tangentkombinationer är inte tillängligt.\nDuplicerade tangentkombinationer kan resultera i oväntade resultat.\n(Bara ett kit kan/kommer vara använt)",
    "_kit_key_edit_hint5": "Backsteg för att ta bort bunden tagent. ",
    "_kit_keybind": "Tagentkombinationer",
    "_kit_leave_as_is": "LÄMNA SOM DET ÄR",
    "_kit_na_in_game": "N/A i spelet",
    "_kit_name_edit_hint": "Bestäm kit:ets färg.",
    "_kit_not_available": "Ingen Kit-ändrare är tillgänglig.",
    "_kit_profiler_desc1": "Kit-ändrare",
    "_kit_profiler_desc2": "Dubbelklicka för att använda ett kit",
    "_kit_profiler_disabled_ingame": "Avaktiverad i spelet.",
    "_kit_save_desc1": "Nuvarande kit",
    "_kit_save_desc2": "Spara till ändraren. Omarkerade föremål kommer att tas bort.",
    "_kit_save_hint1": "Lägg till ",
    "_kit_save_hint2": "Skriv över",
    "_kit_save_hint3": "beror på SÄTT NAMN",
    "_kit_saved_kits_title1": "Sparade kit",
    "_kit_saved_kits_title2": "Ändra eller ta bort sparade kit",
    "_kit_tab_edit_kit": "ÄNDRA KIT",
    "_kit_tab_use_kit": "ANVÄND KIT",
    "_line_youAndCrewsPerks": "Färdigheter som du och ditt gäng kommer kunna utnyttja",
    "_line_yourPerks": "Färdigheter som du har skaffat",
    "_opt_24HourClock": "24-TIMMARSKLOCKA",
    "_opt_24HourClock_desc": "Använd 24-timmarsklocka istället för 12-timmarsklocka i hörnet och i spelarens nedre infolåda",
    "_opt_AiDamage": "AI:NS SKADA",
    "_opt_AiDamage_desc": "Visa AI:ns skada",
    "_opt_buff": "Buff",
    "_opt_buff_desc": "Visa status för buffar",
    "_opt_buffSize": "BUFFSTORLEK",
    "_opt_buffSize_desc": "Ikonstorlek (Ignorerad med Standard)",
    "_opt_cantedSightCrook": "SIDOSIKTES LUTNING",
    "_opt_cantedSightCrook_desc": "Indikator för sidosikte(vapentillbehör) i spelet",
    "_opt_chat_desc_1": "Om något händer och fullföljer alla vilkor så kommer PocoHud skriva i chatten. Följande saker är möjliga:",
    "_opt_chat_desc_2": "* Ingen: Ingen",
    "_opt_chat_desc_3": "* Bara mig: Bara mig",
    "_opt_chat_desc_4": "* Alla-Host: Alla om jag är host",
    "_opt_chat_desc_5": "* Alla-EM: Alla om jag deltog hela matchen",
    "_opt_chat_desc_6": "* Alla-Ensam: Alla om jag är den enda som har PocoHud",
    "_opt_chat_desc_7": "* Alla-Alltid: Alla, även om någon skrev med PocoHud eller ej",
    "_opt_color": "FÄRG",
    "_opt_color_desc": "Teckenfärg ",
    "_opt_colorizeCrimenet": "FÄRGLÄGG CRIMENET",
    "_opt_colorizeCrimenet_desc": "Färglägg Crimenets kontrakt för varje svårighetsgrad och dämpa Heat-bonus sken",
    "_opt_colorNegative": "NEGATIV FÄRG",
    "_opt_colorNegative_desc": "Används i de-buffs/dåliga saker\n(Ignorerar orginalstilen, sätts igång efter du startar om PocoHud)",
    "_opt_colorPositive": "POSITIV FÄRG",
    "_opt_colorPositive_desc": "Används i buffs/bra saker\n(Ignorerar orginalstilen, sätts igång efter du startar om PocoHud)",
    "_opt_converted": "KONVERTERAD",
    "_opt_converted_desc": "Någon konverterade en polis",
    "_opt_corner": "Hörn",
    "_opt_corner_desc": "Stillastående text som fungerar som FPS-mätare / klocka",
    "_opt_corpseLimit": "LIK-GRÄNS",
    "_opt_corpseLimit_desc": "Spelets lik-gräns\nStandard är 8.\nVarje steg multiplicerar/dividerar resultatet med 2.",
    "_opt_corpseRagdollTimeout": "TIMEOUT FÖR LIK-GRÄNSEN",
    "_opt_corpseRagdollTimeout_desc": "Lik-timeout i högljutt spel.\nStandard är 3 sekunder. Varje steg ökar / minskar tiden med 1 sekund.",
    "_opt_crewDamage": "GÄNGETS SKADA",
    "_opt_crewDamage_desc": "Visa andra spelares skada",
    "_opt_custody": "HÄKTAD",
    "_opt_custody_desc": "Någon är häktad",
    "_opt_damageDecay": "VARAKTIGHET",
    "_opt_damageDecay_desc": "Tid innan svävande etiketter försvinner",
    "_opt_defaultFont": "STANARDTYPSNITT",
    "_opt_defaultFont_desc": "Använd sans serif-typsnitt",
    "_opt_detailedModeKey": "DETALJERATLÄGE-TAGENT",
    "_opt_detailedModeKey_desc": "Tagent för detaljerat läge(Mångordigt)\nStandard: § (Paragraftecken)",
    "_opt_detailedModeToggle": "VÄXLA DETALJERAT LÄGE",
    "_opt_detailedModeToggle_desc": "Gör att detaljeratläge-tagenten byter läge.",
    "_opt_detailedOnly": "BARA DETALJERAT",
    "_opt_detailedOnly_desc": "Göm hörntexten när \"Detaljerat läge\" är oaktiverat",
    "_opt_dominated": "DOMINERAD",
    "_opt_dominated_desc": "Visa när en AI har handfängslat sig själv",
    "_opt_downed": "NEDSKJUTEN",
    "_opt_downed_desc": "Någon är nedskjuten",
    "_opt_downedWarning": "NEDSKJUTEN VARNING",
    "_opt_downedWarning_desc": "Någon har blivit fälld mer än två gånger i rad",
    "_opt_drillAlmostDone": "BORREN ÄR NÄSTAN KLAR",
    "_opt_drillAlmostDone_desc": "En borr har mindre än 10 sekunder kvar.\n* Behöver ha Float-ShowDrills igång för att fungera",
    "_opt_drillDone": "BORREN ÄR KLAR",
    "_opt_drillDone_desc": "En borr är klar.\n* Behöver ha Float-ShowDrills igång för att fungera",
    "_opt_duration": "VARAKTIGHET",
    "_opt_duration_desc": "Sekunder. 0 betyder automatiskt (Följer sköldens återhämtning)",
    "_opt_enable": "AKTIVERA",
    "_opt_enable_desc": "Aktivera den här funktionen",
    "_opt_endStat": "SLUTSTATISTIK",
    "_opt_endStat_desc": "Stats i slutet av matchen",
    "_opt_endStatCredit": "SLUTSTATISTIK REKLAM",
    "_opt_endStatCredit_desc": "Reklam för PocoMods Steam-gupp efter statsen i slutet av matchen ;)",
    "_opt_fallbackToMe": "SKRIV BARA TILL MIG",
    "_opt_fallbackToMe_desc": "Om en händelse är aktiverad för att skicka till alla, men inte alla vilkor fullföljs, skriv till mig istället.",
    "_opt_fasterAIDesyncResolve": "SNABBARE AI OSYNKLÖSARE",
    "_opt_fasterAIDesyncResolve_desc": "Fienderna får mindre osynk och får en mer exakt position",
    "_opt_fasterDesyncResolve": "SNABBARE OSYNKLÖSARE",
    "_opt_fasterDesyncResolve_desc": "Spelarna får mindre osynk och får en mer exakt position",
    "_opt_float_desc": "Svävande infolåda i 3D",
    "_opt_frame": "ALTERNATIV RAM",
    "_opt_frame_desc": "Alternativ ram till rutan",
    "_opt_gainIndicator": "HÄLSA/SKÖLD-INDIKATOR",
    "_opt_gainIndicator_desc": "Visa mängden hälsa och sköld du får ifrån olika källor.",
    "_opt_game_desc": "Spelspecifika förbättringar",
    "_opt_gap": "MELLANRUM",
    "_opt_gap_desc": "Ikon-mellanrum ",
    "_opt_gridCrimenet": "RÄTA UPP CRIMENET",
    "_opt_gridCrimenet_desc": "Räta upp CrimeNet till ett rutnät",
    "_opt_handsUp": "AI GER UPP",
    "_opt_handsUp_desc": "Visa när AI:n ger upp",
    "_opt_healthColor": "FÄRG PÅ HÄLSA",
    "_opt_healthColor_desc": "Färg på förlorad hälsa, full mängd",
    "_opt_healthColorDepleted": "FÄRG PÅ HÄLSA FÖRBRUKAD",
    "_opt_healthColorDepleted_desc": "Färg på din hälsa, när den är tom",
    "_opt_hideInteractionCircle": "GÖM INTERAKTIONSCIRKELN",
    "_opt_hideInteractionCircle_desc": "Göm spelets egna interaktionscirkel",
    "_opt_hit_desc": "Indikator som visar var du har blivit skjuten ifrån",
    "_opt_hostageChanged": "GISSLAN HAR ÄNDRATS",
    "_opt_hostageChanged_desc": "Gisslans antal har ändrats\n* Inte fungerande",
    "_opt_includeLocation": "INKLUDERA PLATS ",
    "_opt_includeLocation_desc": "Om platsinformation finns, inkludera det i ett chattmeddelande.",
    "_opt_ingameJoinRemaining": "ANSLUTNINGSTID KVAR",
    "_opt_ingameJoinRemaining_desc": "När dialogen \"Någon ansluter\" kommer upp, visa hur många sekunder som är kvar",
    "_opt_interactionClickStick": "KLIBBIG-INDIKATOR",
    "_opt_interactionClickStick_desc": "Sikta medans du interagerar med något för att låsa musknappen, Sikta igen för att avbryta.",
    "_opt_justify": "PLACERING",
    "_opt_justify_desc": "Ikonplacering (vertikalt för Standard stil)",
    "_opt_keepOnScreen": "HÅLL KVAR PÅ SKÄRMEN",
    "_opt_keepOnScreen_desc": "Håll svävande rutor på skärmen",
    "_opt_keepOnScreenMarginX": "X-MARGINAL",
    "_opt_keepOnScreenMarginX_desc": "Marginal för höger och vänster sida",
    "_opt_keepOnScreenMarginY": "Y-MARGINAL",
    "_opt_keepOnScreenMarginY_desc": "Marginal för toppen och botten",
    "_opt_language": "SPRÅK",
    "_opt_language_desc": "Språket på PocoHud3.\nläser /poco/hud3_locale{input}.json",
    "_opt_margin": "MARGINAL",
    "_opt_margin_desc": "Lådans inre padding",
    "_opt_maxFPS": "MAX FPS",
    "_opt_maxFPS_desc": "Lås FPS:en för att minska påverkan ifrån PocoHud",
    "_opt_messiah": "MESSIAH",
    "_opt_messiah_desc": "Du förbrukade ett Pistol Messiah-skott ",
    "_opt_midStat": "MORD-STATISTIK",
    "_opt_midStat_desc": "Mittspelstatistik (begränsad till ServerSend)",
    "_opt_midstatAnnounce": "MEDDELA MITT-STATISTIK",
    "_opt_midstatAnnounce_desc": "Meddela statistik för varje X antal mord. Betraktas som \"Mittspelstatistik\"",
    "_opt_minionLost": "SLAV FÖRLORAD",
    "_opt_minionLost_desc": "Någon förlorade sin slav",
    "_opt_minionShot": "SLAV HAR BLIVIT SKJUTEN",
    "_opt_minionShot_desc": "Någon sköt en slav",
    "_opt_mirrorDirection": "SPEGLA RIKTNING",
    "_opt_mirrorDirection_desc": "Öka buffmätaren medurs",
    "_opt_myDamage": "MIN SKADA",
    "_opt_myDamage_desc": "Visa lokala spelares skada",
    "_opt_noSprintDelay": "INGEN FÖDRÖJNING PÅ ATT SPRINGA",
    "_opt_noSprintDelay_desc": "Ignorerar fördröjningen efter du har sprungit",
    "_opt_number": "EXAKT ANTAL",
    "_opt_number_desc": "Visa den exakta mängden du förlorade",
    "_opt_numberDefaultFont": "STANDARDTYPSNITT FÖR NUMMER",
    "_opt_numberDefaultFont_desc": "Nummer använder standardfonten",
    "_opt_numberSize": "NUMMERSTORLEK",
    "_opt_numberSize_desc": "Storlek på numren",
    "_opt_offset": "KOMPENSATION",
    "_opt_offset_desc": "Vertikal kompensation om du VERKLIGEN vill flytta runt den",
    "_opt_opacity": "OPACITET",
    "_opt_opacity_desc": "Opacitet för teckensnitt",
    "_opt_playerBottom_desc": "Infotext på nedre delen av HUD:n",
    "_opt_playerFloat_desc": "Svävande infopanel ovanför gängmedlemmars huvud",
    "_opt_pocoRoseHalt": "STANNA NÄR DU ANVÄNDER POCOROSE",
    "_opt_pocoRoseHalt_desc": "Aktivera så att du stannar när du öppnar PocoRose",
    "_opt_pocoRoseKey": "POCOROSE-KNAPP",
    "_opt_pocoRoseKey_desc": "Tagent för PocoRose\nStandard: B",
    "_opt_popup_desc": "Visar skada i 3D rutor",
    "_opt_rememberGadgetState": "KOM IHÅG VAPENTILLBEHÖRS TILLSTÅND",
    "_opt_rememberGadgetState_desc": "Kom ihåg vapentillbehörs (laser, ficklampa, vinklat sikte) status mellan vapen byte",
    "_opt_replenished": "PÅFYLLD",
    "_opt_replenished_desc": "Någon fyllde på sin hälsa(antagligen med förbandslåda)",
    "_opt_resizeCrimenet": "STORLEK PÅ CRIMNET",
    "_opt_resizeCrimenet_desc": "Ändra storleken på typsnittet i CrimeNet",
    "_opt_romanInfamy": "ROMERSKA TECKEN FÖR INFAMYNIVÅ",
    "_opt_romanInfamy_desc": "Visa Infamys nivåer som romerska tecken",
    "_opt_root": "Root",
    "_opt_root_desc": "Huvudkonfiguration för PocoHud3",
    "_opt_shieldColor": "FÄRG PÅ SKÖLD",
    "_opt_shieldColor_desc": "Färg på sköld, full mängd",
    "_opt_shieldColorDepleted": "FÄRG PÅ SKÖLD FÖRBRUKAD",
    "_opt_shieldColorDepleted_desc": "Färg på sköld när den är förbrukad",
    "_opt_showArrow": "VISA PIL",
    "_opt_showArrow_desc": "Pil som pekar mot andra spelares positioner",
    "_opt_showAverageDamage": "VISA GENOMSNITTLIG SKADA",
    "_opt_showAverageDamage_desc": "Genomsnittsskada per skott",
    "_opt_showBags": "VISA VÄSKOR",
    "_opt_showBags_desc": "Visa pekade väskor\n* Kräver \"Visa Mål\" aktiverad",
    "_opt_showBerserker": "VISA BERSERKER",
    "_opt_showBerserker_desc": "Berserker-indikator",
    "_opt_showBoost": "VISA BOOST",
    "_opt_showBoost_desc": "Tiden Inspire varar (Mottagande sida)",
    "_opt_showBulletstorm": "VISA BULLETSTORM",
    "_opt_showBulletstorm_desc": "Tiden Bulletstorm varar",
    "_opt_showCarryDrop": "VISA VÄSK FÖRDRÖJNING",
    "_opt_showCarryDrop_desc": "Väntetid på väskinteraktion",
    "_opt_showCharge": "VISA UPPLADDNING",
    "_opt_showCharge_desc": "Indikator för uppladdning av slag",
    "_opt_showClock": "VISA KLOCKA",
    "_opt_showClock_desc": "Visa en klocka efter spelarens lokala tid",
    "_opt_showClockIngame": "VISA KLOCKA I SPEL",
    "_opt_showClockIngame_desc": "Visa klocka i spelet",
    "_opt_showClockOutgame": "VISA KLOCKA I HUVUDMENYN",
    "_opt_showClockOutgame_desc": "Visa klockan i huvudmenyn",
    "_opt_showCloseCombat": "VISA CLOSE COMBAT",
    "_opt_showCloseCombat_desc": "Visa Infiltrators dämpingsbuff",
    "_opt_showCombatMedic": "VISA COMBAT MEDIC",
    "_opt_showCombatMedic_desc": "Tiden Combat medic varar",
    "_opt_showConvertedEnemy": "VISA KONVERTERAD FIENDE",
    "_opt_showConvertedEnemy_desc": "Om någon har en slav, visa hälsa som procent",
    "_opt_showConvertedEnemy_desc2": "Försök att färgkoda dem till ägaren.",
    "_opt_showDistance": "VISA AVSTÅND",
    "_opt_showDistance_desc": "t.ex. 25m",
    "_opt_showDowns": "VISA ANTAL FÄLLNINGAR",
    "_opt_showDowns_desc": "Räknare för antal gånger du blivit fälld",
    "_opt_showDrills": "VISA BORRAR",
    "_opt_showDrills_desc": "Visa aktiva borrar",
    "_opt_showECM": "VISA ECM",
    "_opt_showECM_desc": "ECM varaktighet",
    "_opt_showFeedback": "VISA FEEDBACK",
    "_opt_showFeedback_desc": "Varaktighet på feedback ifrån ECM",
    "_opt_showFirstAid": "VISA FIRST AID KIT",
    "_opt_showFirstAid_desc": "Visa hur länge Quick fix Aced varar",
    "_opt_showFPS": "VISA FPS",
    "_opt_showFPS_desc": "Visa FPS",
    "_opt_showHighlighted": "VISA MARKERADE",
    "_opt_showHighlighted_desc": "Visa svävande infolåda när markerad.\nPersonsökarens timer beror också på grund av denna.",
    "_opt_showHostages": "VISA GISSLAN",
    "_opt_showHostages_desc": "Visa antalet gisslan som hålls",
    "_opt_showIcon": "VISA IKON",
    "_opt_showIcon_desc": "Infamy's spader-ikon",
    "_opt_showInspire": "VISA INSPIRE",
    "_opt_showInspire_desc": "Inspires väntetid (mottagande sida)",
    "_opt_showInspire_desc2": "Inspires snabbhetsökning",
    "_opt_showInteract": "VISA SHOUT",
    "_opt_showInteract_desc": "Väntetid på Shout",
    "_opt_showInteraction": "VISA INTERAKTION",
    "_opt_showInteraction_desc": "Interaktions-timer som innebär att hålla in USE-tangenten",
    "_opt_showInteractionTime": "VISA INTERAKTIONSTID",
    "_opt_showInteractionTime_desc": "Hur mycket tid som är kvar",
    "_opt_showKill": "VISA MORD",
    "_opt_showKill_desc": "Mordräknare",
    "_opt_showLifeLeech": "VISA LIFE DRAIN",
    "_opt_showLifeLeech_desc": "Visa väntetiden på Infiltrators 10% Life Drain",
    "_opt_showMusicTitle": "VISA MUSIKTITEL",
    "_opt_showMusicTitle_desc": "Visa titeln på låten när den börjar spela",
    "_opt_showMusicTitlePrefix": "VISA MUSIKTITEL-PREFIX",
    "_opt_showMusicTitlePrefix_desc": "Prefix för musiktitlar",
    "_opt_showOverkill": "VISA OVERKILL",
    "_opt_showOverkill_desc": "Visa hur länge Overkill håller på",
    "_opt_showPainkiller": "VISA PAINKILLER",
    "_opt_showPainkiller_desc": "Visa hur länge du har påverkas av Painkiller",
    "_opt_showPing": "VISA PING",
    "_opt_showPing_desc": "Latens i millisekunder",
    "_opt_showPosition": "VISA POSITION",
    "_opt_showPosition_desc": "Visa spelares positioner.\n* BETA",
    "_opt_showRank": "VISA RANK",
    "_opt_showRank_desc": "t.ex. V-100",
    "_opt_showRankInKickMenu": "VISA RANK I KICKMENYN",
    "_opt_showRankInKickMenu_desc": "I spelets sparkmeny visas spelarnivåer brevid deras namn",
    "_opt_showReload": "VISA OMLADDNING",
    "_opt_showReload_desc": "Visa omladdningsindikator",
    "_opt_showShield": "VISA SKÖLD",
    "_opt_showShield_desc": "Sköldens återhämtningsväntetid",
    "_opt_showSpecial": "VISA SPECIAL MORD",
    "_opt_showSpecial_desc": "Mordräknare för \"Special\"-fiender",
    "_opt_showStamina": "VISA UTHÅLLIGHET",
    "_opt_showStamina_desc": "Uthållighetsindikator",
    "_opt_showSuppressed": "VISA SUPPRESSED",
    "_opt_showSuppressed_desc": "Nedhållande eld som förhindrar att skölden återhämtas och sänker pricksäkerhet.\n(Sänkter inte pricksäkerheten längre)",
    "_opt_showSwanSong": "VISA SWANSONG",
    "_opt_showSwanSong_desc": "Visa Swansongs varaktighet",
    "_opt_showTapeLoop": "VISA CAMERA LOOP",
    "_opt_showTapeLoop_desc": "Camera loop varaktighet",
    "_opt_showTargets": "VISA MÅL",
    "_opt_showTargets_desc": "Visa utpekade fiender",
    "_opt_showTransition": "VISA ÖVERGÅNGAR",
    "_opt_showTransition_desc": " Övergånger som t.ex vid vapenbyte eller närstrid",
    "_opt_showTriggerHappy": "VISA TRIGGER HAPPY",
    "_opt_showTriggerHappy_desc": " Visa Trigger Happpy's varaktighet",
    "_opt_showUnderdog": "VISA UNDERDOG",
    "_opt_showUnderdog_desc": "Visa hur länge Underdog håller på",
    "_opt_shuffleMusic": "BLANDA MUSIKEN",
    "_opt_shuffleMusic_desc": "Blanda spelets musik mellan varje våg av fiender",
    "_opt_silentKitShortcut": "TYST KITGENVÄG",
    "_opt_silentKitShortcut_desc": "Ignorera \"Kit Ändraren:ens\" genvägsmeddelande",
    "_opt_simpleBusyIndicator": "SIMPEL UPPTAGENINDIKATOR",
    "_opt_simpleBusyIndicator_desc": "Ersätt \"upptagen\"-ikoner med en enkel röd cirkel i siktet.\nSom vid: Omladdning, Vapenbyte, Närstrid",
    "_opt_simpleBusySize": "SIMPEL UPPTAGENSTORLEK",
    "_opt_simpleBusySize_desc": "Ange storlek på SimpleBusy indikator om simpleBusy används",
    "_opt_size": "STORLEK",
    "_opt_size_desc": "Typsnittsstorlek",
    "_opt_sizeEnd": "STORLEK VID SLUTET",
    "_opt_sizeEnd_desc": "Storlek vid slutet",
    "_opt_sizeStart": "STORLEK START",
    "_opt_sizeStart_desc": "Storlek vid början",
    "_opt_sortCrimenet": "SORTERA CRIMENET",
    "_opt_sortCrimenet_desc": "Sortera CrimeNet kontrakt baserad på svårhetsgrad\nObs! Kräver \"Räta upp CrimeNet\" igång för att fungera",
    "_opt_style": "STIL",
    "_opt_style_desc": "Stil på buffikon",
    "_opt_subtitleFontColor": "UNDERTEXTERNAS FÄRG",
    "_opt_subtitleFontColor_desc": "Undertexternas färg",
    "_opt_subtitleFontSize": "UNDERTEXTERNAS STORLEK",
    "_opt_subtitleFontSize_desc": "Undertexternas storlek",
    "_opt_subtitleOpacity": "TRANSPARENS PÅ UNDERTEXT ",
    "_opt_subtitleOpacity_desc": "Transparens på undertext",
    "_opt_truncateNames": "FÖRKORTA NAMN",
    "_opt_truncateNames_desc": "Förkorta spelares namn efter längd, om det behövs.",
    "_opt_truncateTags": "FÖRKORTA ETIKETTER",
    "_opt_truncateTags_desc_1": "Förkorta spelaretiketter med hakparanteser.\nt.ex)",
    "_opt_underneath": "LÄNGST NER",
    "_opt_underneath_desc": "Placera spelarens nedre informationslåda längst ner på skärmen",
    "_opt_uppercaseNames": "NAMN I VERSALER",
    "_opt_uppercaseNames_desc": "Skriver namn med stora bokstäver",
    "_opt_xPosition": "X POSITION",
    "_opt_xPosition_desc": "Ursprungspunkt vågrät (% ifrån toppen av skärmen)",
    "_opt_yPosition": "Y POSITION",
    "_opt_yPosition_desc": "Ursprungspunkt lodrät (% ifrån toppen av skärmen)",
    "_rose_almost": "NÄSTAN DÄR",
    "_rose_alright": "OKEJ",
    "_rose_ammo": "BEHÖVER AMMUNITION",
    "_rose_anysecond": "VILKEN SEKUND SOM HELST",
    "_rose_cable": "ANVÄND BUNTBAND",
    "_rose_cams": "SKJUT KAMERORNA",
    "_rose_cantstay": "VI KAN INTE STANNA HÄR",
    "_rose_careful": "SE UPP",
    "_rose_defended": "FORTSÄTT FÖRSVARA",
    "_rose_down": "HÄR NERE",
    "_rose_downstairs": "NEDERVÅNINGEN",
    "_rose_drill": "JAG HAR BORREN",
    "_rose_fewminutes": "NÅGRA FÅ MINUTER TILL",
    "_rose_fuck": "ÅH JÄKLAR",
    "_rose_getout": "STICK",
    "_rose_halfway": "HALVVÄGS DÄR",
    "_rose_hurry": "SNABBA PÅ",
    "_rose_inside": "INNE",
    "_rose_left": "VÄNSTER",
    "_rose_letsgo": "NU STICKER VI",
    "_rose_medbag": "BEHÖVER FÖRSTAHJÄLPEN",
    "_rose_overrun": "VI BLIR ÖVERKÖRDA",
    "_rose_right": "HÖGER",
    "_rose_shit": "SKIT",
    "_rose_shoot": "SKJUT DEM",
    "_rose_straight": "RAKT FRAM",
    "_rose_thanks": "TACK",
    "_rose_thisway": "DEN HÄR VÄGEN",
    "_rose_timetogo": "DAGS ATT DRA",
    "_rose_upstairs": "ÖVERVÅNINGEN",
    "_rose_whistle": "VISSLA",
    "_rose_wrong": "FEL VÄG",
    "_stat_crewKills": "[1]Gäng: [2]",
    "_tab_about": "Om",
    "_tab_buff": "Buff",
    "_tab_chat": "Chatt",
    "_tab_corner": "Hörntext",
    "_tab_float": "Rörliga etiketter ",
    "_tab_game": "Spelinställningar",
    "_tab_heistStatus": "Rån-status",
    "_tab_hit": "Träffindikator",
    "_tab_Inspect": "Inspektera spelare",
    "_tab_juke_anticipation": "ANTICIPATION",
    "_tab_juke_assault": "ASSAULT",
    "_tab_juke_control": "CONTROL",
    "_tab_juke_heist": "Rånlåtar",
    "_tab_juke_menu": "Menylåtar",
    "_tab_juke_shuffle_tip": "* Du kan aktivera shuffle via [Inställningar] - [PocoHud3] - [BLANDA MUSIKEN]",
    "_tab_juke_stealth": "STEALTH",
    "_tab_juke_stop": "STOP",
    "_tab_jukebox": "Jukebox",
    "_tab_karma": "Karmalista",
    "_tab_kitProfiler": "Kit-ändrare",
    "_tab_options": "Inställningar",
    "_tab_playerBottom": "Nedre Informationslåda",
    "_tab_playerFloat": "Info över huvudet",
    "_tab_popup": "Popup-etiketter",
    "_tab_root": "PocoHud3",
    "_tab_stat_day": "(DAG)",
    "_tab_stat_night": "(NATT)",
    "_tab_stat_perday": "Dagar",
    "_tab_stat_perheist": "Rån",
    "_tab_statistics": "Statistik",
    "_tab_tools": "Verktyg",
    "_tab_upgradeSkills": "Uppgraderade färdigheter",
    "_upgr_crewBonusFrom": "Lagbonus från [1]",
    "_vanity_align": "Ingen,Början,Mitten,Slut",
    "_vanity_auto": "Auto",
    "_vanity_cantedsight": "N/A,Av,Lite,Tydligt,Maximal",
    "_vanity_chatsend": "Ingen,Bara mig,Alla-Värd,Alla-EM,Alla-Själv,Alla-Alltid",
    "_vanity_corpse": "N/A,2,4,Standard,16,32,64,128,512,1024,2048",
    "_vanity_desyncresolve": "N/A,Av,Snabbare,Aggressivt",
    "_vanity_midstat": "Aldrig,50,100",
    "_vanity_resizeCrimenet": "60%,70%,80%,90%,100%",
    "_vanity_style": "N/A,PocoHud,Standard,Sken",
    "_vanity_truncatenames": "N/A,Av,3,6,9,12,15,18,21",
    "_vanity_verbose": "Aldrig,Bara detaljerad läge,Alltid",
    "_word_a": "en",
    "_word_ago": "sedan",
    "_word_an": "ett",
    "_word_broker": "Mäklare",
    "_word_completed": "Avklarade",
    "_word_day": "Dag",
    "_word_days": "dagar",
    "_word_heat": "Hetta",
    "_word_heist": "Rån",
    "_word_hr": "timme",
    "_word_hrs": "timmar",
    "_word_job": "Jobb",
    "_word_level": "Level",
    "_word_na": "N/A",
    "_word_no": "Nej",
    "_word_not_completed": "Inte avklarade",
    "_word_save": "SPARA",
    "_word_started": "Påbörjade",
    "_word_sync": "Synkning",
    "_word_synced": "Synkroniserad",
    "_word_time": "Tid",
    "_word_uid": "UID",
    "_word_unknown": "Okänd",
    "_word_yes": "Ja"
}