{
    "_about_colors": "Farveskift referenceside",
    "_about_colors_hint": "Vis MSDN referenceside som viser hver mulige farve kode i PocoHud3 forudindstilling",
    "_about_contributors": "Bidragyder",
    "_about_group_btn": "Diskuter/Foreslå på PocoMods steam gruppen!",
    "_about_hold_shift": "Hold Shift for at åbne en ud-spil browser.",
    "_about_loading_rss": "Loader RSS...",
    "_about_recent_updates": "Nylige PocoMod Opdateringer",
    "_about_trans_language": "Dansk",
    "_about_trans_names": "NickyFace",
    "_about_trans_presented": "Denne engelske oversættelse er fremlagt for dig af:",
    "_about_trans_special_thanks": "Især tak til:",
    "_about_trans_volunteers": "Oversættelsesfrivillige",
    "_btn_apply_and_reload": "ANDVEND OG GENLAD",
    "_btn_discard": "AFBRYD ÆNDRINGER",
    "_btn_reset": "NULSTIL TIL STANDARD",
    "_btn_reset_category": "NULSTIL DENNE KATEGORI",
    "_buff_bulletStormShort": "BS",
    "_buff_combatMedicDamageShort": "Skade+",
    "_buff_exhausted": "Træt",
    "_buff_overkillShort": "Skade+",
    "_buff_painkillerShort": "PK",
    "_buff_swanSongShort": "SS",
    "_buff_underdogShort": "Skade+",
    "_desc_apply_and_reload": "Visse indstillinger vil blive taget i brug ved næste session.",
    "_desc_discard": "Afbryd midlertidige indstillinger og reverter til tidligere indstillinger",
    "_desc_heist_count_completed": "Forlad:",
    "_desc_heist_count_started_1": "Fra Begyndelse:",
    "_desc_heist_count_started_2": "Tilsluttede:",
    "_desc_heist_day": "dag [1]",
    "_desc_heist_dayalt": "day [1] alt [2]",
    "_desc_heist_may_not_match": "* Numre stemmer muligvis ikke overens mellem kup og dage.",
    "_desc_heist_time_average": "Gennemsnit:",
    "_desc_heist_time_hm": "[1]t [2]m",
    "_desc_heist_time_m": "[1]m",
    "_desc_heist_time_ms": "[1]m [2]s",
    "_desc_heist_unlisted": "-- Ikke anførte kup --",
    "_desc_no_upgrades_acquired": "Ingen opgraderinger erhvervet",
    "_desc_not_in_effect": "Ikke i kraft",
    "_desc_reset": "Rerverter til standard indstilling.",
    "_desc_reset_ask": "Fortsæt?",
    "_desc_reset_category": "Reverter denne kategori til standard indstilling",
    "_insp_achievements": "Præsentationer",
    "_insp_basic": "Grundlæggend",
    "_insp_fetch_achievements_btn": "Hent Præsentationer data",
    "_insp_fetch_pd2_btn": "Hent PD2Stats.com data",
    "_insp_fetch_recent": "Hent Nylige Spil",
    "_insp_game": "Spil [1]",
    "_insp_key": "Nøgle",
    "_insp_pd2_failed": "Kunne ikke hente fra PD2Stats.com",
    "_insp_pd2_legit": "Virker gyldig.",
    "_insp_pd2_success": "Hentede succesfuldt fra PD2Stats.com",
    "_insp_pd2_susp": "Mistænksom.",
    "_insp_pd2_verdict": "PD2Stats Dom",
    "_insp_player": "Spiller [1] : [2]",
    "_insp_profile_denied": "Nægtet: Privat/Medlem-kun profil?",
    "_insp_profile_success": "Modtog succesfuldt [1] spil fra Steamprofil.",
    "_insp_total_lately": "Total: [1]t, Nyligt: [2]t",
    "_insp_value": "Værdi",
    "_kit_categories": "SÆT NAVN,PRIMÆR,SEKUNDÆR,RUSTNING,GADGET,HÅNDGEMÆNG",
    "_kit_color_edit_hint": "Sæt dette grejs forfængeligheds etikettefarve for dig.",
    "_kit_dblclick_to_equip": "Double-klik for at anvende denne genstand",
    "_kit_desc": "Grej profiler er afhængig af din inventar indstilling. Enhver ændring i dit inventar (modifikationer, salg) vil blive anvendt til resultatet.",
    "_kit_equip_btn_hint1": "Klik til",
    "_kit_equip_btn_hint2": "Kopier",
    "_kit_equip_btn_hint3": "Double-klik for at",
    "_kit_equip_btn_hint4": "Slet",
    "_kit_equip_btn_hint5": "denne genstand.",
    "_kit_key_combination": "CTRL + ALT + [1]",
    "_kit_key_edit_hint1": "Hvis sat, tryk",
    "_kit_key_edit_hint2": "Ctrl + ALT + DENNE",
    "_kit_key_edit_hint3": "Nøgle mens ud-spil for at benytte dette grej.",
    "_kit_key_edit_hint4": "Personlig nøgle-kombination ikke tilgængelig.\nEns nøglebindinger kan resultere i uforventede resultater.\n(Kun et grej kan/vil blive benyttet)",
    "_kit_key_edit_hint5": "Slet for at fjerne bundne nøgle.",
    "_kit_keybind": "NøgleBind",
    "_kit_leave_as_is": "LAD VÆRE SOM ER",
    "_kit_na_in_game": "N/A i spil",
    "_kit_name_edit_hint": "Sæt dette grejs forfængelighedsnavn",
    "_kit_not_available": "Ingen Grej profiler tilgængelige.",
    "_kit_profiler_desc1": "Profiler",
    "_kit_profiler_desc2": "Double-klik for at benytte dette grej",
    "_kit_profiler_disabled_ingame": "Afbrudt i spil.",
    "_kit_save_desc1": "Aktuel Grej",
    "_kit_save_desc2": "Gem til profileren. Utjekkede genstande vil blive fjernet.",
    "_kit_save_hint1": "Tilføj",
    "_kit_save_hint2": "Overskriv",
    "_kit_save_hint3": "Afhænger af det SATTE NAVN",
    "_kit_saved_kits_title1": "Gemte Grej",
    "_kit_saved_kits_title2": "Rediger eller fjerne gemte grej",
    "_kit_tab_edit_kit": "REDIGER GREJ",
    "_kit_tab_use_kit": "BRUG GREJ",
    "_line_youAndCrewsPerks": "Frynsegode som du og dit hold vil yde fra",
    "_line_yourPerks": "Frynsegode som du har erhvervet",
    "_opt_24HourClock": "24TIMER UR",
    "_opt_24HourClock_desc": "Benyt 24 timer ur i stedet for 12 timer ur ved hjørnet og bunden af spiller infoboks",
    "_opt_AiDamage": "AI SKADE",
    "_opt_AiDamage_desc": "Vis AI's skade",
    "_opt_buff": "Buff",
    "_opt_buff_desc": "Vis realtid buff status",
    "_opt_buffSize": "BUFF STØRRELSE",
    "_opt_buffSize_desc": "Ikon størrelse (ignoreret ved Vanilla stil)",
    "_opt_cantedSightCrook": "HYKLET SIGTE CROOK",
    "_opt_cantedSightCrook_desc": "I-spil hyklet sigte(som gadget) indikator",
    "_opt_chat_desc_1": "Hvis en begivenhed anført for neden hænder og fuldfører angivne betingelser vil PocoHud fortælle andre det via chat. Mulige mål er:",
    "_opt_chat_desc_2": "* Ingen: Ingen",
    "_opt_chat_desc_3": "* Kun mig: Kun mig",
    "_opt_chat_desc_4": "* Alle-Vært: Alle hvis jeg er vært",
    "_opt_chat_desc_5": "* Alle-HS: Alle hvis jeg har deltaget i hele spillet",
    "_opt_chat_desc_6": "* Alle-Alene: Alle hvis jeg er den eneste som har PocoHud",
    "_opt_chat_desc_7": "*Alle-Altid: Alle, uanset om en anden allerede har fortalt med PocoHud eller ej",
    "_opt_color": "FARVE",
    "_opt_color_desc": "Skrift farve",
    "_opt_colorizeCrimenet": "FARVET CRIMENET",
    "_opt_colorizeCrimenet_desc": "Farve-kod Crimnet kontrakter ved sværhedsgrad og nedton varme bonus gløde",
    "_opt_colorNegative": "NEGARTIVE FARVER",
    "_opt_colorNegative_desc": "Brugt i de-buff/dårlige ting\n(Ignoreret i \"vanilla\" stil, anvendt efter genladning af PH)",
    "_opt_colorPositive": "POSITIVE FARVER",
    "_opt_colorPositive_desc": "Brugt i buff/gode ting\n(Ignoreret i \"vanilla\" stil, anvendt efter genladning af PH)",
    "_opt_converted": "KONVERTERET",
    "_opt_converted_desc": "Nogle konverterede en politi håndhæver",
    "_opt_corner": "Hjørne",
    "_opt_corner_desc": "Statisk tekst tæller som virker som FPS tæller / Udspil ur",
    "_opt_corpseLimit": "LIG GRÆNSE",
    "_opt_corpseLimit_desc": "I-spil lig grænse\nStandard er 8.\nÉt trin multiplicerer/dividerer resultat med 2.",
    "_opt_corpseRagdollTimeout": "LIG KLUDEDUKKE ",
    "_opt_corpseRagdollTimeout_desc": "Lig kludedukke timeout i høj spil.\nStandard er 3 sekunder. Ét trin øger/mindsker tiden med 1 sekund.",
    "_opt_crewDamage": "HOLD SKADE",
    "_opt_crewDamage_desc": "Vis anden spillers skade",
    "_opt_custody": "FORVARING",
    "_opt_custody_desc": "Nogen er i forvaring",
    "_opt_damageDecay": "Skade forfald",
    "_opt_damageDecay_desc": "forfald tid",
    "_opt_defaultFont": "STANDARD SKRIFT",
    "_opt_defaultFont_desc": "Bruger sans-serif skrift",
    "_opt_detailedModeKey": "DETALJERET TILSTAND NØGLE",
    "_opt_detailedModeKey_desc": "Tastbind for detaljeret(verbose) tilstand.\nStandard: ` (tilde nøgle)",
    "_opt_detailedModeToggle": "DETALJERET TILSTAND SKIFTE",
    "_opt_detailedModeToggle_desc": "Gør detaljeret tilstand nøgle skifte tilstand.",
    "_opt_detailedOnly": "DETALJERET KUN",
    "_opt_detailedOnly_desc": "Skjul hjørnetekst mens \"Detaljeret\" tilstand ikke er aktiv",
    "_opt_dominated": "DOMINERET",
    "_opt_dominated_desc": "Vis når en AI har lagt håndjern på sig selv",
    "_opt_downed": "NEDE",
    "_opt_downed_desc": "Nogen er nede",
    "_opt_downedWarning": "NEDE ADVARSEL",
    "_opt_downedWarning_desc": "Nogen er nede mere end to gange i træk",
    "_opt_drillAlmostDone": "BOR NÆSTEN FÆRDIG",
    "_opt_drillAlmostDone_desc": "Et bor har færre end 10 sekunder tilbage.\n* Kræver Flyd-VisBor tilstand aktiveret",
    "_opt_drillDone": "BOR FÆRDIG",
    "_opt_drillDone_desc": "Et bor er færdig.\n* Kræver Flyd-VisBor indstilling aktiveret",
    "_opt_duration": "VARIGHED",
    "_opt_duration_desc": "Sekunder. 0 betyder auto (følger skjold gendannelsestid)",
    "_opt_enable": "AKTIVER",
    "_opt_enable_desc": "Aktiver denne funktion",
    "_opt_endStat": "SLUT INFO",
    "_opt_endStat_desc": "Slutspil info",
    "_opt_endStatCredit": "SLUT INFO KREDIT",
    "_opt_endStatCredit_desc": "PocoMods gruppe tilslut efter slutspil info ;)",
    "_opt_fallbackToMe": "Træk tilbage til mig",
    "_opt_fallbackToMe_desc": "TRÆK TILBAGE TIL MIG",
    "_opt_fasterDesyncResolve": "HURTIGERE AFSYNC LØS",
    "_opt_fasterDesyncResolve_desc": "I-spil Spiller ",
    "_opt_float_desc": "Flydende infoboks i 3D position",
    "_opt_frame": "RAMME",
    "_opt_frame_desc": "Alternativ boks ramme",
    "_opt_game_desc": "Spilspecifik forbedringer",
    "_opt_gap": "HUL",
    "_opt_gap_desc": "Ikon hul",
    "_opt_gridCrimenet": "AFSTEM CRIMENET",
    "_opt_gridCrimenet_desc": "Afstem Crimenet kontrakter til gitter",
    "_opt_handsUp": "HÆNDERNE UP",
    "_opt_handsUp_desc": "Vis når en AI vil overgive sig",
    "_opt_healthColor": "LIV FARVE",
    "_opt_healthColor_desc": "Liv tabt farve, fuld mængde",
    "_opt_healthColorDepleted": "LIV FARVE OPBRUGT",
    "_opt_healthColorDepleted_desc": "Liv tabt farve, opbrugt",
    "_opt_hideInteractionCircle": "SKJUL INTERAGERE CIRKEL",
    "_opt_hideInteractionCircle_desc": "Skjul vanilla spillets interaktion cirkel",
    "_opt_hit_desc": "Ramt indikator som viser hvorfra du er blevet skudt",
    "_opt_hostageChanged": "GIDSEL ÆNDRET",
    "_opt_hostageChanged_desc": "Gidsel tæller er blevet ændret\n* Ikke implementeret",
    "_opt_includeLocation": "INKLUDER LOKATION",
    "_opt_includeLocation_desc": "Hvis lokation data er tilgængelig, inkluder det i chat besked",
    "_opt_ingameJoinRemaining": "I-SPIL TILSLUT RESTE",
    "_opt_ingameJoinRemaining_desc": "I-spil NOGEN ER I GANG MED AT TILSLUTTE dialog vil vise dig hvor mange sekunder der er tilbage",
    "_opt_justify": "RETFÆRDIGGØR",
    "_opt_justify_desc": "Ikon afstemning (vertikal for Vanilla stil)",
    "_opt_keepOnScreen": "BEHOLD PÅ SKÆRM",
    "_opt_keepOnScreen_desc": "Behold flydende bokse på skærm",
    "_opt_keepOnScreenMarginX": "BEHOLD PÅ SKÆRM MARGIN X",
    "_opt_keepOnScreenMarginX_desc": "Margin for Venstre og Højre",
    "_opt_keepOnScreenMarginY": "BEHOLD PÅ SKÆRM MARGIN Y",
    "_opt_keepOnScreenMarginY_desc": "Margin for Top og Bund",
    "_opt_language": "SPROG",
    "_opt_language_desc": "PocoHud3 Sprog.\nLæs /poco/hud3_locale{input}.json",
    "_opt_margin": "MARGIN",
    "_opt_margin_desc": "Boks indre polstring",
    "_opt_maxFPS": "MAKS FPS",
    "_opt_maxFPS_desc": "Maks FPS for at reducere ydelse slag",
    "_opt_messiah": "MESSIAS",
    "_opt_messiah_desc": "Du benyttede et Pistol Messiah skud",
    "_opt_midStat": "MID INFO",
    "_opt_midStat_desc": "Midspil info. (afgrænset til ServerSend)",
    "_opt_midstatAnnounce": "MIDINFO MEDDEL",
    "_opt_midstatAnnounce_desc": "Udmeld info ved hver X drab. Anset som \"midspil info\"",
    "_opt_minionLost": "HÅNDLANGER MISTET",
    "_opt_minionLost_desc": "Nogen har mistet en håndlanger",
    "_opt_minionShot": "HÅNDLANGER SKUDT",
    "_opt_minionShot_desc": "Nogen skød en håndlanger",
    "_opt_mirrorDirection": "SPEJL RETNING",
    "_opt_mirrorDirection_desc": "Øget buff måler klokvis",
    "_opt_myDamage": "MIN SKADE",
    "_opt_myDamage_desc": "Vis lokal spillers skad",
    "_opt_noSprintDelay": "INGEN SPRINT FORSINKELSE",
    "_opt_noSprintDelay_desc": "Ignorerer efter-sprint forsinkels",
    "_opt_number": "NUMME",
    "_opt_number_desc": "Vis det præcise antal du har mistet",
    "_opt_numberDefaultFont": "NUMMER STANDARD SKRIFT",
    "_opt_numberDefaultFont_desc": "Nummer bruger standard skrift",
    "_opt_numberSize": "NUMMER STØRRELS",
    "_opt_numberSize_desc": "Nummer størrelse",
    "_opt_offset": "FORSKUDT",
    "_opt_offset_desc": "Vertikal forskudt hvis du VIRKELIG vil flytte det rundt",
    "_opt_opacity": "UIGENNEMSIGTIGHED",
    "_opt_opacity_desc": "Skrift uigennemsigtighed",
    "_opt_playerBottom_desc": "Info tekst i bunden af HUD'et",
    "_opt_playerFloat_desc": "Flydende info panel over hold medlems hoved",
    "_opt_pocoRoseKey": "POCO ROSE NØGLE",
    "_opt_pocoRoseKey_desc": "Tastbind for PocoRose.\nStandard: B",
    "_opt_popup_desc": "Viser skader i 3D rum",
    "_opt_rememberGadgetState": "HUSK GADGET TILSTAND",
    "_opt_rememberGadgetState_desc": "Husker gadget(laster, lygte, vinklet sigte) status mellem våbenbytninger",
    "_opt_replenished": "PÅFYLDT",
    "_opt_replenished_desc": "Nogen påfyldte liv (sædvanligt ved Med kit)",
    "_opt_resizeCrimenet": "MINDRE CRIMENET",
    "_opt_resizeCrimenet_desc": "Ændr Crimenet skrift størrelse",
    "_opt_root": "Rod",
    "_opt_root_desc": "PocoHud3 hoved konfiguration",
    "_opt_shieldColor": "SKJOLD FARVE",
    "_opt_shieldColor_desc": "Skjold tabt farve, fuld mængde",
    "_opt_shieldColorDepleted": "SKJOLD FARVE OPBRUGT",
    "_opt_shieldColorDepleted_desc": "Skjold tabt farve, opbrugt",
    "_opt_showArrow": "VIS PIL",
    "_opt_showArrow_desc": "Pil peger til spillers position",
    "_opt_showAverageDamage": "Vis gennemsnitlig skade",
    "_opt_showAverageDamage_desc": "Gennemsnitlig Skade per kugle",
    "_opt_showBags": "VIS TASKER",
    "_opt_showBags_desc": "Vis angivne tasker.\n* Kræver \"Vis Mål\" aktiveret",
    "_opt_showBerserker": "VIS BERSERKER",
    "_opt_showBerserker_desc": "Berserker indikator",
    "_opt_showBoost": "VIS BOOST",
    "_opt_showBoost_desc": "Inspirer varighed (modtagende part)",
    "_opt_showBulletstorm": "VIS KUGLESTORM",
    "_opt_showBulletstorm_desc": "Kuglestorm varighed",
    "_opt_showCarryDrop": "VIS BÆRER TAB",
    "_opt_showCarryDrop_desc": "Taske interaktion ventetid",
    "_opt_showCharge": "VIS LADNING",
    "_opt_showCharge_desc": "Håndgemæng ladning indikator",
    "_opt_showClock": "VIS UR",
    "_opt_showClock_desc": "Sæt et ur efter spillers lokal info",
    "_opt_showClockIngame": "VIS UR I-SPIL",
    "_opt_showClockIngame_desc": "Vis i-spil ur",
    "_opt_showClockOutgame": "VIS UR UD-SPIL",
    "_opt_showClockOutgame_desc": "Vis ur ud-spil",
    "_opt_showCombatMedic": "VIS KAMPLÆGE",
    "_opt_showCombatMedic_desc": "Krigslæge varighed",
    "_opt_showConvertedEnemy": "VIS KONVERTERET FJENDE",
    "_opt_showConvertedEnemy_desc": "Håndlanger liv som procent hvis man har nogen",
    "_opt_showConvertedEnemy_desc2": "Forsøg at farve-kode dem til mesteren.",
    "_opt_showDistance": "VIS DISTANCE",
    "_opt_showDistance_desc": "f.eks.) 25m",
    "_opt_showDowns": "VIS NEDE",
    "_opt_showDowns_desc": "Vis nede tæller",
    "_opt_showDrills": "VIS BOR",
    "_opt_showDrills_desc": "Vis aktive bor",
    "_opt_showECM": "VIS ECM",
    "_opt_showECM_desc": "ECM varighed",
    "_opt_showFeedback": "VIS FEEDBACK",
    "_opt_showFeedback_desc": "ECM Feedback varighed",
    "_opt_showFirstAid": "VIS FØRSTEHJÆLPS KIT",
    "_opt_showFirstAid_desc": "Vis \"quick fix Aced\" evne boost varighed",
    "_opt_showFPS": "VIS FPS",
    "_opt_showFPS_desc": "Vis FPS",
    "_opt_showHighlighted": "VIS MARKEREDE",
    "_opt_showHighlighted_desc": "Vis flydende infoboks mens oplyst.\nBipper svaringstid afhænger også af dette",
    "_opt_showIcon": "VIS IKON",
    "_opt_showIcon_desc": "Infamy Spar ikon",
    "_opt_showInspire": "VIS INSPIRER",
    "_opt_showInspire_desc": "Inspirer ventetid (givende part)",
    "_opt_showInspire_desc2": "Inspirer fart-boost",
    "_opt_showInteract": "VIS INTERAGER",
    "_opt_showInteract_desc": "Råb ventetid",
    "_opt_showInteraction": "VIS INTERAKTION",
    "_opt_showInteraction_desc": "Interaktion tidtager som involverer at holde BRUG-knap",
    "_opt_showInteractionTime": "VIS INTERAKTION TID",
    "_opt_showInteractionTime_desc": "Hvor meget tid tilbage",
    "_opt_showKill": "VIS DRAB",
    "_opt_showKill_desc": "Drab tæller",
    "_opt_showMusicTitle": "VIS MUSIK TITEL",
    "_opt_showMusicTitle_desc": "Vis titel på musik når det bliver sat",
    "_opt_showMusicTitlePrefix": "VIS TITEL PRÆFIX",
    "_opt_showMusicTitlePrefix_desc": "Præfix for musik titler",
    "_opt_showOverkill": "VIS OVERKILL",
    "_opt_showOverkill_desc": "Overkill varighed",
    "_opt_showPainkiller": "Vis Smertestiller",
    "_opt_showPainkiller_desc": "Vis modtager Smertestiller varighed",
    "_opt_showPing": "VIS PING",
    "_opt_showPing_desc": "Latens i millisekunder",
    "_opt_showPosition": "VIS POSITION",
    "_opt_showPosition_desc": "Vis spillers position\n* BETA",
    "_opt_showRank": "VIS RANG",
    "_opt_showRank_desc": "F.eks.) V-100",
    "_opt_showRankInKickMenu": "VIS RANG I SMID-UD MENU",
    "_opt_showRankInKickMenu_desc": "I-spil Smid-ud menu vil vise spiller levels med deres navne",
    "_opt_showReload": "VIS GENLAD",
    "_opt_showReload_desc": "Vis Genlad indikator",
    "_opt_showShield": "VIS SKJOLD",
    "_opt_showShield_desc": "Skjold bedrings tid",
    "_opt_showSpecial": "VIS SPECIAL",
    "_opt_showSpecial_desc": "Special drab tæller",
    "_opt_showStamina": "VIS UDHOLDENHED",
    "_opt_showStamina_desc": "Udholdenhed indikator",
    "_opt_showSuppressed": "VIS UNDERTRYKT",
    "_opt_showSuppressed_desc": "Undertrykkelse som forhindrer skjoldforbedring og øger kugleafvigelse.\n(Kugleafvigelse ikke i effekt)",
    "_opt_showSwanSong": "Vis Svanesang",
    "_opt_showSwanSong_desc": "Vis Svanesang varighed",
    "_opt_showTapeLoop": "VIS BÅNDGENTAGELSE",
    "_opt_showTapeLoop_desc": "Båndgentagelse varighed",
    "_opt_showTargets": "VIS MÅL",
    "_opt_showTargets_desc": "Vis angivne ",
    "_opt_showTransition": "VIS OVERGANG",
    "_opt_showTransition_desc": "Overgang som våbenbytning, håndgemæng ventetid",
    "_opt_showTriggerHappy": "VIS TRIGGERGLAD",
    "_opt_showTriggerHappy_desc": "Vis \"Triggerglad\" evne varighed",
    "_opt_showUnderdog": "Vis \"Underhund\"",
    "_opt_showUnderdog_desc": "Underhund varighed",
    "_opt_shuffleMusic": "BLAND MUSIK",
    "_opt_shuffleMusic_desc": "Bland spilmusik mellem hver angrebsbølge",
    "_opt_silentKitShortcut": "STILLE GREJ GENVEJ",
    "_opt_silentKitShortcut_desc": "Ignorer Grej Profil genveje mellem succes beskeder",
    "_opt_simpleBusyIndicator": "SIMPEL TRAVL INDIKATOR",
    "_opt_simpleBusyIndicator_desc": "Erstat \"busy\" ikoner med simple rede cirkler ved sigtekornet..\nSåsom ved: Genladning, Våbenbytning, håndgemæng",
    "_opt_simpleBusySize": "SIMPEL TRAVL STØRRELSE",
    "_opt_simpleBusySize_desc": "Set størrelse af SimpelTravl indikator hvis simpleTravl er brugt",
    "_opt_size": "STØRRELSE",
    "_opt_size_desc": "Skrift størrelse",
    "_opt_sizeEnd": "STØRRELSE SLUT",
    "_opt_sizeEnd_desc": "Størrelse ved slutningen",
    "_opt_sizeStart": "STØRRELSE START",
    "_opt_sizeStart_desc": "Størrelse ved begyndelsen",
    "_opt_sortCrimenet": "SORTER CRIMENET",
    "_opt_sortCrimenet_desc": "Sorter Crimenet kontrakter ved sværhedsgrad\nNote: Kræver Gitter Crimenet for at virke som forventet",
    "_opt_style": "STIL",
    "_opt_style_desc": "Buff ikon størrelse",
    "_opt_subtitleFontColor": "UNDERTEKST SKRIFT FARVE",
    "_opt_subtitleFontColor_desc": "Undertekst skrift farve",
    "_opt_subtitleFontSize": "UNDERTEKST SKRIFT STØRRELSE",
    "_opt_subtitleFontSize_desc": "Undertekst skrift størrelse",
    "_opt_subtitleOpacity": "UNDERTEKST UIGENNEMSIGTIGHED",
    "_opt_subtitleOpacity_desc": "Undertekst uigennemsigtighed",
    "_opt_truncateNames": "TRUNKER NAVNE",
    "_opt_truncateNames_desc": "Trunker spillernavne ved længde, hvis krævet.",
    "_opt_truncateTags": "TRUNKET MÆRKER",
    "_opt_truncateTags_desc_1": "Trunker spillermærker ved firkantede parantes.\nf.eks.)",
    "_opt_underneath": "UNDER",
    "_opt_underneath_desc": "Sæt SpillerBund infoboks ved hjørnet af skærmen",
    "_opt_uppercaseNames": "STORE BOGSTAVER NAVNE",
    "_opt_uppercaseNames_desc": "Navne som store bogstaver",
    "_opt_xPosition": "X POSITION",
    "_opt_xPosition_desc": "Oprindelse point X (% fra venstre af skærmen)",
    "_opt_yPosition": "Y POSITION",
    "_opt_yPosition_desc": "Oprindelse point Y (% fra top af skærm)",
    "_rose_almost": "Næsten der",
    "_rose_alright": "Okay",
    "_rose_ammo": "Behøver ammunition",
    "_rose_anysecond": "Hvilket som helst sekund",
    "_rose_cable": "Brug ledningsrem",
    "_rose_cams": "Tag kameraer",
    "_rose_cantstay": "Kan ikke blive her",
    "_rose_careful": "Forsigtig",
    "_rose_defended": "Hold forsvaret",
    "_rose_down": "Her nede",
    "_rose_downstairs": "Nedenunder",
    "_rose_drill": "Jeg har boret",
    "_rose_fewminutes": "Få minutter til",
    "_rose_fuck": "Åh lort",
    "_rose_getout": "Kom ud",
    "_rose_halfway": "Halvvejs færdig",
    "_rose_hurry": "Skynd dig",
    "_rose_inside": "Indenfor",
    "_rose_left": "Venstre",
    "_rose_letsgo": "Lad os smutte",
    "_rose_medbag": "Kræver førstehjælp",
    "_rose_overrun": "Vi er overrendt",
    "_rose_right": "Højre",
    "_rose_shit": "Lort",
    "_rose_shoot": "Skyd dem",
    "_rose_straight": "Lige fremme",
    "_rose_thanks": "Tak",
    "_rose_thisway": "Denne vej",
    "_rose_timetogo": "Tid til at smutte",
    "_rose_upstairs": "Ovenpå",
    "_rose_whistle": "Fløjt",
    "_rose_wrong": "Forkert vej",
    "_stat_crewKills": "[1]Hold: [2]",
    "_tab_about": "Omkring",
    "_tab_buff": "Buff",
    "_tab_chat": "Chat",
    "_tab_corner": "Hjørne tekst",
    "_tab_float": "Flydende etiket",
    "_tab_game": "Spilmekanikker",
    "_tab_heistStatus": "Kup status",
    "_tab_hit": "Ramt indikator",
    "_tab_Inspect": "Inspicer spillere",
    "_tab_juke_anticipation": "FORVENTNING",
    "_tab_juke_assault": "ANGREB",
    "_tab_juke_control": "KONTROL",
    "_tab_juke_heist": "Kup sange",
    "_tab_juke_menu": "Menu sange",
    "_tab_juke_shuffle_tip": "* Du kan bruge Auto blander via [Indstillinger]-[PocoHud3]-[Bland Musik]",
    "_tab_juke_stealth": "SKJUL",
    "_tab_juke_stop": "STOP",
    "_tab_jukebox": "Jukebox",
    "_tab_karma": "Karma liste",
    "_tab_kitProfiler": "Grej Profil",
    "_tab_options": "Indstillinger",
    "_tab_playerBottom": "Bund infoboks",
    "_tab_playerFloat": "Top infoboks",
    "_tab_popup": "Popop etiketter",
    "_tab_root": "PocoHud3",
    "_tab_stat_day": "(DAG)",
    "_tab_stat_night": "(NAT)",
    "_tab_stat_perday": "Per Dag",
    "_tab_stat_perheist": "Per Kup",
    "_tab_statistics": "Statistikke",
    "_tab_tools": "Værktøjer",
    "_tab_upgradeSkills": "Upgrader Evner",
    "_upgr_crewBonusFrom": "Hold bonus fra [1]",
    "_vanity_align": "ingen,Start,Midt,Slut",
    "_vanity_auto": "Aut",
    "_vanity_cantedsight": "N/A,Af,Subtil,Tydelig,Maximum",
    "_vanity_chatsend": "Ingen,Kun mig,Alle-Vært,Alle-HS,Alle-Alene,Alle-Altid",
    "_vanity_corpse": "N/A,Minimum,Mindre,Standard,Mere,Meget,Konsiderabelt,Massive,Kæmpe,Kolossal,Latterlig",
    "_vanity_desyncresolve": "N/A,Af,Hurtigere,Aggressiv",
    "_vanity_midstat": "Aldrig,50,100",
    "_vanity_resizeCrimenet": "60%,70%,80%,90%,100%",
    "_vanity_style": "N/A,PocoHud,Vanilla,Varme",
    "_vanity_truncatenames": "N/A,Af,3,6,9,12,15,18,21",
    "_vanity_verbose": "Aldrig,Detaljeret tilstand kun,Altid",
    "_word_a": "en",
    "_word_ago": "siden",
    "_word_an": "en",
    "_word_broker": "Mægler",
    "_word_completed": "Klaret",
    "_word_day": "Dag",
    "_word_days": "dage",
    "_word_heat": "Varme",
    "_word_heist": "Kup",
    "_word_hr": "timer",
    "_word_hrs": "timer",
    "_word_job": "Job",
    "_word_level": "Niveau",
    "_word_na": "N/A",
    "_word_no": "Nej",
    "_word_not_completed": "Ikke klaret",
    "_word_save": "GEM",
    "_word_started": "Startet",
    "_word_sync": "Synkr",
    "_word_synced": "Synkronisered",
    "_word_time": "Tid",
    "_word_uid": "UID",
    "_word_unknown": "Ukendt",
    "_word_yes": "Ja"
}