{
    "_about_colors": "Referanseside for fargekoding",
    "_about_colors_hint": "Vis referanseside fra MSDN som viser alle mulige forhåndssatte fargekoder i PocoHud3",
    "_about_contributors": "Bidragsytere",
    "_about_group_btn": "Diskuter/foreslå i PocoMods steamgruppen!",
    "_about_hold_shift": "Hold Skift for å åpne i standard nettleser",
    "_about_loading_rss": "Laster RSS...",
    "_about_recent_updates": "Nylige PocoMod-oppdateringer",
    "_about_trans_language": "Norsk",
    "_about_trans_names": "ikoddn",
    "_about_trans_presented": "Denne norske oversettelsen ble presentert til deg av:",
    "_about_trans_special_thanks": "Spesielt takk til:",
    "_about_trans_volunteers": "Oversettingsfrivillige",
    "_btn_apply_and_reload": "ANVEND & LAST PÅ NYTT",
    "_btn_discard": "AVBRYT ENDRINGER",
    "_btn_reset": "NULLSTILL TIL STANDARD",
    "_btn_reset_category": "NULLSTILL DENNE KATEGORIEN",
    "_buff_bulletStormShort": "BS",
    "_buff_combatMedicDamageShort": "Skade+",
    "_buff_exhausted": "Utmattet",
    "_buff_first_aid_damage_reduction_upgrade": "-Skade",
    "_buff_lifeLeechShort": "LD",
    "_buff_overkillShort": "Skade+",
    "_buff_painkillerShort": "PK",
    "_buff_swanSongShort": "SS",
    "_buff_underdogShort": "Skade+",
    "_desc_apply_and_reload": "Noen alternativer vil bli tatt i bruk på neste økt.",
    "_desc_discard": "Forkast midlertidige endringer og tilbakestill til tidligere innstillinger",
    "_desc_heist_count_completed": "Avsluttet:",
    "_desc_heist_count_started_1": "Fra begynnelsen:",
    "_desc_heist_count_started_2": "Kom underveis:",
    "_desc_heist_day": "dag [1]",
    "_desc_heist_dayalt": "dag [1] alt [2]",
    "_desc_heist_may_not_match": "* Tallene stemmer muligens ikke overens mellom jobber og dager.",
    "_desc_heist_time_average": "Gjennomsnitt:",
    "_desc_heist_time_hm": "[1]t [2]m",
    "_desc_heist_time_m": "[1]m",
    "_desc_heist_time_ms": "[1]m [2]s",
    "_desc_heist_unlisted": "-- Ikke listede jobber --",
    "_desc_no_upgrades_acquired": "Ingen oppgraderingen anskaffet",
    "_desc_not_in_effect": "Ikke i kraft",
    "_desc_reset": "Reverter til standard innstilling.",
    "_desc_reset_ask": "Fortsett?",
    "_desc_reset_category": "Tilbakestill denne kategorien til standardinnstilling.",
    "_insp_achievements": "Prestasjoner",
    "_insp_basic": "Grunnleggende",
    "_insp_fetch_achievements_btn": "Hent prestasjonsdata",
    "_insp_fetch_pd2_btn": "Hent PD2Stats.com data",
    "_insp_fetch_recent": "Hent nylige spill",
    "_insp_game": "Spill [1]",
    "_insp_key": "Nøkkel",
    "_insp_pd2_failed": "Kunne ikke hente fra PD2Stats.com",
    "_insp_pd2_legit": "Ser riktig ut.",
    "_insp_pd2_success": "Henting fra PD2Stats.com vellykket",
    "_insp_pd2_susp": "Mistenksom.",
    "_insp_pd2_verdict": "PD2Stats dom",
    "_insp_player": "Spiller [1] : [2]",
    "_insp_profile_denied": "Nektet tilgang: Privat/kun-medlem profil?",
    "_insp_profile_success": "Hentet [1] spill vellykket fra Steam-profil",
    "_insp_total_lately": "Totalt: [1]t, Nylig: [2]t",
    "_insp_value": "Verdi",
    "_kit_categories": "OPPSETTSNAVN,PRIMÆR,SEKUNDÆR,RUSTNING,GADGET,NÆRKAMP",
    "_kit_color_edit_hint": "Setter farge på etiketten for dette oppsettet.",
    "_kit_dblclick_to_equip": "* Dobbelklikk for å benytte denne",
    "_kit_desc": "* Oppsettsprofileren er avhengig av inventaroppsettet ditt. Endringer i inventaret (modifikasjoner, salg) vil bli reflektert på resultatet.",
    "_kit_equip_btn_hint1": "Klikk for å",
    "_kit_equip_btn_hint2": "kopiere",
    "_kit_equip_btn_hint3": "Dobbelklikk for å",
    "_kit_equip_btn_hint4": "Slette",
    "_kit_equip_btn_hint5": "dette elementet.",
    "_kit_key_combination": "CTRL + ALT + [1]",
    "_kit_key_edit_hint1": "Hvis satt, trykk",
    "_kit_key_edit_hint2": "Ctrl + ALT + DENNE",
    "_kit_key_edit_hint3": "tasten mens du ikke er i et spill for å benytte dette oppsettet.",
    "_kit_key_edit_hint4": "Egendefinert tastekombinasjon er ikke tilgjengelig.\nDupliserte tastebindinger kan gi uventede resultater.\n(Bare et oppsett kan/vil bli benyttet)",
    "_kit_key_edit_hint5": "Tilbaketasten for å fjerne bunden tast.",
    "_kit_keybind": "Tastebinding",
    "_kit_leave_as_is": "LA VÆRE SOM DEN ER",
    "_kit_na_in_game": "Ikke tilgjengelig i spill",
    "_kit_name_edit_hint": "Sett etikett for dette oppsettet.",
    "_kit_not_available": "Ingen oppsettsprofiler tilgjengelig.",
    "_kit_profiler_desc1": "Profiler",
    "_kit_profiler_desc2": "Dobbelklikk for å benytte et oppsett",
    "_kit_profiler_disabled_ingame": "Deaktivert i spillet.",
    "_kit_save_desc1": "Gjeldende oppsett",
    "_kit_save_desc2": "Lagre til profileren. Elementer som ikke er valgt vil bli fjernet.",
    "_kit_save_hint1": "Legg til",
    "_kit_save_hint2": "overskriv",
    "_kit_save_hint3": "avhengig av OPPSETTSNAVN",
    "_kit_saved_kits_title1": "Lagrede oppsett",
    "_kit_saved_kits_title2": "Endre eller fjern lagrede oppsett",
    "_kit_tab_edit_kit": "ENDRE OPPSETT",
    "_kit_tab_use_kit": "BRUK OPPSETT",
    "_line_youAndCrewsPerks": "Fordeler som du og ditt lag vil dra nytte av",
    "_line_yourPerks": "Fordeler som du har oppnådd",
    "_opt_24HourClock": "24TIMER KLOKKE",
    "_opt_24HourClock_desc": "Bruk 24-timers klokke istedenfor 12-timers klokke i hjørnet og på bunnen av spillers infoboks",
    "_opt_AiDamage": "AI SKADE",
    "_opt_AiDamage_desc": "Vis skade fra AI",
    "_opt_buff": "Styrkebonus",
    "_opt_buff_desc": "Viser styrkebonuser i sanntid",
    "_opt_buffSize": "STYRKEBONUS-STØRRELSE",
    "_opt_buffSize_desc": "Ikonstørrelse (ignorert ved Vanlig stil)",
    "_opt_cantedSightCrook": "SKRÅSIKTE VENDING",
    "_opt_cantedSightCrook_desc": "Indikator for skråsikte (som gadget) i spill",
    "_opt_chat_desc_1": "Hvis en hendelse oppført nedenfor skjer og oppfyller angitte betingelser, vil PocoHud fortelle andre via chat. Mulige mål er:",
    "_opt_chat_desc_2": "* Ingen: Ingen",
    "_opt_chat_desc_3": "* Kun meg: Kun meg",
    "_opt_chat_desc_4": "* Alle-Vert: Alle dersom jeg er vert",
    "_opt_chat_desc_5": "* Alle-HS: Alle dersom jeg har vært tilstede i hele spillet",
    "_opt_chat_desc_6": "* Alle-Alene: Alle dersom bare jeg har PocoHud",
    "_opt_chat_desc_7": "* Alle-Alltid: Alle, uavhengig om andres PocoHud har sendt ut eller ikke",
    "_opt_color": "FARGE",
    "_opt_color_desc": "Skriftfarge",
    "_opt_colorizeCrimenet": "FARGELEGG CRIME.NET",
    "_opt_colorizeCrimenet_desc": "Fargekod CRIME.NET kontrakter etter vanskelighetsgrad og ton ned glød fra hete",
    "_opt_colorNegative": "NEGATIV FARGE",
    "_opt_colorNegative_desc": "Brukt i styrketap/negative ting\n(Ignorert i Vanlig stil, anvendes etter omlasting av PH)",
    "_opt_colorPositive": "POSITIV FARGE",
    "_opt_colorPositive_desc": "Brukt i styrkebonuser/positive ting\n(Ignorert i Vanlig stil, anvendes etter omlasting av PH)",
    "_opt_converted": "KONVERTERT",
    "_opt_converted_desc": "Noen konverterte en politibetjent",
    "_opt_corner": "Hjørne",
    "_opt_corner_desc": "Tekst som viser antall bilder per sekund/systemklokke",
    "_opt_corpseLimit": "LIKGRENSE",
    "_opt_corpseLimit_desc": "Grense på antall lik i et spill\nStandardverdi er 8.\nHvert trinn multipliserer/dividerer resultatet med 2.",
    "_opt_corpseRagdollTimeout": "TIDSAVBRUDD FILLEDUKKE",
    "_opt_corpseRagdollTimeout_desc": "Tidsavbrudd for filledukkefysikk for lik i høylytt spill.\nStandard er 3 sekunder. Hvert trinn øker/senker tiden med 1 sekund.",
    "_opt_crewDamage": "SKADE FRA LAG",
    "_opt_crewDamage_desc": "Vis andre spilleres skade",
    "_opt_custody": "VARETEKT",
    "_opt_custody_desc": "Noen er i varetekt",
    "_opt_damageDecay": "SKADEFORFALL",
    "_opt_damageDecay_desc": "Forfallstid",
    "_opt_defaultFont": "STANDARD SKRIFTTYPE",
    "_opt_defaultFont_desc": "Bruk sans-serif skrifttype",
    "_opt_detailedModeKey": "DETALJERT MODUS TAST",
    "_opt_detailedModeKey_desc": "Tast for detaljert modus.\nStandard: ` (tilde tast)",
    "_opt_detailedModeToggle": "DETALJERT MODUS VEKSLING",
    "_opt_detailedModeToggle_desc": "Vekslemodus for tast for detaljert modus.",
    "_opt_detailedOnly": "KUN DETALJERT",
    "_opt_detailedOnly_desc": "Gjem hjørnetekst når 'Detaljert' modus ikke er aktivert.",
    "_opt_dominated": "DOMINERT",
    "_opt_dominated_desc": "Vis når en AI har satt håndjern på seg selv",
    "_opt_downed": "NEDE",
    "_opt_downed_desc": "Noen har gått ned",
    "_opt_downedWarning": "NEDE ADVARSEL",
    "_opt_downedWarning_desc": "Noen har gått ned mer enn to ganger på rad",
    "_opt_drillAlmostDone": "DRILL NESTEN FERDIG",
    "_opt_drillAlmostDone_desc": "En drill har mindre enn 10 sekunder igjen.\n* Krever at Flyt-VisDriller valget er aktivert",
    "_opt_drillDone": "DRILL FERDIG",
    "_opt_drillDone_desc": "En drill er ferdig.\n* Krever at Flyt-VisDriller valget er aktivert",
    "_opt_duration": "VARIGHET",
    "_opt_duration_desc": "Sekunder. 0 betyr automatisk (følger gjenopprettingstid for skjold)",
    "_opt_enable": "AKTIVER",
    "_opt_enable_desc": "Aktiver denne funksjonen",
    "_opt_endStat": "SLUTTINFO",
    "_opt_endStat_desc": "Sluttspillinfo",
    "_opt_endStatCredit": "SLUTTINFO KREDITT",
    "_opt_endStatCredit_desc": "Reklame for PocoMods gruppen etter sluttspillinfo ;)",
    "_opt_fallbackToMe": "FALL TILBAKE TIL MEG",
    "_opt_fallbackToMe_desc": "Hvis en hendelse er satt til å bli sendt til alle men betingelsen ikke er oppfyllt, vis den til meg selv i stedet.",
    "_opt_fasterAIDesyncResolve": "RASKERE SYNKRONISERING AV AI",
    "_opt_fasterAIDesyncResolve_desc": "AI-karakterer som er usynkronisert vil synkroniseres raskere og bli representert med en mer presis posisjon.",
    "_opt_fasterDesyncResolve": "RASKERE SYNKRONISERING",
    "_opt_fasterDesyncResolve_desc": "Spillerkarakterer som er usynkronisert vil synkroniseres raskere og bli representert med en mer presis posisjon.",
    "_opt_float_desc": "Flytende infoboks i 3D-posisjon",
    "_opt_frame": "RAMME",
    "_opt_frame_desc": "Alternativ boksramme",
    "_opt_gainIndicator": "ØKNINGSINDIKATOR",
    "_opt_gainIndicator_desc": "Viser mengden liv og rustning du har oppnådd fra forskjellige kilder.",
    "_opt_game_desc": "Spillspesifikke forbedringer",
    "_opt_gap": "AVSTAND",
    "_opt_gap_desc": "Ikonavstand",
    "_opt_gridCrimenet": "RETT INN CRIME.NET",
    "_opt_gridCrimenet_desc": "Rett inn CRIME.NET kontrakter til et rutenett",
    "_opt_handsUp": "HENDENE OPPE",
    "_opt_handsUp_desc": "Vis når en AI overgir seg",
    "_opt_healthColor": "HELSEFARGE",
    "_opt_healthColor_desc": "Farge for mistet helse, full mengde",
    "_opt_healthColorDepleted": "HELSEFARGE OPPBRUKT",
    "_opt_healthColorDepleted_desc": "Helse for mistet helse, oppbrukt",
    "_opt_hideInteractionCircle": "GJEM INTERAKSJONSSIRKEL",
    "_opt_hideInteractionCircle_desc": "Gjem interaksjonssirkelen fra vanlig spill",
    "_opt_hit_desc": "Treffindikator som viser hvor du ble skutt fra",
    "_opt_hostageChanged": "GISSEL ENDRET",
    "_opt_hostageChanged_desc": "Antall gisler har blitt endret\n* Ikke implementert",
    "_opt_includeLocation": "INKLUDER LOKASJON",
    "_opt_includeLocation_desc": "Dersom lokasjonsdata er tilgjengelig, inkluder det i chat-melding",
    "_opt_ingameJoinRemaining": "I SPILL TILSLUTNING GJENSTÅR",
    "_opt_ingameJoinRemaining_desc": "NOEN JOINER dialog i et spill vil vise hvor mange sekunder som gjenstår",
    "_opt_interactionClickStick": "HOLDENDE INTERAKSJON",
    "_opt_interactionClickStick_desc": "Se i våpensiktet under interaksjon for å initiere HOLDENDE INTERAKSJON. Se i våpensiktet igjen for å stoppe interaksjon.",
    "_opt_justify": "JUSTER",
    "_opt_justify_desc": "Ikoninnretting (vertikalt for Vanlig stil)",
    "_opt_keepOnScreen": "BEHOLD PÅ SKJERMEN",
    "_opt_keepOnScreen_desc": "Behold flytende bokser på skjermen",
    "_opt_keepOnScreenMarginX": "BEHOLD PÅ SKJERMEN MARGIN X",
    "_opt_keepOnScreenMarginX_desc": "Margin for Venstre og Høyre",
    "_opt_keepOnScreenMarginY": "BEHOLD PÅ SKJERM MARGIN Y",
    "_opt_keepOnScreenMarginY_desc": "Margin for Topp og Bunn",
    "_opt_language": "SPRÅK",
    "_opt_language_desc": "PocoHud3 Språk.\nleser /poco/hud3_locale{inndata}.json",
    "_opt_margin": "MARGIN",
    "_opt_margin_desc": "Indre utfylling i boks",
    "_opt_maxFPS": "MAKS FPS",
    "_opt_maxFPS_desc": "Grense på antall bilder per sekund for å redusere ytelsestap",
    "_opt_messiah": "MESSIAH",
    "_opt_messiah_desc": "Du brukte et Pistol Messiah skudd",
    "_opt_midStat": "MIDTINFO",
    "_opt_midStat_desc": "Midtspillsinfo. (begrenset til ServerSend)",
    "_opt_midstatAnnounce": "MIDTINFO KUNNGJØRING",
    "_opt_midstatAnnounce_desc": "Kunngjør info per X drap. Betraktes som 'Midtspillsinfo'",
    "_opt_minionLost": "UNDERSÅTT TAPT",
    "_opt_minionLost_desc": "Noen mistet en undersått",
    "_opt_minionShot": "UNDERSÅTT SKUTT",
    "_opt_minionShot_desc": "Noen skjøt på en undersått",
    "_opt_mirrorDirection": "SPEILVEND RETNING",
    "_opt_mirrorDirection_desc": "Øk styrkebonusmåleren med klokken",
    "_opt_myDamage": "MIN SKADE",
    "_opt_myDamage_desc": "Vis lokal spillers skade",
    "_opt_noSprintDelay": "INGEN LØPFORSINKELSE",
    "_opt_noSprintDelay_desc": "Ignorer forsinkelse etter løping",
    "_opt_number": "TALL",
    "_opt_number_desc": "Vis eksakt hvor mye du mistet",
    "_opt_numberDefaultFont": "TALL STANDARD SKRIFTTYPE",
    "_opt_numberDefaultFont_desc": "Tallene bruker standard skrifttype",
    "_opt_numberSize": "TALLSTØRRELSE",
    "_opt_numberSize_desc": "Tallstørrelse",
    "_opt_offset": "FORSKYVNING",
    "_opt_offset_desc": "Vertikal forskyvning hvis du VIRKELIG vil flytte på det",
    "_opt_opacity": "GJENNOMSIKTIGHET",
    "_opt_opacity_desc": "Gjennomsiktighet for skrift",
    "_opt_playerBottom_desc": "Infotekst på bunnen av HUD",
    "_opt_playerFloat_desc": "Flytende infopanel over lagmedlemmenes hoder",
    "_opt_pocoRoseHalt": "STANS NÅR POCOROSE BRUKES",
    "_opt_pocoRoseHalt_desc": "Åpning av PocoRose vil stanse din bevegelse",
    "_opt_pocoRoseKey": "POCO ROSE TAST",
    "_opt_pocoRoseKey_desc": "Tast for PocoRose.\nStandard: B",
    "_opt_popup_desc": "Viser skader i 3D-rom",
    "_opt_rememberGadgetState": "HUSK GADGET-TILSTAND",
    "_opt_rememberGadgetState_desc": "Husk gadget (laser, lommelykt, vinklet sikte) tilstand mellom våpenbytte",
    "_opt_replenished": "PÅFYLT",
    "_opt_replenished_desc": "Noen fylte opp helsen (vanligvis med sanitetsutstyr)",
    "_opt_resizeCrimenet": "MINDRE CRIME.NET",
    "_opt_resizeCrimenet_desc": "Juster skriftstørrelse på CRIME.NET",
    "_opt_romanInfamy": "ROMERSKE INFAMY-NIVÅ",
    "_opt_romanInfamy_desc": "Vis Infamy-nivå som romertall",
    "_opt_root": "Rot",
    "_opt_root_desc": "PocoHud3 Hovedkonfigurasjon",
    "_opt_shieldColor": "SKJOLDFARGE",
    "_opt_shieldColor_desc": "Farge for mistet skjold, full mengde",
    "_opt_shieldColorDepleted": "SKJOLDFARGE OPPBRUKT",
    "_opt_shieldColorDepleted_desc": "Farge for mistet skjold, oppbrukt",
    "_opt_showArrow": "VIS PIL",
    "_opt_showArrow_desc": "Pil som peker på spillers posisjon",
    "_opt_showAverageDamage": "VIS GJENNOMSNITTLIG SKADE",
    "_opt_showAverageDamage_desc": "Gjennomsnittlig skade per kule",
    "_opt_showBags": "VIS BAGER",
    "_opt_showBags_desc": "Vis bager som det blir pekt på.\n* Krever at 'Vis Mål' er aktivert",
    "_opt_showBerserker": "VIS BERSERKER",
    "_opt_showBerserker_desc": "Indikator for Berserker",
    "_opt_showBoost": "VIS ØKNING",
    "_opt_showBoost_desc": "Varighet for Inspire (for mottaker)",
    "_opt_showBulletstorm": "VIS BULLETSTORM",
    "_opt_showBulletstorm_desc": "Varighet for Bulletstorm",
    "_opt_showCarryDrop": "VIS BÆRETAP",
    "_opt_showCarryDrop_desc": "Ventetid etter interaksjon med en bag",
    "_opt_showCharge": "VIS ANGREPSLADING",
    "_opt_showCharge_desc": "Indikator for angrepslading for nærkampsvåpen",
    "_opt_showClock": "VIS KLOKKE",
    "_opt_showClock_desc": "Vis en klokke etter lokal spillers info",
    "_opt_showClockIngame": "VIS KLOKKE I SPILL",
    "_opt_showClockIngame_desc": "Vis spillets klokke",
    "_opt_showClockOutgame": "VIS KLOKKE UTAV SPILL",
    "_opt_showClockOutgame_desc": "Vis systemets klokke",
    "_opt_showCloseCombat": "VIS NÆRKAMP",
    "_opt_showCloseCombat_desc": "Vis Infiltrators skadedempende bonus",
    "_opt_showCombatMedic": "VIS COMBAT MEDIC",
    "_opt_showCombatMedic_desc": "Varighet for Combat Medic",
    "_opt_showConvertedEnemy": "VIS KONVERTERTE FIENDER",
    "_opt_showConvertedEnemy_desc": "Helse til undersått i prosent dersom en har en",
    "_opt_showConvertedEnemy_desc2": "Prøv å benytt samme farge som herren den tilhører til.",
    "_opt_showDistance": "VIS AVSTAND",
    "_opt_showDistance_desc": "f.eks) 25m",
    "_opt_showDowns": "VIS NEDE-TELLER",
    "_opt_showDowns_desc": "Teller for antall ganger gått ned",
    "_opt_showDrills": "VIS DRILLER",
    "_opt_showDrills_desc": "Vis aktive driller",
    "_opt_showECM": "VIS ECM",
    "_opt_showECM_desc": "Varighet for ECM",
    "_opt_showFeedback": "VIS FEEDBACK",
    "_opt_showFeedback_desc": "Varighet for ECM Feedback",
    "_opt_showFirstAid": "VIS QUICK FIX",
    "_opt_showFirstAid_desc": "Vis varigheten til 'Quick Fix Aced' evnens styrkebonus",
    "_opt_showFPS": "VIS FPS",
    "_opt_showFPS_desc": "Vis antall bilder per sekund",
    "_opt_showHighlighted": "VIS FREMHEVET",
    "_opt_showHighlighted_desc": "Vis flytende infoboks mens det er fremhevet.\nTidtaker for å svare på samband er og avhengig av dette.",
    "_opt_showHostages": "VIS GISSEL",
    "_opt_showHostages_desc": "Vis antall gisler som blir holdt",
    "_opt_showIcon": "VIS IKON",
    "_opt_showIcon_desc": "Infamy spar-ikon",
    "_opt_showInspire": "VIS INSPIRE",
    "_opt_showInspire_desc": "Ventetid for Inspire (for den som gir)",
    "_opt_showInspire_desc2": "Fartsbonus fra Inspire",
    "_opt_showInteract": "VIS ROP",
    "_opt_showInteract_desc": "Ventetid for rop",
    "_opt_showInteraction": "VIS INTERAKSJON",
    "_opt_showInteraction_desc": "Tidtaker for interaksjon der man holder inne BRUK knappen",
    "_opt_showInteractionTime": "VIS INTERRAKSJONSTID",
    "_opt_showInteractionTime_desc": "Hvor mye tid igjen",
    "_opt_showKill": "VIS DREPT",
    "_opt_showKill_desc": "Teller for antall drept",
    "_opt_showLifeLeech": "VIS TAPPING AV LIV",
    "_opt_showLifeLeech_desc": "Vis ventetid for Infiltrators 10% tapping av liv",
    "_opt_showMusicTitle": "VIS MUSIKKTITTEL",
    "_opt_showMusicTitle_desc": "Vis tittel for musikk når den blir satt",
    "_opt_showMusicTitlePrefix": "VIS PREFIKS FOR MUSIKKTITTEL",
    "_opt_showMusicTitlePrefix_desc": "Prefiks for musikktitler",
    "_opt_showOverkill": "VIS OVERKILL",
    "_opt_showOverkill_desc": "Varighet for Overkill",
    "_opt_showPainkiller": "VIS PAINKILLER",
    "_opt_showPainkiller_desc": "Vis varighet for mottatt Painkiller",
    "_opt_showPing": "VIS PING",
    "_opt_showPing_desc": "Forsinkelse i millisekunder",
    "_opt_showPosition": "VIS POSISJON",
    "_opt_showPosition_desc": "Vis spillers posisjon.\n* BETA",
    "_opt_showRank": "VIS GRAD",
    "_opt_showRank_desc": "f.eks) V-100",
    "_opt_showRankInKickMenu": "VIS GRAD I SPARKEMENYEN",
    "_opt_showRankInKickMenu_desc": "Sparkemenyen i et spill vil vise grad for spillere sammen med navnet",
    "_opt_showReload": "VIS OMLADING",
    "_opt_showReload_desc": "Vis indikator for omlading",
    "_opt_showShield": "VIS SKJOLD",
    "_opt_showShield_desc": "Ventetid for gjenoppretting av skjold",
    "_opt_showSpecial": "VIS SPESIELLE",
    "_opt_showSpecial_desc": "Teller for spesielle drept",
    "_opt_showStamina": "VIS UTHOLDENHET",
    "_opt_showStamina_desc": "Indikator for utholdenhet",
    "_opt_showSuppressed": "VIS UNDERTRYKKELSE",
    "_opt_showSuppressed_desc": "Undertrykkelse som forhindrer gjenoppretting av skjold og øker kuleavvik.\n(Kuleavvik ikke i kraft)",
    "_opt_showSwanSong": "VIS SWAN SONG",
    "_opt_showSwanSong_desc": "Vis varighet for Swan Song",
    "_opt_showTapeLoop": "VIS CAMERA LOOP",
    "_opt_showTapeLoop_desc": "Varighet for Camera Loop",
    "_opt_showTargets": "VIS MÅL",
    "_opt_showTargets_desc": "Vis fiender som det blir peket på",
    "_opt_showTransition": "VIS OVERGANG",
    "_opt_showTransition_desc": "Overganger som våpenbytte, ventetid etter bruk av nærkampsvåpen",
    "_opt_showTriggerHappy": "VIS TRIGGER HAPPY",
    "_opt_showTriggerHappy_desc": "Vis varighet for Trigger Happy evnen",
    "_opt_showUnderdog": "VIS UNDERDOG",
    "_opt_showUnderdog_desc": "Varighet for Underdog",
    "_opt_shuffleMusic": "TILFELDIG MUSIKK",
    "_opt_shuffleMusic_desc": "Spill musikk i tilfeldig rekkefølge mellom hvert angrep",
    "_opt_silentKitShortcut": "STILLE OPPSETTSSNARVEIER",
    "_opt_silentKitShortcut_desc": "Ignorer meldinger fra tastetrykk til oppsettsprofileren",
    "_opt_simpleBusyIndicator": "ENKEL OPPTATT-INDIKATOR",
    "_opt_simpleBusyIndicator_desc": "Erstatt 'opptatt'-ikoner med en enkel rød sirkel ved siktet\nSom ved: Omlading, våpenbytte, nærkamp",
    "_opt_simpleBusySize": "STØRRELSE FOR ENKEL OPPTATT",
    "_opt_simpleBusySize_desc": "Setter størrelsen for den enkle opptatt-indikatoren dersom den er i bruk",
    "_opt_size": "STØRRELSE",
    "_opt_size_desc": "Skriftstørrelse",
    "_opt_sizeEnd": "SLUTTSTØRRELSE",
    "_opt_sizeEnd_desc": "Størrelse ved slutt",
    "_opt_sizeStart": "STARTSTØRRELSE",
    "_opt_sizeStart_desc": "Størrelse ved start",
    "_opt_sortCrimenet": "SORTER CRIME.NET",
    "_opt_sortCrimenet_desc": "Sorter CRIME.NET kontrakter etter vanskelighetsgrad\nMerknad: krever at CRIME.NET i rutenett fungerer som forventet",
    "_opt_style": "STIL",
    "_opt_style_desc": "Styrkebonus ikonstil",
    "_opt_subtitleFontColor": "UNDERTEKST SKRIFTFARGE",
    "_opt_subtitleFontColor_desc": "Skriftfarge for undertekst",
    "_opt_subtitleFontSize": "UNDERTEKST SKRIFTSTØRRELSE",
    "_opt_subtitleFontSize_desc": "Størrelse for undertekst",
    "_opt_subtitleOpacity": "UNDERTEKST GJENNOMSIKTIGHET",
    "_opt_subtitleOpacity_desc": "Gjennomsiktighet for undertekst",
    "_opt_truncateNames": "AVKORT NAVN",
    "_opt_truncateNames_desc": "Avkort lange spillernavn, dersom nødvendig.",
    "_opt_truncateTags": "AVKORT ETIKETTER",
    "_opt_truncateTags_desc_1": "Avkort spilleretiketter med hakeparanteser.",
    "_opt_underneath": "UNDER",
    "_opt_underneath_desc": "Plasser infoboksen under spiller helt nede på skjermen",
    "_opt_uppercaseNames": "STORE BOKSTAVER",
    "_opt_uppercaseNames_desc": "Navn med store bokstaver",
    "_opt_xPosition": "X-POSISJON",
    "_opt_xPosition_desc": "Startpunkt X (% fra venstre del av skjerm)",
    "_opt_yPosition": "Y-POSISJON",
    "_opt_yPosition_desc": "Startpunkt Y (% fra toppen av skjerm)",
    "_rose_almost": "nesten der",
    "_rose_alright": "greit",
    "_rose_ammo": "trenger ammunisjon",
    "_rose_anysecond": "NÅR som helst",
    "_rose_cable": "bruk strips",
    "_rose_cams": "ta kameraene",
    "_rose_cantstay": "kan ikke bli her",
    "_rose_careful": "forsiktig",
    "_rose_defended": "hold forsvart",
    "_rose_down": "ned her",
    "_rose_downstairs": "nede",
    "_rose_drill": "jeg har drillen",
    "_rose_fewminutes": "noen minutter til",
    "_rose_fuck": "å faen",
    "_rose_getout": "kom deg ut",
    "_rose_halfway": "halvferdig",
    "_rose_hurry": "fort deg",
    "_rose_inside": "inne",
    "_rose_left": "Venstre",
    "_rose_letsgo": "la oss gå",
    "_rose_medbag": "trenger førstehjelp",
    "_rose_overrun": "vi blir overkjørt",
    "_rose_right": "Høyre",
    "_rose_shit": "faen",
    "_rose_shoot": "skyt de",
    "_rose_straight": "rett frem",
    "_rose_thanks": "takk",
    "_rose_thisway": "denne vei",
    "_rose_timetogo": "på tide å gå",
    "_rose_upstairs": "oppe",
    "_rose_whistle": "plystre",
    "_rose_wrong": "feil vei",
    "_stat_crewKills": "[1]Lag: [2]",
    "_tab_about": "Om",
    "_tab_buff": "Styrkebonus",
    "_tab_chat": "Chat",
    "_tab_corner": "Hjørnetekst",
    "_tab_float": "Flytende etiketter",
    "_tab_game": "Spillmekanismer",
    "_tab_heistStatus": "Jobbstatus",
    "_tab_hit": "Treffindikator",
    "_tab_Inspect": "Inspiser Spillere",
    "_tab_juke_anticipation": "FORVENTNING",
    "_tab_juke_assault": "ANGREP",
    "_tab_juke_control": "KONTROLL",
    "_tab_juke_heist": "Jobbspor",
    "_tab_juke_menu": "Menyspor",
    "_tab_juke_shuffle_tip": "* Du kan velge å spille av i tilfeldig rekkefølge via [Alternativer]-[PocoHud3]-[Tilfeldig musikk]",
    "_tab_juke_stealth": "SNIKING",
    "_tab_juke_stop": "STOPP",
    "_tab_jukebox": "Jukeboks",
    "_tab_karma": "Karmaliste",
    "_tab_kitProfiler": "Oppsettsprofiler",
    "_tab_options": "Alternativer",
    "_tab_playerBottom": "Infoboks bunn",
    "_tab_playerFloat": "Infoboks over hode",
    "_tab_popup": "Pop-up etiketter",
    "_tab_root": "PocoHud3",
    "_tab_stat_day": "(DAG)",
    "_tab_stat_night": "(NATT)",
    "_tab_stat_perday": "Per Dag",
    "_tab_stat_perheist": "Per jobb",
    "_tab_statistics": "Statistikk",
    "_tab_tools": "Verktøy",
    "_tab_upgradeSkills": "Oppgraderingsevner",
    "_upgr_crewBonusFrom": "Lagbonus fra [1]",
    "_vanity_align": "ingen,Start,Midt,Slutt",
    "_vanity_auto": "Automatisk",
    "_vanity_cantedsight": "N/A,Av,Såvidt,Tydelig,Maksimalt",
    "_vanity_chatsend": "Ingen,Kun meg,Alle-Vert,Alle-HS,Alle-Alene,Alle-Alltid",
    "_vanity_corpse": "N/A,Minimum,Mindre,Standard,Mer,Mye,Betydelig,Kolossalt,Latterlig",
    "_vanity_desyncresolve": "N/A,Av,Raskere,Aggresiv",
    "_vanity_midstat": "Aldri,50,100",
    "_vanity_resizeCrimenet": "60%,70%,80%,90%,100%",
    "_vanity_style": "N/A,PocoHud,Vanlig,Glød",
    "_vanity_truncatenames": "N/A,Av,3,6,9,12,15,18,21",
    "_vanity_verbose": "Aldri,Kun detaljert modus,Alltid",
    "_word_a": "en",
    "_word_ago": "siden",
    "_word_an": "en",
    "_word_broker": "Kontakt",
    "_word_completed": "Fullført",
    "_word_day": "dag",
    "_word_days": "dager",
    "_word_heat": "Hete",
    "_word_heist": "Jobb",
    "_word_hr": "time",
    "_word_hrs": "timer",
    "_word_job": "Jobb",
    "_word_level": "Nivå",
    "_word_na": "N/A",
    "_word_no": "Nei",
    "_word_not_completed": "Ikke fullført",
    "_word_save": "LAGRE",
    "_word_started": "Startet",
    "_word_sync": "Synkronisering",
    "_word_synced": "Synkronisert",
    "_word_time": "Tid",
    "_word_uid": "UID",
    "_word_unknown": "Ukjent",
    "_word_yes": "Ja"
}