{
    "_about_colors": "Kleur code referentie pagina",
    "_about_colors_hint": "Toon MSDN referentie pagina die alle mogelijke kleur codes laat zien in PocoHud3 preset",
    "_about_contributors": "Bijdragers",
    "_about_group_btn": "Discussiër/suggereer op de PocoMods steam groep!",
    "_about_hold_shift": "Houd Shift ingedrukt om een uit spel browser te openen.",
    "_about_loading_rss": "RSS Laden...",
    "_about_recent_updates": "Recente PocoMod Updates",
    "_about_trans_language": "Nederlands",
    "_about_trans_names": "Nickolas Cat, Rezqual",
    "_about_trans_presented": "Deze Nederlands vertaling word gepresenteerd door :",
    "_about_trans_special_thanks": "Speciale dank aan :",
    "_about_trans_volunteers": "Vertaling vrijwilligers",
    "_btn_apply_and_reload": "TOEPASSEN & HERLADEN",
    "_btn_discard": "AANPASSINGEN NEGEREN",
    "_btn_reset": "STANDAARDWAARDEN",
    "_btn_reset_category": "RESET DEZE CATEGORIE",
    "_buff_bulletStormShort": "BS",
    "_buff_combatMedicDamageShort": "Dmg+",
    "_buff_exhausted": "Uitgeput",
    "_buff_overkillShort": "Dmg+",
    "_buff_painkillerShort": "PK",
    "_buff_swanSongShort": "SS",
    "_buff_underdogShort": "Dmg+",
    "_desc_apply_and_reload": "Sommige opties worden volgende sessie toegepast.",
    "_desc_discard": "Gooi tijdelijke veranderingen weg en ga terug naar vorige instellingen",
    "_desc_heist_count_completed": "Stoppen:",
    "_desc_heist_count_started_1": "Vanaf begin:",
    "_desc_heist_count_started_2": "Ingedropt",
    "_desc_heist_day": "dag [1]",
    "_desc_heist_dayalt": "Dag [1] alternatief [2]",
    "_desc_heist_may_not_match": "* Cijfers kunnen mogelijk niet kloppen tussen kraken en dagen.",
    "_desc_heist_time_average": "Gemiddelde:",
    "_desc_heist_time_hm": "[1]u [2]m",
    "_desc_heist_time_m": "[1]m",
    "_desc_heist_time_ms": "[1]m [2]s",
    "_desc_heist_unlisted": "-- Niet opgenomen heists --",
    "_desc_no_upgrades_acquired": "Geen verbeteringen verkregen",
    "_desc_not_in_effect": "Niet in gebruik",
    "_desc_reset": "Terug naar standaard opties.",
    "_desc_reset_ask": "Doorgaan?",
    "_desc_reset_category": "Zet deze categorie terug naar de standaardinstellingen",
    "_insp_achievements": "Prestaties",
    "_insp_basic": "Basis",
    "_insp_fetch_achievements_btn": "Haal prestatie data op",
    "_insp_fetch_pd2_btn": "Haal PD2Stats.com data op",
    "_insp_fetch_recent": "Haal Recente Games op",
    "_insp_game": "Spel [1]",
    "_insp_key": "Toets",
    "_insp_pd2_failed": "Mislukt om op te halen van PD2Stats.com",
    "_insp_pd2_legit": "Lijkt legitiem.",
    "_insp_pd2_success": "Succesvol ontvangen van PD2Stats.com",
    "_insp_pd2_susp": "Verdacht.",
    "_insp_pd2_verdict": "PD2Stats Oordeel",
    "_insp_player": "Speler [1] : [2]",
    "_insp_profile_denied": "Afgewezen: Prive/Alleen leden profiel?",
    "_insp_profile_success": "Succesvol ontvangen [1] spel van Steam profiel.",
    "_insp_total_lately": "Totaal: [1]U, Recent:[2]U",
    "_insp_value": "Waarde",
    "_kit_categories": "ZET NAAM,PRIMAIRE,SECONDAIRE,PANTSER,GADGET,MELEE",
    "_kit_color_edit_hint": "Zet deze uitrusting tip kleurnaam voor jou.",
    "_kit_dblclick_to_equip": "*Dubbelklik om deze uitrusting te selecteren",
    "_kit_desc": "*Uitrusting profieler is afhankelijk van jou inventaris opstelling. Enige verandering in jou inventory(modificaties,verkopen) worden toegevoeg aan het resultaat",
    "_kit_equip_btn_hint1": "Klik om",
    "_kit_equip_btn_hint2": "Kopiër",
    "_kit_equip_btn_hint3": "Dubbelklik om",
    "_kit_equip_btn_hint4": "Verwijder",
    "_kit_equip_btn_hint5": "Dit voorwerp.",
    "_kit_key_combination": "CTRL + ALT + [1]",
    "_kit_key_edit_hint1": "Als ingesteld, Druk",
    "_kit_key_edit_hint2": "Ctrl + ALT + DIT",
    "_kit_key_edit_hint3": "Toets tijdens uit-spel om deze uitrusting uit te rusten.",
    "_kit_key_edit_hint4": "Eigen toets-combinatie niet mogelijk.\nGedupliceerde toets combinatie kan tot onverwachten resultaten leiden.\n(Alleen een uitrusting kan/word uitgerust)",
    "_kit_key_edit_hint5": "Backspace om Verbonden toets te verwijderen.",
    "_kit_keybind": "Keybind",
    "_kit_leave_as_is": "LAAT ZOALS HET IS",
    "_kit_na_in_game": "Niet beschikbaar in spel",
    "_kit_name_edit_hint": "Zet deze uitrustings hint naam.",
    "_kit_not_available": "Geen Uitrusting profielen beschikbaar.",
    "_kit_profiler_desc1": "Profieler",
    "_kit_profiler_desc2": "Dubbel klik om een uitrusting uit te rusten",
    "_kit_profiler_disabled_ingame": "Buiten gebruik in spel.",
    "_kit_save_desc1": "Huidige uitrusting",
    "_kit_save_desc2": "Sla op naar profiler. Niet aangevinkte items worden verwijderd.",
    "_kit_save_hint1": "Toevoegen",
    "_kit_save_hint2": "Overschrijf",
    "_kit_save_hint3": "Afhankelijk van de NEERGEZETTE NAAM",
    "_kit_saved_kits_title1": "Opgeslagen Uitrustingen",
    "_kit_saved_kits_title2": "Verander of verwijder opgeslagen uitrustingen",
    "_kit_tab_edit_kit": "BEWERK UITRUSTING",
    "_kit_tab_use_kit": "GEBRUIK UITRUSTING",
    "_line_youAndCrewsPerks": "Voordelen die jou en je team beinvloeden",
    "_line_yourPerks": "Voordelen die jij hebt verkregen",
    "_opt_24HourClock": "24UUR KLOK",
    "_opt_24HourClock_desc": "Gebruik een 24 uurs klok inplaats van een 12 uur klok in de hoek en beneden de speler infobox ",
    "_opt_AiDamage": "AI SCHADE",
    "_opt_AiDamage_desc": "Laat AI schade zien",
    "_opt_buff": "Buff",
    "_opt_buff_desc": "Laat realtime buff status zien",
    "_opt_buffSize": "BUFF GROOTTE",
    "_opt_buffSize_desc": "Icoon groote (genegeerd met Vanilla stijl)",
    "_opt_cantedSightCrook": "Gekantelde vizier dief",
    "_opt_cantedSightCrook_desc": "In-spel schuin zicht (als gadget) indicator",
    "_opt_chat_desc_1": "Als een gebeurtenis in de lijst hieronder gebeurt en voltooid de geselecteerde voorwaarde, Pocohud vertelt dan anderen via chat. Mogelijke doelen zijn:",
    "_opt_chat_desc_2": "Niemand: Niemand",
    "_opt_chat_desc_3": "Alleen ik: Alleen ik",
    "_opt_chat_desc_4": "Iedereen-host: Iedereen als ik host ben",
    "_opt_chat_desc_5": "*Iedereen-EM: Iedereen als ik heb meegedaan met het hele potje",
    "_opt_chat_desc_6": "*Iedereen-Alleen: Iedereen als ik de enige ben die PocoHud heeft",
    "_opt_chat_desc_7": "*Iedereen-Altijd: Iedereen, ongeacht of iemand anders al heeft gebroadcast met PocoHud of niet",
    "_opt_color": "KLEUR",
    "_opt_color_desc": "Font kleur",
    "_opt_colorizeCrimenet": "VERKLEUR CRIMENET",
    "_opt_colorizeCrimenet_desc": "Crime.net contract moelijkheidsgraad aangeven met kleur en heat bonus gloei dimmen",
    "_opt_colorNegative": "NEGATIEVE KLEUR",
    "_opt_colorNegative_desc": "Gebruikt in de-buff/Slechte dingen\n(Genegeerd in \"Vanilla\" stijl, toegepast na het herladen van PH)",
    "_opt_colorPositive": "POSITIEVE KLEUR",
    "_opt_colorPositive_desc": "Gebruikt in buff/goeden dingen\n(genegeerd in \"vanilla\" stijl, toegepast na het herladen van PH)",
    "_opt_converted": "OVERGEHAALD",
    "_opt_converted_desc": "Iemand haalden een police enforcer over",
    "_opt_corner": "Hoek",
    "_opt_corner_desc": "Statische text ticker die werkt als een FPS teller / Uit spel klok",
    "_opt_corpseLimit": "LIJK LIMIET",
    "_opt_corpseLimit_desc": "In-spel lijk limiet\nStandaart is 8.\nElke stap verdubbeld/verdeelt resultaten met 2.",
    "_opt_corpseRagdollTimeout": "LIJK RAGDOLL TIMEOUT",
    "_opt_corpseRagdollTimeout_desc": "Lijk ragdoll timeout in luid spel.\nStandaart is 3 seconden. Elke stap verhoogt/verlaagt de tijd met 1 seconden.",
    "_opt_crewDamage": "BEMANNING SCHADE",
    "_opt_crewDamage_desc": "Laat andere spelers schade zien",
    "_opt_custody": "HECHTENIS",
    "_opt_custody_desc": "Iemand is in hechtenis",
    "_opt_damageDecay": "SCHADE VERVAL",
    "_opt_damageDecay_desc": "Verval tijd",
    "_opt_defaultFont": "STANDAARD FONT",
    "_opt_defaultFont_desc": "Gebruik sans-serif font",
    "_opt_detailedModeKey": "DETAIL MODUS TOETS",
    "_opt_detailedModeKey_desc": "Toets voor detail modus.\nStandaard: ` (tilde toets)",
    "_opt_detailedModeToggle": "DETAIL MODUS SCHAAKEL",
    "_opt_detailedModeToggle_desc": "Laat detail modus knop de stand schakelen.",
    "_opt_detailedOnly": "ALLEEN GEDETAILLEERD",
    "_opt_detailedOnly_desc": "Laat hoek text niet zien waneer 'Detail' modus niet geactiveert is",
    "_opt_dominated": "GEDOMINEERD",
    "_opt_dominated_desc": "Laat zien waneer een AI zichzelf heeft gehandboeid",
    "_opt_downed": "NEERGEGAAN",
    "_opt_downed_desc": "Iemand is neergegeaan",
    "_opt_downedWarning": "NEERGEGAAN WAARSCHUWING",
    "_opt_downedWarning_desc": "Iemand is meer dan twee keer achter elkaar neergegaan",
    "_opt_drillAlmostDone": "BOOR BIJNA KLAAR",
    "_opt_drillAlmostDone_desc": "Een boor heeft minder dan 10 seconden over.\n*Vereist Float-ToonBoor optie aan",
    "_opt_drillDone": "BOOR KLAAR",
    "_opt_drillDone_desc": "Een boor is klaar.\n*Vereist Float-ToonBoren optie aan",
    "_opt_duration": "TIJDDUUR",
    "_opt_duration_desc": "Seconden. 0 betekent automatisch (volgt pantser herstel tijd)",
    "_opt_enable": "INSCHAKELEN",
    "_opt_enable_desc": "Schakel deze functie aan/uit",
    "_opt_endStat": "EINDRESULTAAT",
    "_opt_endStat_desc": "Einde spel resultaten",
    "_opt_endStatCredit": "EINDRESULTAAT",
    "_opt_endStatCredit_desc": "PocoMods groep inbegrepen na eindresultaat statistieken",
    "_opt_fallbackToMe": "VAL TERUG OP MIJ",
    "_opt_fallbackToMe_desc": "als een gebeurtenis is ingesteld om naar iedereen te verzenden maar de voorwaarde is niet vervuld laat het dan aan mijzelf zien.",
    "_opt_fasterDesyncResolve": "SNELLER DESYNCHRONISATIE OPLOSSEN",
    "_opt_fasterDesyncResolve_desc": "In-spel Speler schillen zullen ernstige desynch sneller inhalen en een meer nauwkeurige positie weergeven.",
    "_opt_float_desc": "Vliegende infobox in 3D positie",
    "_opt_frame": "KADER",
    "_opt_frame_desc": "Alternatief box kader",
    "_opt_game_desc": "Spel specifieke verbeteringen",
    "_opt_gap": "KLOOF",
    "_opt_gap_desc": "Icoon kloof",
    "_opt_gridCrimenet": "CRIMENET UITLIJNEN",
    "_opt_gridCrimenet_desc": "Richt Crimenet contracts op het net",
    "_opt_handsUp": "HANDEN OMHOOG",
    "_opt_handsUp_desc": "Laat zien waneer een AI zichzelf overgeeft",
    "_opt_healthColor": "GEZONDHEID KLEUR",
    "_opt_healthColor_desc": "Gezondheid verlies kleur, hele hoeveelheid",
    "_opt_healthColorDepleted": "GEZONDHEID VERLIES KLEUR WANEER OP",
    "_opt_healthColorDepleted_desc": "Gezondheid verlies kleur, op",
    "_opt_hideInteractionCircle": "VERBERG INTERACTIE CIRKEL",
    "_opt_hideInteractionCircle_desc": "Verberg vanilla spel z'n interactie cirkel",
    "_opt_hit_desc": "Treffer indicator die laat zien waarvan je beschoten bent",
    "_opt_hostageChanged": "GIJZELAAR VERANDERD",
    "_opt_hostageChanged_desc": "Gijzelaar aantal is veranderd",
    "_opt_includeLocation": "LOKATIE BIJVOEGEN",
    "_opt_includeLocation_desc": "Waneer lokatie data beschikbaar is, in chat bericht bijvoegen.",
    "_opt_ingameJoinRemaining": "INSPEL AANSLUITTIJD OVER",
    "_opt_ingameJoinRemaining_desc": "In-spel IEMAND IS AAN HET BETREDEN dialoog laat zien hoeveel seconden erover zijn",
    "_opt_justify": "GERECHTVAARDIGD",
    "_opt_justify_desc": "Icoon opstelling (verticaal voor Vanilla stijl)",
    "_opt_keepOnScreen": "HOU OP HET SCHERM",
    "_opt_keepOnScreen_desc": "Houdt de zwevende boxen op het scherm",
    "_opt_keepOnScreenMarginX": "HOU OP SCHERM MARGE X",
    "_opt_keepOnScreenMarginX_desc": "Marge voor Links en Rechts",
    "_opt_keepOnScreenMarginY": "HOU OP HET SCHERM MARGE Y",
    "_opt_keepOnScreenMarginY_desc": "Marge voor Boven en Onder",
    "_opt_language": "TAAL",
    "_opt_language_desc": "PocoHud3 Taal\nleest /pocp/hud3_locale{input}.json",
    "_opt_margin": "MARGE",
    "_opt_margin_desc": "Box binnenvoering",
    "_opt_maxFPS": "MAXIMALE FPS",
    "_opt_maxFPS_desc": "FPS limiet om prestatie inpact te verminderen",
    "_opt_messiah": "MESSIAS",
    "_opt_messiah_desc": "Je gebruikte een pistolen messias schot",
    "_opt_midStat": "TUSSENSTATISTIEKEN",
    "_opt_midStat_desc": "Middenspel statestieken (gelemiteerd tot Serverstuur)",
    "_opt_midstatAnnounce": "MIDDENSPEL AANKONDIGING",
    "_opt_midstatAnnounce_desc": "Kondig statestieken aan op elke zoveel X doden. Geconsidireerd als 'Middengame statestieken'",
    "_opt_minionLost": "MINION VERLOREN",
    "_opt_minionLost_desc": "Iemand verloor een minion",
    "_opt_minionShot": "MINION BESCHOTEN",
    "_opt_minionShot_desc": "Iemand raakte een minion",
    "_opt_mirrorDirection": "SPIEGEL RICHTING",
    "_opt_mirrorDirection_desc": "verhoog buff maat met de klok mee",
    "_opt_myDamage": "MIJN SCHADE",
    "_opt_myDamage_desc": "Toon locale spelers schade",
    "_opt_noSprintDelay": "GEEN SPRINT VERTRAGING",
    "_opt_noSprintDelay_desc": "Negeer na sprint delay",
    "_opt_number": "NUMMER",
    "_opt_number_desc": "Toon de exacte hoeveelheid die je verliest hebt",
    "_opt_numberDefaultFont": "NUMMER STANDAART FONT",
    "_opt_numberDefaultFont_desc": "Nummer gebruikt standaart font",
    "_opt_numberSize": "NUMMER GROOTTE",
    "_opt_numberSize_desc": "Nummer grote",
    "_opt_offset": "POSITIE\\AFSTAND",
    "_opt_offset_desc": "Verticale positie als je het ECHT wilt verplaatsen",
    "_opt_opacity": "DOORZICHTIGHEID",
    "_opt_opacity_desc": "Font doorzichtigheid",
    "_opt_playerBottom_desc": "Info text aan de bodem van de HUD",
    "_opt_playerFloat_desc": "Zwevend info paneel boven team leden hoofden",
    "_opt_pocoRoseKey": "POCO ROSE TOETS",
    "_opt_pocoRoseKey_desc": "Toets voor PocoRose.\nStandaard: B",
    "_opt_popup_desc": "Laat schade zien in 3D dimensie",
    "_opt_rememberGadgetState": "HERRINER GADGET TOESTAND",
    "_opt_rememberGadgetState_desc": "Herriner gadget(lazer, zoeklamp, schuin zicht) status tussen wapen wisselen",
    "_opt_replenished": "BIJGEVULD",
    "_opt_replenished_desc": "Iemand vulde zijn health bij (meestal door ehbo kit)",
    "_opt_resizeCrimenet": "KLEINER CRIMENET",
    "_opt_resizeCrimenet_desc": "Verander Crimenet font grootte",
    "_opt_root": "Root",
    "_opt_root_desc": "PocoHud3 Main configuratie",
    "_opt_shieldColor": "PANTSER KLEUR",
    "_opt_shieldColor_desc": "Pantser verliest kleur, volledig aantal",
    "_opt_shieldColorDepleted": "PANTSER KLEUR UITGEPUT",
    "_opt_shieldColorDepleted_desc": "Pantser verliest kleur, uitgeput",
    "_opt_showArrow": "LAAT PIJL ZIEN",
    "_opt_showArrow_desc": "Pijl wijst naar spelers positie",
    "_opt_showAverageDamage": "LAAT GEMMIDELDE SCHADE ZIEN",
    "_opt_showAverageDamage_desc": "Gemiddelde Schade per kogel",
    "_opt_showBags": "LAAT TASSEN ZIEN",
    "_opt_showBags_desc": "Toon uitgelichte tassen.\n*Vereist 'Toon doelen' aan",
    "_opt_showBerserker": "TOON BERSERKER",
    "_opt_showBerserker_desc": "Berserker indicatie",
    "_opt_showBoost": "TOON BOOST",
    "_opt_showBoost_desc": "Inspiratie duratie (ontvangend einde)",
    "_opt_showBulletstorm": "TOON KOGELSTORM",
    "_opt_showBulletstorm_desc": "Kogelstorm duratie",
    "_opt_showCarryDrop": "TOON DRAAGITEM",
    "_opt_showCarryDrop_desc": "Tas interactie cooldown",
    "_opt_showCharge": "TOON CHARGE",
    "_opt_showCharge_desc": "Melee charge indicator",
    "_opt_showClock": "LAAT KLOK ZIEN",
    "_opt_showClock_desc": "Plaats een klok na locale speler info",
    "_opt_showClockIngame": "TOON KLOK IN SPEL",
    "_opt_showClockIngame_desc": "Toon in-spel klok",
    "_opt_showClockOutgame": "TOON  KLOK UITSPEL",
    "_opt_showClockOutgame_desc": "Toon uit-spel klok",
    "_opt_showCombatMedic": "TOON GEVECHTSDOKTER",
    "_opt_showCombatMedic_desc": "Gevechtsdokter duratie",
    "_opt_showConvertedEnemy": "LAAT OVERGEHAALDE VIJAND ZIEN",
    "_opt_showConvertedEnemy_desc": "Minion gezondheid als percentage als iemand een heeft",
    "_opt_showConvertedEnemy_desc2": "Probeer ze te kleur-coden naar de meester.",
    "_opt_showDistance": "LAAT AFSTAND ZIEN",
    "_opt_showDistance_desc": "b.v.b) 25m",
    "_opt_showDowns": "TOON NEERGEGAAN",
    "_opt_showDowns_desc": "Neergegaan teller",
    "_opt_showDrills": "TOON BOREN",
    "_opt_showDrills_desc": "Toon actieve boren",
    "_opt_showECM": "TOON ECM",
    "_opt_showECM_desc": "ECM duratie",
    "_opt_showFeedback": "TOON FEEDBACK",
    "_opt_showFeedback_desc": "ECM Feedback duratie",
    "_opt_showFirstAid": "TOON EHBO KIT",
    "_opt_showFirstAid_desc": "TOON 'Snelle oplossing geAast' vaardigheid buff duratie",
    "_opt_showFPS": "TOON FPS",
    "_opt_showFPS_desc": "Toon FPS",
    "_opt_showHighlighted": "LAAT GEMARKEERDE ZIEN",
    "_opt_showHighlighted_desc": "Toon zwevende infobox tijdens markering.\nPieper antwoord tijden hangen ook van dit af",
    "_opt_showIcon": "TOON ICOON",
    "_opt_showIcon_desc": "Beruchtheid Spade icoon",
    "_opt_showInspire": "TOON INSPIREREN",
    "_opt_showInspire_desc": "Inspireer cooldown (gevend einde)",
    "_opt_showInspire_desc2": "Inspireer snelheid-boost",
    "_opt_showInteract": "TOON INTERACTIE",
    "_opt_showInteract_desc": "Schreeuw cooldown",
    "_opt_showInteraction": "TOON INTERACTIE",
    "_opt_showInteraction_desc": "Interactie timer die gebruik toets impliceert",
    "_opt_showInteractionTime": "TOON INTERACTIE TIJD",
    "_opt_showInteractionTime_desc": "Hoeveel tijd over",
    "_opt_showKill": "TOON DODEN",
    "_opt_showKill_desc": "Doden teller",
    "_opt_showMusicTitle": "TOON MUZIEK TITEL",
    "_opt_showMusicTitle_desc": "Toon de titel van de muziek wanneer het word vastgesteld ",
    "_opt_showMusicTitlePrefix": "TOON MUZIEK TITEL VOORVOEGSEL",
    "_opt_showMusicTitlePrefix_desc": "Voorvoegsel voor muziek titels",
    "_opt_showOverkill": "TOON OVERKILL",
    "_opt_showOverkill_desc": "Overkill duratie",
    "_opt_showPainkiller": "TOON PIJNSTILLER",
    "_opt_showPainkiller_desc": "Toon ontvangen pijnstiller duratie",
    "_opt_showPing": "TOON PING",
    "_opt_showPing_desc": "Latency as miliseconden",
    "_opt_showPosition": "LAAT POSITIE ZIEN",
    "_opt_showPosition_desc": "Toon speler positie.\n*BETA",
    "_opt_showRank": "LAAT RANG ZIEN",
    "_opt_showRank_desc": "b.v.b) V-100",
    "_opt_showRankInKickMenu": "TOON RANK IN KICK MENU",
    "_opt_showRankInKickMenu_desc": "In-spel Kick menu toont speler levels met hun naam",
    "_opt_showReload": "TOON HERLAAD",
    "_opt_showReload_desc": "Toon herlaad indicator",
    "_opt_showShield": "TOON PANTSER",
    "_opt_showShield_desc": "Pantser herstel cooldwon",
    "_opt_showSpecial": "TOON SPECIAAL",
    "_opt_showSpecial_desc": "Speciale kill teller",
    "_opt_showStamina": "TOON UITHOUDINGSVERMOGEN",
    "_opt_showStamina_desc": "Uithoudingsvermogen indicator",
    "_opt_showSuppressed": "TOON ONDERDRUKT",
    "_opt_showSuppressed_desc": "Onderdruktheid die pantser hersteltijd voorkomt en kogel afwijkingen verhoogt.\n(kogel afwaijkingen niet in effect)",
    "_opt_showSwanSong": "TOON ZWANENLIED",
    "_opt_showSwanSong_desc": "Toon zwanenlied duratie",
    "_opt_showTapeLoop": "TOON CAMERA LOOP",
    "_opt_showTapeLoop_desc": "CAMERALOOP DURATIE",
    "_opt_showTargets": "TOON DOELEN",
    "_opt_showTargets_desc": "Laat aangegeven NPCs zien",
    "_opt_showTransition": "TOON TRANSITIE",
    "_opt_showTransition_desc": "Transities zoals wapen wisselen, melee cooldown",
    "_opt_showTriggerHappy": "TOON SCHIETGRAAG",
    "_opt_showTriggerHappy_desc": "TOON 'Schietgraag' vaardigheid duratie",
    "_opt_showUnderdog": "TOON ONDERDRUKKER",
    "_opt_showUnderdog_desc": "Onderdrukker duratie",
    "_opt_shuffleMusic": "SCHUIFEL MUZIEK",
    "_opt_shuffleMusic_desc": "Shuifel spel muziek tussen elke Aanval",
    "_opt_silentKitShortcut": "STILLE UITRUSTING SNELKOPPELING",
    "_opt_silentKitShortcut_desc": "Negeert Uitrusting Profiel snelkoppeling success bericht",
    "_opt_simpleBusyIndicator": "SIMPELE BEZIGHEID INDICATIE",
    "_opt_simpleBusyIndicator_desc": "Vervang 'busy' iconen met simpele rode circle op de crosshair\nZo als: Herladen, Wapen wisselen, Melee",
    "_opt_simpleBusySize": "SIMPELE BEZIGHEID GROOTTE",
    "_opt_simpleBusySize_desc": "Verander de grootte van SimpeleBezigheid indicator als SimpeleBezigheid word gebruikt",
    "_opt_size": "GROOTTE",
    "_opt_size_desc": "Font groote",
    "_opt_sizeEnd": "EIND GROOTTE",
    "_opt_sizeEnd_desc": "Grootte op het eind",
    "_opt_sizeStart": "BEGIN GROOTTE",
    "_opt_sizeStart_desc": "Grootte op het begin",
    "_opt_sortCrimenet": "SORTEER CRIMENET",
    "_opt_sortCrimenet_desc": "Sorteer Crimenet contracten door moeilijkheidsgraad\nAantekening: vereist net crimenet te werken zoals verwacht",
    "_opt_style": "STIJL",
    "_opt_style_desc": "Buff icoon stijl",
    "_opt_subtitleFontColor": "ONDERTITELS FONT KLEUR",
    "_opt_subtitleFontColor_desc": "Ondertitels font kleur",
    "_opt_subtitleFontSize": "ONDERTITELS FONT GROOTTE",
    "_opt_subtitleFontSize_desc": "Ondertitels font grote",
    "_opt_subtitleOpacity": "ONDERTITELS DOORZICHTIGHEID",
    "_opt_subtitleOpacity_desc": "Ondertitels doorzichtigheid",
    "_opt_truncateNames": "KAP NAMEN AF",
    "_opt_truncateNames_desc": "Speler namen afkappen door lengte, waneer nodig",
    "_opt_truncateTags": "KAP LABELS AF",
    "_opt_truncateTags_desc_1": "Speler labels met vierkante beugels afkappen.\nb.v.b)",
    "_opt_underneath": "ERONDER",
    "_opt_underneath_desc": "Plaats spelerbodem infobox aan de onderkant van get scherm",
    "_opt_uppercaseNames": "NAMEN IN GROTE LETTERS",
    "_opt_uppercaseNames_desc": "Naam als hoofdletters",
    "_opt_xPosition": "X POSITIE",
    "_opt_xPosition_desc": "Oorsprong punt X (% links van het scherm)",
    "_opt_yPosition": "Y POSITIE",
    "_opt_yPosition_desc": "Oorsprong punt Y (% boven van het scherm)",
    "_rose_almost": "Bijna daar",
    "_rose_alright": "Oke",
    "_rose_ammo": "Heb ammunitie nodig",
    "_rose_anysecond": "ELKE seconde",
    "_rose_cable": "gebruik kabelbinders",
    "_rose_cams": "schiet de cameras",
    "_rose_cantstay": "can niet hier blijven",
    "_rose_careful": "Voorzichtig",
    "_rose_defended": "blijf verdedigen",
    "_rose_down": "Hier beneden",
    "_rose_downstairs": "de trap af",
    "_rose_drill": "Ik heb de boor",
    "_rose_fewminutes": "nog een paar minuten",
    "_rose_fuck": "oh fuck",
    "_rose_getout": "Eruit",
    "_rose_halfway": "halverwege klaar",
    "_rose_hurry": "Snel",
    "_rose_inside": "Naar binnen",
    "_rose_left": "Links",
    "_rose_letsgo": "Laten we gaan",
    "_rose_medbag": "Heb een dokterstas nodig",
    "_rose_overrun": "we zijn omsingeld",
    "_rose_right": "Rechts",
    "_rose_shit": "shit",
    "_rose_shoot": "schiet op ze",
    "_rose_straight": "Recht vooruit",
    "_rose_thanks": "Dankjewel",
    "_rose_thisway": "deze kant op",
    "_rose_timetogo": "Tijd om te gaan",
    "_rose_upstairs": "de trap op",
    "_rose_whistle": "Fluiten",
    "_rose_wrong": "Verkeerde richting",
    "_stat_crewKills": "[1]Team:[2]",
    "_tab_about": "Over",
    "_tab_buff": "Buff",
    "_tab_chat": "Chat",
    "_tab_corner": "Hoek Text",
    "_tab_float": "Zwevende Labels",
    "_tab_game": "Spel mechanisme",
    "_tab_heistStatus": "Heist Status",
    "_tab_hit": "Treffer indicator",
    "_tab_Inspect": "Inspecteer spelers",
    "_tab_juke_anticipation": "VERWACHTING",
    "_tab_juke_assault": "AANVAL",
    "_tab_juke_control": "CONTROLE",
    "_tab_juke_heist": "Heist tracks",
    "_tab_juke_menu": "Menu tracks",
    "_tab_juke_shuffle_tip": "*Je kan Automatische schuifelaar gebruiken via [Opties]-[PocoHud3]-[Schuifel Muziek]",
    "_tab_juke_stealth": "SLUIPEND",
    "_tab_juke_stop": "STOP",
    "_tab_jukebox": "Jukebox",
    "_tab_karma": "Karma Lijst",
    "_tab_kitProfiler": "Uitrusting Profieler",
    "_tab_options": "Opties",
    "_tab_playerBottom": "Bodem Infobox",
    "_tab_playerFloat": "Bovenhoofdse infobox",
    "_tab_popup": "Popup Labels",
    "_tab_root": "PocoHud3",
    "_tab_stat_day": "(DAG)",
    "_tab_stat_night": "(NACHT)",
    "_tab_stat_perday": "Per Dag",
    "_tab_stat_perheist": "Per Heist",
    "_tab_statistics": "Statistieken",
    "_tab_tools": "Gereedschap",
    "_tab_upgradeSkills": "Verbeter Vaardigheden",
    "_upgr_crewBonusFrom": "Crew bonus van [1]",
    "_vanity_align": "Geen,Start,Midden,Einde",
    "_vanity_auto": "Automatisch",
    "_vanity_cantedsight": "Niet beschikbaar,uit,subtiel,Duidelijk,Maximaal",
    "_vanity_chatsend": "Niemand,Alleen ik,Iedereen-Host,Iedereen-Em,Iedereen-Alleen,Iedereen-Altijd",
    "_vanity_corpse": "Niet beschikbaar,Minimum,Minder,Standaard,Meer,Veel,\nAanzienlijk,massief,Mammoet,\nkolossaal,Belachelijk",
    "_vanity_desyncresolve": "Niet beschikbaar,Uit,Sneller,Agressief",
    "_vanity_midstat": "Nooit,50,100",
    "_vanity_resizeCrimenet": "60%,70%,80%,90%,100%",
    "_vanity_style": "Niet beschikbaar,PocoHud,Vanilla,Gloei",
    "_vanity_truncatenames": "Niet beschikbaar,Uit,3,6,9,12,15,18,21",
    "_vanity_verbose": "Nooit,Aleen gedetailleerd,Altijd",
    "_word_a": "Een",
    "_word_ago": "geleden",
    "_word_an": "Een",
    "_word_broker": "Makelaar",
    "_word_completed": "Voltooid",
    "_word_day": "Dag",
    "_word_days": "dagen",
    "_word_heat": "Hitte",
    "_word_heist": "Heist",
    "_word_hr": "Uur",
    "_word_hrs": "Uren",
    "_word_job": "Baan",
    "_word_level": "Niveau",
    "_word_na": "Niet beschikbaar",
    "_word_no": "Nee",
    "_word_not_completed": "Niet voltooid",
    "_word_save": "OPSLAAN",
    "_word_started": "Gestart",
    "_word_sync": "Synchroniseer",
    "_word_synced": "Gesynchroniseerd",
    "_word_time": "Tijd",
    "_word_uid": "Gebruikers ID",
    "_word_unknown": "Onbekend",
    "_word_yes": "Ja"
}