{
	"menu_id" : "mui_hint_options",
	"parent_menu_id" : "mui_options",
	"position" : "section_2",
	"subposition" : "after",
	"focus_changed_callback" : "mui_options_focus",
	"focus_class" : "MUIHint",
	"back_callback" : "mui_save_options",
	"area_bg" : "half",
	"items" : [
		{
			"type" : "toggle",
			"id" : "mui_hint_visible",
			"title" : "mui_visible_title",
			"callback" : "mui_toggle_callback",
			"default_value" : true
		},
		{
			"type" : "slider",
			"id" : "mui_hint_size",
			"description" : "mui_size_desc",
			"title" : "mui_size_title",
			"callback" : "mui_floored_callback",
			"default_value" : 20,
			"max" : 1200,
			"min" : 2,
			"step" : 1
		},
		{
			"type" : "slider",
			"id" : "mui_hint_alpha",
			"title" : "mui_alpha_title",
			"description" : "mui_alpha_desc",
			"callback" : "mui_floored_callback",
			"default_value" : 100,
			"max" : 100,
			"min" : 0,
			"step" : 1
		},
		{
			"type" : "slider",
			"id" : "mui_hint_aspd",
			"title" : "mui_aspd_title",
			"description" : "mui_aspd_desc",
			"callback" : "mui_floored_callback",
			"default_value" : 2000,
			"max" : 5000,
			"min" : 1000,
			"step" : 100
		},
		{
			"type" : "toggle",
			"id" : "mui_hint_simple",
			"title" : "mui_pst_simple_title",
			"description" : "mui_pst_simple_desc",
			"callback" : "mui_toggle_callback",
			"default_value" : false
		},
		{
			"type" : "toggle",
			"id" : "mui_hint_sound",
			"title" : "mui_sound_title",
			"description" : "mui_sound_desc",
			"callback" : "mui_toggle_callback",
			"default_value" : false
		},
		{
			"type" : "divider",
			"size" : "10"
		},
		{
			"type" : "slider",
			"id" : "mui_hint_h_marg",
			"title" : "mui_margin_h_title",
			"description" : "mui_margin_h_desc",
			"callback" : "mui_floored_callback",
			"default_value" : 60,
			"max" : 2400,
			"min" : 0,
			"step" : 1
		},
		{
			"type" : "slider",
			"id" : "mui_hint_v_marg",
			"title" : "mui_margin_v_title",
			"description" : "mui_margin_v_desc",
			"callback" : "mui_floored_callback",
			"default_value" : 60,
			"max" : 2400,
			"min" : 0,
			"step" : 1
		},
		{
			"type" : "multiple_choice",
			"id" : "mui_hint_h_pos",
			"title" : "mui_position_h_title",
			"description" : "mui_position_h_desc",
			"callback" : "mui_floored_callback",
			"items" : [
				"mui_position_left",
				"mui_position_center",
				"mui_position_right"
			],
			"default_value" : 2
		},
		{
			"type" : "multiple_choice",
			"id" : "mui_hint_v_pos",
			"title" : "mui_position_v_title",
			"description" : "mui_position_v_desc",
			"callback" : "mui_floored_callback",
			"items" : [
				"mui_position_top",
				"mui_position_center",
				"mui_position_bottom"
			],
			"default_value" : 1
		},
		{
			"type" : "divider",
			"size" : "10"
		},
		{
			"type" : "button",
			"id" : "mui_reset",
			"callback" : "mui_reset_callback"
		}
	]

}
