{
	"menu_id" : "mui_custody_options",
	"parent_menu_id" : "mui_options",
	"position" : "section_2",
	"subposition" : "after",
	"focus_changed_callback" : "mui_options_focus",
	"focus_class" : "MUICustody",
	"back_callback" : "mui_save_options",
	"area_bg" : "half",
	"items" : [
		{
			"type" : "slider",
			"id" : "mui_custody_size",
			"description" : "mui_size_desc",
			"title" : "mui_size_title",
			"callback" : "mui_floored_callback",
			"default_value" : 60,
			"max" : 1200,
			"min" : 20,
			"step" : 1
		},
		{
			"type" : "slider",
			"id" : "mui_custody_alpha",
			"title" : "mui_alpha_title",
			"description" : "mui_alpha_desc",
			"callback" : "mui_floored_callback",
			"default_value" : 100,
			"max" : 100,
			"min" : 0,
			"step" : 1
		},
		{
			"type" : "divider",
			"size" : "10"
		},
		{
			"type" : "slider",
			"id" : "mui_custody_h_marg",
			"title" : "mui_margin_h_title",
			"description" : "mui_margin_h_desc",
			"callback" : "mui_floored_callback",
			"default_value" : 60,
			"max" : 2400,
			"min" : 0,
			"step" : 1
		},
		{
			"type" : "slider",
			"id" : "mui_custody_v_marg",
			"title" : "mui_margin_v_title",
			"description" : "mui_margin_v_desc",
			"callback" : "mui_floored_callback",
			"default_value" : 60,
			"max" : 2400,
			"min" : 0,
			"step" : 1
		},
		{
			"type" : "multiple_choice",
			"id" : "mui_custody_h_pos",
			"title" : "mui_position_h_title",
			"description" : "mui_position_h_desc",
			"callback" : "mui_floored_callback",
			"items" : [
				"mui_position_left",
				"mui_position_center",
				"mui_position_right"
			],
			"default_value" : 3
		},
		{
			"type" : "multiple_choice",
			"id" : "mui_custody_v_pos",
			"title" : "mui_position_v_title",
			"description" : "mui_position_v_desc",
			"callback" : "mui_floored_callback",
			"items" : [
				"mui_position_top",
				"mui_position_center",
				"mui_position_bottom"
			],
			"default_value" : 2
		},
		{
			"type" : "divider",
			"size" : "10"
		},
		{
			"type" : "button",
			"id" : "mui_reset",
			"callback" : "mui_reset_callback"
		}
	]

}
