{
	"menu_id" : "mui_waypoint_options",
	"parent_menu_id" : "mui_options",
	"position" : "section_2",
	"subposition" : "after",
	"focus_changed_callback" : "mui_options_focus",
	"focus_class" : "MUIWaypoint",
	"back_callback" : "mui_save_options",
	"area_bg" : "half",
	"items" : [
		{
			"type" : "slider",
			"id" : "mui_wp_size",
			"title" : "mui_size_title",
			"description" : "mui_size_desc",
			"callback" : "mui_floored_callback",
			"default_value" : 20,
			"max" : 120,
			"min" : 4,
			"step" : 1
		},
		{
			"type" : "slider",
			"id" : "mui_wp_alpha",
			"title" : "mui_alpha_title",
			"description" : "mui_alpha_desc",
			"callback" : "mui_floored_callback",
			"default_value" : 75,
			"max" : 100,
			"min" : 0,
			"step" : 1
		},
		{
			"type" : "toggle",
			"id" : "mui_wp_arrow",
			"callback" : "mui_toggle_callback",
			"default_value" : true
		},
		{
			"type" : "toggle",
			"id" : "mui_wp_distance",
			"callback" : "mui_toggle_callback",
			"default_value" : true
		},
		{
			"type" : "divider",
			"size" : "10"
		},
		{
			"type" : "multiple_choice",
			"id" : "mui_wp_distant_act",
			"callback" : "mui_floored_callback",
			"items" : [
				"mui_disabled_title",
				"mui_fade_in",
				"mui_fade_out"
			],
			"default_value" : 1
		},
		{
			"type" : "slider",
			"id" : "mui_wp_distant_rng",
			"callback" : "mui_floored_callback",
			"default_value" : 50,
			"max" : 500,
			"min" : 0,
			"step" : 1
		},
		{
			"type" : "divider",
			"size" : "10"
		},
		{
			"type" : "button",
			"id" : "mui_reset",
			"callback" : "mui_reset_callback"
		}
	]

}